0.000040
0.000080
0.000120
0.000160
0.000160
0.000200
0.000240
0.000280
0.000320
0.000320
0.000320
0.000360
0.000400
0.000400
0.000400
0.000440
0.000480
0.000520
0.000560
0.000560
0.000600
0.000640
0.000680
0.000720
0.000760
0.000800
0.000840
0.000880
0.000880
0.000920
0.000960
0.001000
0.001000
0.001040
0.001080
0.001120
0.001120
0.001160
0.001160
0.001200
0.001200
0.001240
0.001280
0.001320
0.001360
0.001400
0.001440
0.001480
0.001520
0.001560
0.001600
0.001640
0.001680
0.001680
0.001720
0.001760
0.001800
0.001840
0.001880
0.001920
0.001920
0.001960
0.002000
0.002000
0.002040
0.002080
0.002120
0.002160
0.002160
0.002200
0.002240
0.002240
0.002280
0.002320
0.002360
0.002400
0.002440
0.002480
0.002520
0.002560
0.002600
0.002640
0.002680
0.002720
0.002760
0.002800
0.002840
0.002880
0.002920
0.002960
0.002960
0.003000
0.003040
0.003080
0.003120
0.003160
0.003160
0.003160
0.003200
0.003240
0.003280
0.003320
0.003360
0.003400
0.003400
0.003440
0.003480
0.003520
0.003560
0.003600
0.003640
0.003680
0.003720
0.003760
0.003800
0.003840
0.003840
0.003880
0.003920
0.003960
0.003960
0.003960
0.004000
0.004040
0.004080
0.004120
0.004160
0.004200
0.004240
0.004280
0.004320
0.004360
0.004360
0.004400
0.004440
0.004480
0.004480
0.004520
0.004560
0.004600
0.004600
0.004640
0.004640
0.004680
0.004680
0.004720
0.004760
0.004800
0.004840
0.004880
0.004920
0.004960
0.004960
0.005000
0.005040
0.005080
0.005120
0.005160
0.005200
0.005200
0.005240
0.005240
0.005280
0.005320
0.005360
0.005400
0.005440
0.005440
0.005480
0.005520
0.005520
0.005520
0.005560
0.005600
0.005600
0.005640
0.005680
0.005720
0.005760
0.005800
0.005840
0.005880
0.005920
0.005960
0.006000
0.006000
0.006040
0.006080
0.006120
0.006160
0.006200
0.006240
0.006280
0.006320
0.006360
0.006400
0.006440
0.006480
0.006480
0.006520
0.006560
0.006600
0.006640
0.006680
0.006720
0.006760
0.006800
0.006840
0.006880
0.006920
0.006960
0.007000
0.007040
0.007040
0.007080
0.007120
0.007160
0.007200
0.007200
0.007200
0.007240
0.007280
0.007320
0.007320
0.007320
0.007360
0.007400
0.007400
0.007400
0.007440
0.007440
0.007480
0.007520
0.007560
0.007600
0.007640
0.007680
0.007720
0.007760
0.007800
0.007840
0.007880
0.007880
0.007920
0.007920
0.007960
0.008000
0.008000
0.008040
0.008080
0.008120
0.008160
0.008200
0.008200
0.008240
0.008280
0.008320
0.008360
0.008360
0.008360
0.008400
0.008440
0.008480
0.008520
0.008560
0.008600
0.008640
0.008680
0.008720
0.008760
0.008760
0.008760
0.008800
0.008800
0.008800
0.008840
0.008840
0.008880
0.008880
0.008880
0.008920
0.008960
0.008960
0.009000
0.009000
0.009040
0.009040
0.009080
0.009120
0.009160
0.009200
0.009240
0.009240
0.009280
0.009280
0.009320
0.009360
0.009400
0.009440
0.009480
0.009480
0.009520
0.009560
0.009600
0.009640
0.009680
0.009720
0.009760
0.009800
0.009840
0.009880
0.009920
0.009920
0.009960
0.010000
0.010040
0.010040
0.010080
0.010080
0.010120
0.010160
0.010160
0.010200
0.010200
0.010240
0.010280
0.010280
0.010320
0.010320
0.010360
0.010400
0.010440
0.010480
0.010480
0.010520
0.010560
0.010600
0.010640
0.010680
0.010720
0.010720
0.010760
0.010800
0.010800
0.010840
0.010880
0.010920
0.010960
0.011000
0.011000
0.011000
0.011000
0.011040
0.011080
0.011120
0.011160
0.011200
0.011240
0.011280
0.011320
0.011360
0.011360
0.011400
0.011400
0.011400
0.011440
0.011480
0.011520
0.011560
0.011560
0.011600
0.011640
0.011680
0.011680
0.011720
0.011720
0.011760
0.011800
0.011840
0.011840
0.011880
0.011880
0.011920
0.011960
0.012000
0.012040
0.012080
0.012120
0.012160
0.012200
0.012240
0.012280
0.012320
0.012360
0.012400
0.012400
0.012440
0.012480
0.012520
0.012560
0.012600
0.012640
0.012680
0.012720
0.012720
0.012720
0.012760
0.012800
0.012840
0.012880
0.012920
0.012960
0.013000
0.013040
0.013080
0.013120
0.013160
0.013200
0.013240
0.013280
0.013320
0.013320
0.013360
0.013400
0.013440
0.013480
0.013520
0.013520
0.013560
0.013600
0.013640
0.013680
0.013720
0.013720
0.013760
0.013800
0.013840
0.013880
0.013920
0.013960
0.014000
0.014040
0.014080
0.014120
0.014160
0.014200
0.014240
0.014280
0.014320
0.014320
0.014360
0.014400
0.014440
0.014480
0.014520
0.014520
0.014560
0.014600
0.014640
0.014640
0.014680
0.014720
0.014760
0.014800
0.014840
0.014880
0.014920
0.014960
0.015000
0.015040
0.015080
0.015120
0.015160
0.015200
0.015240
0.015280
0.015320
0.015360
0.015400
0.015440
0.015480
0.015480
0.015520
0.015560
0.015600
0.015640
0.015680
0.015720
0.015720
0.015760
0.015800
0.015840
0.015880
0.015920
0.015960
0.016000
0.016040
0.016080
0.016120
0.016160
0.016200
0.016200
0.016240
0.016280
0.016320
0.016360
0.016360
0.016400
0.016400
0.016440
0.016480
0.016520
0.016560
0.016600
0.016640
0.016680
0.016720
0.016760
0.016800
0.016840
0.016880
0.016880
0.016920
0.016920
0.016960
0.017000
0.017040
0.017080
0.017120
0.017160
0.017200
0.017200
0.017240
0.017280
0.017320
0.017360
0.017400
0.017440
0.017480
0.017520
0.017560
0.017600
0.017640
0.017680
0.017720
0.017720
0.017760
0.017800
0.017800
0.017840
0.017880
0.017920
0.017960
0.018000
0.018040
0.018080
0.018120
0.018160
0.018200
0.018200
0.018240
0.018280
0.018280
0.018320
0.018360
0.018400
0.018440
0.018480
0.018520
0.018560
0.018600
0.018640
0.018680
0.018720
0.018760
0.018760
0.018800
0.018840
0.018880
0.018880
0.018920
0.018960
0.019000
0.019040
0.019080
0.019080
0.019120
0.019160
0.019200
0.019240
0.019240
0.019240
0.019280
0.019320
0.019360
0.019400
0.019440
0.019480
0.019520
0.019560
0.019600
0.019640
0.019640
0.019640
0.019680
0.019720
0.019760
0.019800
0.019840
0.019880
0.019920
0.019960
0.020000
0.020000
0.020040
0.020080
0.020120
0.020160
0.020200
0.020240
0.020280
0.020280
0.020280
0.020320
0.020360
0.020400
0.020440
0.020440
0.020440
0.020480
0.020520
0.020520
0.020560
0.020600
0.020640
0.020680
0.020680
0.020680
0.020720
0.020760
0.020800
0.020840
0.020880
0.020920
0.020960
0.021000
0.021040
0.021080
0.021120
0.021160
0.021200
0.021240
0.021280
0.021320
0.021360
0.021400
0.021440
0.021480
0.021480
0.021480
0.021520
0.021560
0.021560
0.021600
0.021600
0.021640
0.021680
0.021720
0.021760
0.021760
0.021800
0.021840
0.021840
0.021840
0.021880
0.021920
0.021920
0.021960
0.021960
0.022000
0.022040
0.022080
0.022080
0.022120
0.022160
0.022200
0.022240
0.022240
0.022280
0.022320
0.022360
0.022400
0.022440
0.022480
0.022480
0.022480
0.022480
0.022520
0.022520
0.022560
0.022600
0.022640
0.022640
0.022680
0.022720
0.022760
0.022800
0.022840
0.022840
0.022880
0.022920
0.022960
0.023000
0.023040
0.023080
0.023080
0.023120
0.023160
0.023160
0.023160
0.023200
0.023240
0.023280
0.023320
0.023320
0.023360
0.023400
0.023440
0.023480
0.023520
0.023520
0.023520
0.023560
0.023560
0.023560
0.023600
0.023640
0.023680
0.023720
0.023760
0.023800
0.023840
0.023880
0.023920
0.023960
0.024000
0.024040
0.024040
0.024040
0.024080
0.024120
0.024160
0.024200
0.024240
0.024280
0.024280
0.024280
0.024280
0.024320
0.024360
0.024400
0.024400
0.024440
0.024480
0.024520
0.024520
0.024560
0.024560
0.024600
0.024640
0.024680
0.024720
0.024760
0.024800
0.024840
0.024880
0.024920
0.024960
0.025000
0.025000
0.025040
0.025080
0.025120
0.025160
0.025200
0.025240
0.025280
0.025280
0.025280
0.025320
0.025360
0.025400
0.025440
0.025480
0.025520
0.025520
0.025520
0.025560
0.025600
0.025640
0.025640
0.025680
0.025720
0.025760
0.025800
0.025840
0.025840
0.025880
0.025920
0.025960
0.025960
0.026000
0.026040
0.026080
0.026120
0.026160
0.026200
0.026240
0.026280
0.026320
0.026360
0.026400
0.026400
0.026440
0.026480
0.026480
0.026520
0.026560
0.026600
0.026640
0.026640
0.026680
0.026720
0.026760
0.026760
0.026800
0.026840
0.026880
0.026920
0.026960
0.027000
0.027040
0.027080
0.027120
0.027160
0.027200
0.027240
0.027240
0.027280
0.027320
0.027360
0.027400
0.027440
0.027480
0.027520
0.027520
0.027520
0.027560
0.027560
0.027560
0.027560
0.027600
0.027600
0.027640
0.027680
0.027720
0.027720
0.027760
0.027800
0.027840
0.027840
0.027840
0.027880
0.027920
0.027960
0.028000
0.028040
0.028080
0.028120
0.028160
0.028200
0.028240
0.028280
0.028280
0.028320
0.028320
0.028320
0.028320
0.028360
0.028360
0.028400
0.028440
0.028480
0.028520
0.028560
0.028600
0.028640
0.028640
0.028680
0.028680
0.028720
0.028760
0.028800
0.028840
0.028840
0.028880
0.028920
0.028960
0.029000
0.029040
0.029080
0.029120
0.029120
0.029160
0.029200
0.029240
0.029240
0.029280
0.029320
0.029360
0.029400
0.029440
0.029440
0.029440
0.029440
0.029480
0.029520
0.029560
0.029600
0.029600
0.029640
0.029680
0.029720
0.029760
0.029800
0.029800
0.029840
0.029880
0.029920
0.029960
0.030000
0.030040
0.030080
0.030080
0.030120
0.030160
0.030200
0.030240
0.030280
0.030320
0.030360
0.030360
0.030360
0.030400
0.030440
0.030440
0.030480
0.030520
0.030520
0.030560
0.030600
0.030640
0.030680
0.030720
0.030760
0.030800
0.030840
0.030880
0.030920
0.030960
0.031000
0.031040
0.031080
0.031120
0.031160
0.031200
0.031240
0.031280
0.031320
0.031360
0.031360
0.031360
0.031360
0.031360
0.031400
0.031440
0.031480
0.031520
0.031560
0.031600
0.031600
0.031600
0.031600
0.031640
0.031640
0.031680
0.031720
0.031760
0.031760
0.031800
0.031840
0.031880
0.031880
0.031920
0.031960
0.032000
0.032040
0.032080
0.032120
0.032160
0.032160
0.032200
0.032240
0.032240
0.032280
0.032320
0.032320
0.032320
0.032360
0.032400
0.032440
0.032480
0.032520
0.032560
0.032560
0.032560
0.032600
0.032640
0.032680
0.032720
0.032760
0.032760
0.032760
0.032760
0.032800
0.032840
0.032880
0.032920
0.032960
0.033000
0.033040
0.033040
0.033040
0.033040
0.033080
0.033120
0.033160
0.033200
0.033200
0.033240
0.033280
0.033320
0.033360
0.033360
0.033400
0.033440
0.033440
0.033480
0.033520
0.033560
0.033600
0.033600
0.033640
0.033640
0.033680
0.033720
0.033760
0.033800
0.033840
0.033880
0.033920
0.033960
0.033960
0.034000
0.034000
0.034040
0.034080
0.034120
0.034160
0.034160
0.034200
0.034240
0.034280
0.034320
0.034360
0.034400
0.034440
0.034480
0.034520
0.034520
0.034520
0.034560
0.034560
0.034600
0.034640
0.034640
0.034680
0.034720
0.034760
0.034800
0.034800
0.034840
0.034880
0.034880
0.034920
0.034960
0.035000
0.035040
0.035080
0.035080
0.035120
0.035160
0.035160
0.035200
0.035200
0.035240
0.035280
0.035320
0.035320
0.035360
0.035400
0.035440
0.035480
0.035520
0.035560
0.035560
0.035600
0.035600
0.035640
0.035680
0.035720
0.035760
0.035760
0.035800
0.035840
0.035880
0.035920
0.035960
0.036000
0.036040
0.036080
0.036120
0.036160
0.036160
0.036200
0.036240
0.036280
0.036320
0.036320
0.036360
0.036400
0.036440
0.036480
0.036480
0.036480
0.036520
0.036560
0.036600
0.036640
0.036680
0.036720
0.036760
0.036800
0.036840
0.036840
0.036880
0.036920
0.036960
0.037000
0.037000
0.037040
0.037080
0.037120
0.037160
0.037200
0.037240
0.037280
0.037320
0.037360
0.037400
0.037440
0.037480
0.037520
0.037520
0.037560
0.037600
0.037600
0.037640
0.037680
0.037720
0.037760
0.037800
0.037840
0.037840
0.037880
0.037880
0.037920
0.037960
0.037960
0.037960
0.038000
0.038000
0.038000
0.038040
0.038080
0.038120
0.038120
0.038160
0.038200
0.038240
0.038280
0.038320
0.038360
0.038400
0.038440
0.038480
0.038520
0.038520
0.038560
0.038600
0.038640
0.038680
0.038720
0.038760
0.038800
0.038840
0.038880
0.038880
0.038920
0.038960
0.038960
0.039000
0.039000
0.039040
0.039080
0.039120
0.039160
0.039200
0.039240
0.039240
0.039240
0.039280
0.039320
0.039360
0.039400
0.039440
0.039480
0.039520
0.039560
0.039560
0.039600
0.039640
0.039680
0.039720
0.039760
0.039800
0.039800
0.039840
0.039880
0.039880
0.039920
0.039960
0.040000
0.040040
0.040080
0.040120
0.040120
0.040160
0.040200
0.040240
0.040280
0.040320
0.040360
0.040360
0.040400
0.040440
0.040440
0.040480
0.040520
0.040560
0.040600
0.040600
0.040640
0.040680
0.040720
0.040760
0.040800
0.040840
0.040880
0.040880
0.040920
0.040960
0.041000
0.041000
0.041000
0.041040
0.041080
0.041120
0.041160
0.041160
0.041200
0.041240
0.041280
0.041320
0.041320
0.041360
0.041400
0.041440
0.041480
0.041520
0.041560
0.041600
0.041640
0.041680
0.041720
0.041760
0.041760
0.041800
0.041800
0.041840
0.041880
0.041920
0.041920
0.041960
0.042000
0.042040
0.042080
0.042080
0.042120
0.042160
0.042200
0.042200
0.042240
0.042280
0.042320
0.042360
0.042400
0.042440
0.042480
0.042520
0.042520
0.042560
0.042560
0.042600
0.042640
0.042680
0.042680
0.042720
0.042760
0.042760
0.042800
0.042840
0.042880
0.042920
0.042960
0.042960
0.042960
0.042960
0.043000
0.043040
0.043080
0.043120
0.043160
0.043200
0.043240
0.043280
0.043320
0.043320
0.043320
0.043360
0.043400
0.043440
0.043480
0.043520
0.043560
0.043600
0.043640
0.043680
0.043720
0.043760
0.043800
0.043840
0.043880
0.043920
0.043960
0.043960
0.044000
0.044040
0.044040
0.044080
0.044120
0.044160
0.044200
0.044240
0.044240
0.044280
0.044320
0.044320
0.044360
0.044400
0.044440
0.044440
0.044480
0.044520
0.044560
0.044600
0.044600
0.044640
0.044680
0.044720
0.044760
0.044800
0.044840
0.044880
0.044920
0.044920
0.044960
0.045000
0.045000
0.045040
0.045080
0.045080
0.045120
0.045160
0.045160
0.045160
0.045200
0.045200
0.045240
0.045280
0.045280
0.045320
0.045360
0.045400
0.045440
0.045480
0.045520
0.045560
0.045600
0.045640
0.045680
0.045680
0.045680
0.045720
0.045760
0.045800
0.045840
0.045880
0.045920
0.045960
0.046000
0.046040
0.046080
0.046080
0.046120
0.046160
0.046200
0.046240
0.046280
0.046320
0.046360
0.046400
0.046400
0.046440
0.046440
0.046480
0.046520
0.046560
0.046600
0.046640
0.046680
0.046680
0.046720
0.046760
0.046800
0.046840
0.046840
0.046880
0.046920
0.046960
0.047000
0.047040
0.047080
0.047120
0.047160
0.047200
0.047240
0.047280
0.047320
0.047360
0.047360
0.047400
0.047440
0.047480
0.047520
0.047520
0.047560
0.047560
0.047600
0.047600
0.047640
0.047680
0.047720
0.047720
0.047760
0.047800
0.047800
0.047840
0.047840
0.047880
0.047920
0.047960
0.048000
0.048040
0.048080
0.048120
0.048160
0.048200
0.048200
0.048200
0.048240
0.048240
0.048280
0.048320
0.048360
0.048400
0.048440
0.048480
0.048520
0.048560
0.048600
0.048640
0.048680
0.048720
0.048760
0.048800
0.048840
0.048880
0.048920
0.048960
0.049000
0.049040
0.049040
0.049040
0.049080
0.049120
0.049160
0.049200
0.049240
0.049240
0.049280
0.049320
0.049360
0.049400
0.049440
0.049440
0.049480
0.049520
0.049560
0.049560
0.049600
0.049600
0.049600
0.049640
0.049680
0.049720
0.049760
0.049800
0.049840
0.049880
0.049920
0.049960
0.050000
0.050000
0.050040
0.050080
0.050120
0.050160
0.050200
0.050240
0.050280
0.050320
0.050360
0.050360
0.050400
0.050400
0.050400
0.050440
0.050480
0.050520
0.050560
0.050600
0.050640
0.050680
0.050720
0.050760
0.050800
0.050800
0.050840
0.050880
0.050920
0.050920
0.050960
0.051000
0.051000
0.051000
0.051040
0.051080
0.051120
0.051120
0.051160
0.051200
0.051240
0.051240
0.051280
0.051280
0.051280
0.051320
0.051320
0.051360
0.051360
0.051400
0.051400
0.051440
0.051480
0.051520
0.051560
0.051600
0.051640
0.051680
0.051720
0.051760
0.051760
0.051800
0.051840
0.051880
0.051880
0.051880
0.051880
0.051920
0.051960
0.052000
0.052000
0.052000
0.052040
0.052040
0.052080
0.052120
0.052160
0.052160
0.052200
0.052240
0.052280
0.052320
0.052360
0.052360
0.052400
0.052400
0.052400
0.052400
0.052440
0.052480
0.052520
0.052560
0.052600
0.052640
0.052680
0.052720
0.052760
0.052800
0.052840
0.052880
0.052920
0.052920
0.052960
0.053000
0.053040
0.053080
0.053080
0.053080
0.053080
0.053120
0.053160
0.053200
0.053240
0.053280
0.053320
0.053360
0.053360
0.053400
0.053400
0.053400
0.053440
0.053440
0.053480
0.053520
0.053560
0.053600
0.053640
0.053680
0.053680
0.053680
0.053720
0.053760
0.053800
0.053840
0.053880
0.053920
0.053960
0.054000
0.054000
0.054040
0.054080
0.054120
0.054160
0.054160
0.054200
0.054240
0.054280
0.054280
0.054320
0.054360
0.054400
0.054440
0.054480
0.054520
0.054560
0.054600
0.054640
0.054680
0.054720
0.054720
0.054760
0.054800
0.054840
0.054880
0.054920
0.054960
0.055000
0.055040
0.055080
0.055120
0.055160
0.055200
0.055240
0.055280
0.055320
0.055360
0.055360
0.055360
0.055400
0.055400
0.055440
0.055480
0.055480
0.055520
0.055560
0.055600
0.055640
0.055640
0.055680
0.055720
0.055760
0.055800
0.055840
0.055840
0.055880
0.055920
0.055920
0.055920
0.055920
0.055920
0.055960
0.056000
0.056040
0.056080
0.056120
0.056160
0.056200
0.056240
0.056280
0.056320
0.056360
0.056400
0.056440
0.056480
0.056480
0.056520
0.056560
0.056600
0.056600
0.056640
0.056680
0.056720
0.056720
0.056720
0.056720
0.056760
0.056800
0.056840
0.056880
0.056920
0.056960
0.057000
0.057000
0.057040
0.057080
0.057120
0.057160
0.057200
0.057240
0.057280
0.057320
0.057360
0.057400
0.057440
0.057440
0.057480
0.057520
0.057560
0.057600
0.057640
0.057680
0.057720
0.057760
0.057800
0.057840
0.057880
0.057920
0.057960
0.057960
0.057960
0.058000
0.058040
0.058080
0.058120
0.058160
0.058200
0.058240
0.058280
0.058320
0.058360
0.058360
0.058400
0.058440
0.058440
0.058480
0.058520
0.058560
0.058600
0.058640
0.058680
0.058720
0.058760
0.058800
0.058840
0.058880
0.058920
0.058960
0.059000
0.059040
0.059080
0.059120
0.059160
0.059160
0.059200
0.059200
0.059240
0.059280
0.059320
0.059360
0.059400
0.059440
0.059480
0.059520
0.059560
0.059600
0.059600
0.059640
0.059680
0.059720
0.059760
0.059800
0.059840
0.059880
0.059920
0.059960
0.060000
0.060040
0.060040
0.060080
0.060120
0.060160
0.060200
0.060240
0.060240
0.060280
0.060320
0.060360
0.060400
0.060400
0.060440
0.060480
0.060480
0.060480
0.060520
0.060520
0.060560
0.060600
0.060640
0.060680
0.060720
0.060760
0.060800
0.060840
0.060880
0.060920
0.060960
0.061000
0.061040
0.061080
0.061120
0.061160
0.061200
0.061200
0.061240
0.061280
0.061320
0.061360
0.061400
0.061440
0.061480
0.061520
0.061560
0.061600
0.061600
0.061600
0.061600
0.061640
0.061680
0.061720
0.061760
0.061800
0.061840
0.061880
0.061920
0.061960
0.061960
0.061960
0.062000
0.062040
0.062040
0.062040
0.062080
0.062120
0.062120
0.062160
0.062200
0.062240
0.062280
0.062320
0.062360
0.062360
0.062400
0.062440
0.062480
0.062520
0.062560
0.062600
0.062640
0.062680
0.062720
0.062760
0.062760
0.062800
0.062840
0.062880
0.062920
0.062960
0.063000
0.063040
0.063040
0.063080
0.063120
0.063160
0.063200
0.063240
0.063280
0.063320
0.063360
0.063400
0.063440
0.063480
0.063520
0.063560
0.063600
0.063640
0.063680
0.063680
0.063720
0.063760
0.063800
0.063840
0.063880
0.063920
0.063960
0.064000
0.064040
0.064080
0.064120
0.064160
0.064200
0.064240
0.064280
0.064320
0.064360
0.064400
0.064440
0.064480
0.064480
0.064520
0.064560
0.064560
0.064600
0.064640
0.064640
0.064640
0.064680
0.064720
0.064760
0.064760
0.064760
0.064800
0.064840
0.064880
0.064880
0.064920
0.064960
0.064960
0.065000
0.065000
0.065040
0.065040
0.065040
0.065080
0.065120
0.065160
0.065200
0.065240
0.065280
0.065320
0.065360
0.065400
0.065440
0.065480
0.065520
0.065560
0.065600
0.065640
0.065680
0.065720
0.065760
0.065760
0.065800
0.065800
0.065840
0.065880
0.065920
0.065960
0.066000
0.066040
0.066080
0.066080
0.066120
0.066120
0.066160
0.066160
0.066200
0.066240
0.066280
0.066320
0.066360
0.066400
0.066440
0.066480
0.066520
0.066560
0.066600
0.066640
0.066680
0.066720
0.066760
0.066760
0.066800
0.066840
0.066880
0.066880
0.066920
0.066960
0.066960
0.066960
0.067000
0.067040
0.067080
0.067120
0.067120
0.067120
0.067120
0.067160
0.067200
0.067240
0.067280
0.067320
0.067360
0.067400
0.067440
0.067480
0.067520
0.067520
0.067560
0.067600
0.067640
0.067680
0.067720
0.067760
0.067760
0.067800
0.067840
0.067880
0.067920
0.067960
0.068000
0.068000
0.068040
0.068080
0.068120
0.068160
0.068200
0.068200
0.068240
0.068280
0.068320
0.068360
0.068400
0.068440
0.068440
0.068480
0.068520
0.068520
0.068560
0.068600
0.068640
0.068680
0.068720
0.068760
0.068800
0.068840
0.068880
0.068880
0.068920
0.068920
0.068960
0.068960
0.069000
0.069000
0.069000
0.069040
0.069080
0.069120
0.069160
0.069200
0.069240
0.069280
0.069320
0.069360
0.069360
0.069400
0.069400
0.069440
0.069480
0.069520
0.069520
0.069560
0.069600
0.069640
0.069680
0.069720
0.069760
0.069800
0.069800
0.069840
0.069880
0.069920
0.069960
0.069960
0.070000
0.070040
0.070080
0.070080
0.070080
0.070120
0.070160
0.070200
0.070240
0.070280
0.070320
0.070320
0.070360
0.070400
0.070440
0.070440
0.070440
0.070480
0.070520
0.070560
0.070600
0.070640
0.070680
0.070720
0.070720
0.070760
0.070800
0.070840
0.070880
0.070920
0.070920
0.070960
0.070960
0.071000
0.071000
0.071000
0.071040
0.071080
0.071120
0.071120
0.071160
0.071200
0.071200
0.071240
0.071280
0.071320
0.071360
0.071400
0.071400
0.071400
0.071440
0.071440
0.071480
0.071520
0.071520
0.071560
0.071600
0.071640
0.071680
0.071720
0.071760
0.071800
0.071800
0.071840
0.071840
0.071840
0.071880
0.071920
0.071960
0.072000
0.072000
0.072040
0.072080
0.072120
0.072160
0.072200
0.072240
0.072280
0.072320
0.072360
0.072400
0.072400
0.072440
0.072440
0.072480
0.072520
0.072560
0.072600
0.072640
0.072680
0.072680
0.072720
0.072760
0.072800
0.072800
0.072840
0.072880
0.072880
0.072880
0.072880
0.072920
0.072920
0.072960
0.073000
0.073040
0.073040
0.073080
0.073080
0.073080
0.073120
0.073160
0.073200
0.073240
0.073240
0.073280
0.073280
0.073280
0.073280
0.073320
0.073360
0.073400
0.073440
0.073480
0.073520
0.073560
0.073600
0.073600
0.073600
0.073640
0.073640
0.073680
0.073720
0.073760
0.073800
0.073800
0.073840
0.073880
0.073920
0.073920
0.073960
0.074000
0.074040
0.074040
0.074080
0.074120
0.074160
0.074200
0.074240
0.074240
0.074240
0.074280
0.074280
0.074320
0.074360
0.074400
0.074440
0.074440
0.074480
0.074520
0.074520
0.074560
0.074600
0.074640
0.074680
0.074720
0.074760
0.074800
0.074800
0.074840
0.074840
0.074880
0.074920
0.074960
0.075000
0.075040
0.075080
0.075120
0.075160
0.075200
0.075200
0.075240
0.075280
0.075320
0.075360
0.075400
0.075440
0.075480
0.075520
0.075520
0.075560
0.075600
0.075640
0.075680
0.075720
0.075720
0.075760
0.075800
0.075800
0.075840
0.075880
0.075920
0.075920
0.075960
0.076000
0.076040
0.076080
0.076120
0.076120
0.076160
0.076200
0.076240
0.076280
0.076320
0.076320
0.076320
0.076360
0.076400
0.076440
0.076480
0.076480
0.076480
0.076520
0.076520
0.076560
0.076600
0.076640
0.076680
0.076720
0.076760
0.076800
0.076800
0.076840
0.076880
0.076880
0.076920
0.076960
0.077000
0.077040
0.077080
0.077120
0.077160
0.077160
0.077200
0.077240
0.077280
0.077320
0.077320
0.077360
0.077400
0.077400
0.077440
0.077480
0.077520
0.077560
0.077560
0.077560
0.077600
0.077640
0.077680
0.077720
0.077760
0.077800
0.077840
0.077880
0.077920
0.077960
0.078000
0.078040
0.078080
0.078080
0.078120
0.078160
0.078200
0.078240
0.078280
0.078320
0.078320
0.078360
0.078400
0.078440
0.078440
0.078440
0.078480
0.078520
0.078560
0.078600
0.078640
0.078680
0.078680
0.078680
0.078720
0.078760
0.078760
0.078800
0.078840
0.078880
0.078920
0.078960
0.079000
0.079000
0.079040
0.079080
0.079120
0.079160
0.079200
0.079240
0.079240
0.079240
0.079240
0.079240
0.079280
0.079320
0.079360
0.079400
0.079440
0.079440
0.079480
0.079520
0.079560
0.079600
0.079640
0.079680
0.079720
0.079760
0.079800
0.079840
0.079840
0.079880
0.079920
0.079960
0.080000
0.080000
0.080040
0.080040
0.080040
0.080080
0.080120
0.080160
0.080160
0.080200
0.080200
0.080240
0.080280
0.080320
0.080360
0.080400
0.080440
0.080480
0.080520
0.080560
0.080600
0.080640
0.080680
0.080720
0.080760
0.080800
0.080840
0.080880
0.080920
0.080920
0.080960
0.081000
0.081040
0.081080
0.081080
0.081120
0.081160
0.081200
0.081200
0.081200
0.081240
0.081280
0.081280
0.081320
0.081360
0.081400
0.081440
0.081480
0.081520
0.081560
0.081600
0.081640
0.081640
0.081680
0.081680
0.081720
0.081760
0.081800
0.081840
0.081880
0.081920
0.081960
0.082000
0.082040
0.082080
0.082080
0.082120
0.082120
0.082120
0.082120
0.082160
0.082200
0.082240
0.082240
0.082280
0.082320
0.082360
0.082400
0.082440
0.082480
0.082520
0.082560
0.082560
0.082600
0.082640
0.082680
0.082720
0.082760
0.082800
0.082840
0.082840
0.082840
0.082880
0.082920
0.082920
0.082920
0.082960
0.083000
0.083040
0.083080
0.083120
0.083160
0.083200
0.083200
0.083200
0.083240
0.083280
0.083320
0.083360
0.083400
0.083440
0.083480
0.083520
0.083560
0.083600
0.083640
0.083680
0.083680
0.083720
0.083760
0.083800
0.083800
0.083840
0.083880
0.083920
0.083960
0.084000
0.084040
0.084080
0.084080
0.084120
0.084160
0.084200
0.084240
0.084280
0.084320
0.084320
0.084360
0.084400
0.084440
0.084480
0.084520
0.084560
0.084600
0.084600
0.084640
0.084680
0.084720
0.084760
0.084800
0.084840
0.084880
0.084880
0.084920
0.084920
0.084960
0.085000
0.085040
0.085080
0.085120
0.085160
0.085200
0.085240
0.085280
0.085320
0.085360
0.085400
0.085440
0.085480
0.085520
0.085560
0.085600
0.085640
0.085680
0.085680
0.085720
0.085760
0.085760
0.085760
0.085800
0.085840
0.085880
0.085920
0.085960
0.085960
0.086000
0.086040
0.086080
0.086120
0.086120
0.086160
0.086200
0.086240
0.086280
0.086320
0.086320
0.086320
0.086360
0.086400
0.086440
0.086480
0.086520
0.086560
0.086600
0.086640
0.086680
0.086720
0.086760
0.086800
0.086840
0.086880
0.086920
0.086960
0.086960
0.087000
0.087040
0.087040
0.087080
0.087080
0.087120
0.087160
0.087200
0.087200
0.087240
0.087240
0.087280
0.087320
0.087320
0.087360
0.087360
0.087400
0.087440
0.087480
0.087520
0.087560
0.087560
0.087600
0.087640
0.087680
0.087720
0.087760
0.087800
0.087840
0.087840
0.087880
0.087920
0.087960
0.088000
0.088040
0.088080
0.088120
0.088160
0.088200
0.088240
0.088280
0.088320
0.088360
0.088400
0.088440
0.088480
0.088520
0.088520
0.088560
0.088560
0.088600
0.088640
0.088640
0.088680
0.088720
0.088760
0.088800
0.088800
0.088840
0.088880
0.088920
0.088960
0.089000
0.089040
0.089080
0.089120
0.089120
0.089160
0.089200
0.089240
0.089280
0.089320
0.089320
0.089360
0.089360
0.089400
0.089440
0.089440
0.089480
0.089520
0.089560
0.089600
0.089600
0.089640
0.089640
0.089680
0.089680
0.089720
0.089760
0.089800
0.089840
0.089840
0.089840
0.089880
0.089920
0.089960
0.090000
0.090000
0.090000
0.090040
0.090080
0.090120
0.090120
0.090160
0.090160
0.090200
0.090200
0.090240
0.090240
0.090240
0.090280
0.090320
0.090360
0.090400
0.090440
0.090440
0.090480
0.090480
0.090520
0.090560
0.090600
0.090640
0.090680
0.090720
0.090760
0.090800
0.090840
0.090840
0.090840
0.090880
0.090920
0.090960
0.091000
0.091040
0.091080
0.091120
0.091120
0.091120
0.091160
0.091200
0.091240
0.091280
0.091320
0.091320
0.091360
0.091400
0.091400
0.091440
0.091480
0.091520
0.091520
0.091560
0.091600
0.091640
0.091680
0.091720
0.091760
0.091800
0.091840
0.091880
0.091920
0.091960
0.091960
0.092000
0.092040
0.092080
0.092120
0.092120
0.092120
0.092160
0.092200
0.092200
0.092240
0.092280
0.092280
0.092320
0.092320
0.092360
0.092360
0.092400
0.092440
0.092480
0.092520
0.092560
0.092600
0.092640
0.092680
0.092720
0.092760
0.092760
0.092800
0.092840
0.092880
0.092880
0.092920
0.092960
0.093000
0.093040
0.093080
0.093120
0.093120
0.093160
0.093160
0.093200
0.093240
0.093280
0.093280
0.093320
0.093360
0.093400
0.093440
0.093480
0.093520
0.093560
0.093560
0.093600
0.093600
0.093640
0.093640
0.093680
0.093720
0.093720
0.093760
0.093800
0.093840
0.093880
0.093920
0.093960
0.094000
0.094040
0.094080
0.094080
0.094120
0.094160
0.094200
0.094240
0.094240
0.094280
0.094320
0.094360
0.094400
0.094440
0.094480
0.094480
0.094520
0.094520
0.094560
0.094600
0.094640
0.094680
0.094680
0.094680
0.094720
0.094760
0.094760
0.094800
0.094840
0.094840
0.094880
0.094920
0.094960
0.095000
0.095040
0.095080
0.095120
0.095120
0.095160
0.095200
0.095240
0.095280
0.095320
0.095360
0.095400
0.095400
0.095440
0.095480
0.095520
0.095560
0.095560
0.095600
0.095640
0.095680
0.095720
0.095760
0.095800
0.095800
0.095840
0.095880
0.095880
0.095920
0.095960
0.095960
0.096000
0.096040
0.096080
0.096080
0.096120
0.096120
0.096160
0.096200
0.096240
0.096280
0.096280
0.096320
0.096320
0.096360
0.096400
0.096440
0.096440
0.096440
0.096480
0.096520
0.096520
0.096560
0.096600
0.096640
0.096640
0.096640
0.096680
0.096720
0.096760
0.096760
0.096800
0.096800
0.096800
0.096840
0.096880
0.096880
0.096920
0.096920
0.096960
0.097000
0.097000
0.097040
0.097080
0.097080
0.097120
0.097160
0.097160
0.097160
0.097200
0.097240
0.097280
0.097320
0.097360
0.097400
0.097440
0.097480
0.097520
0.097560
0.097600
0.097600
0.097640
0.097640
0.097640
0.097680
0.097720
0.097760
0.097800
0.097840
0.097880
0.097920
0.097960
0.097960
0.098000
0.098000
0.098040
0.098080
0.098080
0.098080
0.098120
0.098160
0.098200
0.098240
0.098240
0.098280
0.098320
0.098360
0.098400
0.098440
0.098480
0.098520
0.098560
0.098600
0.098640
0.098640
0.098680
0.098720
0.098760
0.098800
0.098840
0.098880
0.098920
0.098960
0.099000
0.099000
0.099000
0.099000
0.099040
0.099080
0.099120
0.099160
0.099200
0.099240
0.099280
0.099280
0.099320
0.099360
0.099400
0.099440
0.099480
0.099520
0.099560
0.099600
0.099640
0.099680
0.099720
0.099760
0.099800
0.099840
0.099840
0.099880
0.099920
0.099960
0.100000
0.100040
0.100080
0.100120
0.100160
0.100200
0.100200
0.100240
0.100240
0.100280
0.100320
0.100360
0.100400
0.100440
0.100480
0.100480
0.100520
0.100560
0.100600
0.100600
0.100600
0.100640
0.100680
0.100720
0.100720
0.100760
0.100800
0.100840
0.100880
0.100920
0.100960
0.101000
0.101040
0.101040
0.101080
0.101120
0.101160
0.101200
0.101240
0.101280
0.101320
0.101360
0.101400
0.101440
0.101440
0.101480
0.101520
0.101560
0.101600
0.101640
0.101640
0.101680
0.101720
0.101760
0.101800
0.101800
0.101800
0.101800
0.101840
0.101840
0.101840
0.101880
0.101920
0.101920
0.101960
0.101960
0.102000
0.102000
0.102040
0.102080
0.102120
0.102160
0.102200
0.102240
0.102280
0.102320
0.102360
0.102400
0.102440
0.102480
0.102520
0.102560
0.102560
0.102600
0.102640
0.102640
0.102680
0.102720
0.102720
0.102720
0.102760
0.102760
0.102800
0.102840
0.102880
0.102920
0.102920
0.102960
0.102960
0.103000
0.103040
0.103040
0.103040
0.103080
0.103120
0.103160
0.103200
0.103240
0.103240
0.103280
0.103320
0.103320
0.103360
0.103360
0.103400
0.103440
0.103480
0.103480
0.103520
0.103520
0.103560
0.103560
0.103600
0.103640
0.103680
0.103720
0.103760
0.103800
0.103800
0.103800
0.103840
0.103880
0.103920
0.103960
0.104000
0.104040
0.104080
0.104080
0.104120
0.104120
0.104160
0.104200
0.104240
0.104280
0.104280
0.104280
0.104320
0.104360
0.104400
0.104440
0.104480
0.104520
0.104520
0.104560
0.104600
0.104640
0.104680
0.104720
0.104760
0.104800
0.104840
0.104880
0.104920
0.104960
0.105000
0.105040
0.105080
0.105120
0.105160
0.105160
0.105160
0.105200
0.105240
0.105280
0.105320
0.105320
0.105360
0.105400
0.105440
0.105440
0.105480
0.105520
0.105560
0.105600
0.105600
0.105640
0.105680
0.105720
0.105760
0.105800
0.105840
0.105880
0.105920
0.105920
0.105920
0.105960
0.106000
0.106040
0.106080
0.106080
0.106120
0.106160
0.106200
0.106200
0.106240
0.106280
0.106320
0.106320
0.106360
0.106400
0.106400
0.106440
0.106480
0.106480
0.106520
0.106560
0.106560
0.106600
0.106600
0.106640
0.106640
0.106680
0.106720
0.106720
0.106720
0.106720
0.106760
0.106760
0.106800
0.106840
0.106880
0.106880
0.106920
0.106920
0.106920
0.106960
0.107000
0.107040
0.107080
0.107080
0.107080
0.107120
0.107160
0.107200
0.107240
0.107280
0.107320
0.107320
0.107360
0.107360
0.107400
0.107440
0.107480
0.107520
0.107560
0.107600
0.107640
0.107640
0.107640
0.107680
0.107720
0.107760
0.107800
0.107840
0.107840
0.107880
0.107920
0.107960
0.107960
0.108000
0.108040
0.108080
0.108120
0.108160
0.108200
0.108240
0.108280
0.108320
0.108360
0.108400
0.108440
0.108480
0.108520
0.108560
0.108600
0.108600
0.108640
0.108680
0.108720
0.108720
0.108760
0.108800
0.108840
0.108880
0.108920
0.108960
0.109000
0.109040
0.109080
0.109120
0.109160
0.109200
0.109240
0.109280
0.109320
0.109320
0.109360
0.109400
0.109440
0.109480
0.109520
0.109560
0.109560
0.109600
0.109600
0.109640
0.109640
0.109680
0.109680
0.109720
0.109760
0.109800
0.109800
0.109840
0.109880
0.109920
0.109960
0.110000
0.110040
0.110080
0.110120
0.110120
0.110120
0.110120
0.110160
0.110200
0.110240
0.110280
0.110320
0.110360
0.110400
0.110440
0.110480
0.110520
0.110560
0.110560
0.110560
0.110600
0.110640
0.110680
0.110720
0.110760
0.110800
0.110800
0.110800
0.110800
0.110800
0.110840
0.110880
0.110920
0.110960
0.111000
0.111040
0.111080
0.111120
0.111160
0.111160
0.111200
0.111240
0.111280
0.111280
0.111320
0.111360
0.111400
0.111440
0.111480
0.111520
0.111560
0.111560
0.111600
0.111640
0.111680
0.111720
0.111760
0.111800
0.111840
0.111840
0.111840
0.111880
0.111920
0.111960
0.112000
0.112000
0.112040
0.112040
0.112080
0.112120
0.112120
0.112160
0.112200
0.112240
0.112280
0.112280
0.112320
0.112360
0.112360
0.112400
0.112440
0.112480
0.112480
0.112520
0.112560
0.112600
0.112640
0.112640
0.112680
0.112680
0.112720
0.112760
0.112760
0.112760
0.112800
0.112840
0.112880
0.112920
0.112960
0.113000
0.113000
0.113040
0.113080
0.113120
0.113160
0.113200
0.113240
0.113240
0.113240
0.113280
0.113320
0.113320
0.113360
0.113400
0.113440
0.113480
0.113520
0.113560
0.113600
0.113640
0.113680
0.113720
0.113760
0.113800
0.113840
0.113880
0.113880
0.113920
0.113960
0.113960
0.114000
0.114040
0.114080
0.114080
0.114120
0.114160
0.114160
0.114200
0.114240
0.114280
0.114320
0.114360
0.114360
0.114400
0.114440
0.114440
0.114480
0.114520
0.114560
0.114600
0.114640
0.114680
0.114720
0.114760
0.114800
0.114840
0.114880
0.114920
0.114960
0.115000
0.115040
0.115040
0.115080
0.115120
0.115160
0.115160
0.115200
0.115200
0.115240
0.115280
0.115320
0.115360
0.115360
0.115400
0.115440
0.115480
0.115480
0.115520
0.115560
0.115600
0.115600
0.115640
0.115680
0.115720
0.115720
0.115760
0.115800
0.115840
0.115880
0.115920
0.115960
0.115960
0.115960
0.116000
0.116000
0.116040
0.116080
0.116080
0.116120
0.116160
0.116200
0.116240
0.116280
0.116320
0.116360
0.116360
0.116400
0.116440
0.116480
0.116480
0.116520
0.116520
0.116560
0.116600
0.116640
0.116640
0.116680
0.116720
0.116720
0.116720
0.116760
0.116800
0.116840
0.116880
0.116920
0.116960
0.117000
0.117040
0.117080
0.117120
0.117160
0.117200
0.117200
0.117240
0.117240
0.117280
0.117320
0.117360
0.117400
0.117440
0.117440
0.117480
0.117520
0.117560
0.117560
0.117600
0.117600
0.117600
0.117600
0.117600
0.117640
0.117640
0.117680
0.117720
0.117760
0.117800
0.117840
0.117880
0.117920
0.117960
0.118000
0.118040
0.118080
0.118120
0.118120
0.118120
0.118160
0.118200
0.118240
0.118280
0.118320
0.118360
0.118400
0.118440
0.118480
0.118520
0.118560
0.118600
0.118640
0.118680
0.118720
0.118760
0.118800
0.118840
0.118880
0.118880
0.118920
0.118960
0.119000
0.119040
0.119080
0.119080
0.119120
0.119160
0.119160
0.119160
0.119160
0.119200
0.119240
0.119280
0.119320
0.119360
0.119360
0.119360
0.119400
0.119440
0.119480
0.119520
0.119560
0.119600
0.119640
0.119680
0.119720
0.119760
0.119800
0.119840
0.119880
0.119920
0.119960
0.120000
0.120040
0.120040
0.120080
0.120120
0.120160
0.120200
0.120240
0.120240
0.120280
0.120280
0.120320
0.120360
0.120400
0.120400
0.120440
0.120480
0.120520
0.120520
0.120560
0.120560
0.120600
0.120640
0.120640
0.120680
0.120720
0.120760
0.120800
0.120840
0.120840
0.120840
0.120880
0.120920
0.120960
0.121000
0.121040
0.121080
0.121080
0.121120
0.121160
0.121160
0.121200
0.121240
0.121280
0.121280
0.121320
0.121360
0.121400
0.121440
0.121480
0.121520
0.121560
0.121600
0.121640
0.121680
0.121720
0.121720
0.121720
0.121760
0.121800
0.121800
0.121840
0.121880
0.121920
0.121920
0.121960
0.122000
0.122000
0.122000
0.122040
0.122080
0.122120
0.122160
0.122200
0.122240
0.122280
0.122320
0.122360
0.122400
0.122400
0.122440
0.122480
0.122520
0.122560
0.122600
0.122640
0.122640
0.122680
0.122720
0.122720
0.122760
0.122800
0.122800
0.122840
0.122880
0.122920
0.122920
0.122960
0.123000
0.123040
0.123080
0.123080
0.123120
0.123160
0.123200
0.123240
0.123240
0.123280
0.123320
0.123360
0.123400
0.123440
0.123480
0.123520
0.123560
0.123600
0.123600
0.123640
0.123640
0.123680
0.123720
0.123720
0.123760
0.123760
0.123800
0.123840
0.123880
0.123880
0.123920
0.123960
0.123960
0.124000
0.124040
0.124080
0.124120
0.124160
0.124200
0.124240
0.124280
0.124320
0.124320
0.124360
0.124400
0.124400
0.124440
0.124480
0.124520
0.124560
0.124600
0.124640
0.124640
0.124640
0.124640
0.124680
0.124720
0.124760
0.124800
0.124840
0.124880
0.124920
0.124960
0.124960
0.125000
0.125040
0.125080
0.125120
0.125120
0.125120
0.125160
0.125200
0.125240
0.125280
0.125320
0.125360
0.125360
0.125400
0.125440
0.125480
0.125480
0.125480
0.125480
0.125520
0.125560
0.125560
0.125600
0.125640
0.125640
0.125680
0.125720
0.125760
0.125800
0.125840
0.125880
0.125920
0.125960
0.125960
0.126000
0.126000
0.126040
0.126080
0.126120
0.126160
0.126160
0.126200
0.126240
0.126280
0.126320
0.126360
0.126400
0.126400
0.126440
0.126480
0.126520
0.126520
0.126560
0.126600
0.126600
0.126640
0.126680
0.126720
0.126760
0.126760
0.126800
0.126840
0.126880
0.126920
0.126960
0.127000
0.127040
0.127080
0.127120
0.127160
0.127200
0.127240
0.127280
0.127320
0.127360
0.127360
0.127400
0.127440
0.127480
0.127520
0.127520
0.127560
0.127600
0.127640
0.127680
0.127720
0.127760
0.127800
0.127840
0.127880
0.127920
0.127960
0.127960
0.127960
0.128000
0.128040
0.128080
0.128080
0.128120
0.128160
0.128200
0.128200
0.128240
0.128240
0.128280
0.128320
0.128320
0.128360
0.128400
0.128440
0.128440
0.128480
0.128520
0.128560
0.128600
0.128600
0.128640
0.128680
0.128720
0.128760
0.128760
0.128800
0.128840
0.128880
0.128920
0.128960
0.129000
0.129040
0.129080
0.129080
0.129120
0.129160
0.129160
0.129200
0.129240
0.129280
0.129320
0.129360
0.129400
0.129440
0.129480
0.129480
0.129520
0.129560
0.129600
0.129640
0.129680
0.129720
0.129720
0.129760
0.129800
0.129840
0.129880
0.129920
0.129960
0.130000
0.130040
0.130080
0.130120
0.130160
0.130200
0.130240
0.130280
0.130320
0.130360
0.130400
0.130440
0.130480
0.130520
0.130520
0.130560
0.130560
0.130600
0.130600
0.130640
0.130680
0.130720
0.130720
0.130760
0.130800
0.130840
0.130880
0.130920
0.130960
0.131000
0.131040
0.131080
0.131120
0.131160
0.131200
0.131240
0.131240
0.131280
0.131320
0.131320
0.131360
0.131400
0.131440
0.131480
0.131520
0.131560
0.131600
0.131640
0.131640
0.131680
0.131720
0.131760
0.131800
0.131840
0.131880
0.131920
0.131960
0.132000
0.132040
0.132040
0.132080
0.132120
0.132120
0.132160
0.132160
0.132160
0.132200
0.132240
0.132240
0.132240
0.132280
0.132320
0.132320
0.132320
0.132360
0.132360
0.132400
0.132440
0.132480
0.132520
0.132520
0.132560
0.132600
0.132640
0.132680
0.132720
0.132760
0.132800
0.132840
0.132880
0.132920
0.132920
0.132960
0.132960
0.133000
0.133040
0.133080
0.133080
0.133080
0.133120
0.133160
0.133160
0.133200
0.133240
0.133280
0.133280
0.133280
0.133320
0.133360
0.133400
0.133440
0.133480
0.133520
0.133560
0.133600
0.133600
0.133640
0.133640
0.133680
0.133720
0.133760
0.133800
0.133840
0.133880
0.133880
0.133880
0.133920
0.133960
0.134000
0.134040
0.134080
0.134120
0.134160
0.134200
0.134240
0.134280
0.134280
0.134320
0.134360
0.134360
0.134400
0.134440
0.134480
0.134520
0.134560
0.134600
0.134640
0.134680
0.134720
0.134760
0.134800
0.134840
0.134880
0.134920
0.134960
0.135000
0.135040
0.135040
0.135080
0.135120
0.135120
0.135160
0.135200
0.135240
0.135280
0.135320
0.135360
0.135400
0.135440
0.135480
0.135520
0.135560
0.135600
0.135640
0.135680
0.135720
0.135760
0.135760
0.135800
0.135840
0.135880
0.135920
0.135960
0.135960
0.136000
0.136040
0.136080
0.136120
0.136160
0.136200
0.136240
0.136240
0.136280
0.136320
0.136320
0.136320
0.136360
0.136400
0.136440
0.136480
0.136480
0.136480
0.136520
0.136560
0.136600
0.136640
0.136680
0.136720
0.136760
0.136760
0.136800
0.136840
0.136880
0.136920
0.136960
0.137000
0.137040
0.137080
0.137120
0.137160
0.137200
0.137240
0.137280
0.137320
0.137360
0.137400
0.137400
0.137440
0.137480
0.137520
0.137560
0.137600
0.137640
0.137680
0.137680
0.137720
0.137720
0.137760
0.137760
0.137800
0.137840
0.137880
0.137920
0.137960
0.138000
0.138040
0.138040
0.138080
0.138120
0.138160
0.138200
0.138200
0.138240
0.138280
0.138320
0.138360
0.138400
0.138440
0.138480
0.138480
0.138520
0.138560
0.138600
0.138640
0.138680
0.138720
0.138760
0.138760
0.138800
0.138800
0.138840
0.138880
0.138920
0.138960
0.138960
0.139000
0.139000
0.139000
0.139040
0.139080
0.139080
0.139120
0.139160
0.139200
0.139240
0.139280
0.139320
0.139360
0.139400
0.139440
0.139480
0.139520
0.139560
0.139600
0.139640
0.139680
0.139720
0.139720
0.139760
0.139800
0.139840
0.139880
0.139920
0.139960
0.140000
0.140040
0.140080
0.140120
0.140160
0.140160
0.140200
0.140240
0.140280
0.140280
0.140320
0.140320
0.140360
0.140400
0.140400
0.140440
0.140480
0.140480
0.140520
0.140560
0.140600
0.140640
0.140680
0.140720
0.140760
0.140760
0.140800
0.140840
0.140880
0.140880
0.140920
0.140920
0.140960
0.140960
0.141000
0.141040
0.141080
0.141120
0.141160
0.141200
0.141240
0.141280
0.141280
0.141280
0.141320
0.141360
0.141400
0.141440
0.141480
0.141520
0.141560
0.141600
0.141600
0.141640
0.141680
0.141720
0.141720
0.141760
0.141800
0.141840
0.141880
0.141920
0.141960
0.142000
0.142040
0.142080
0.142120
0.142160
0.142160
0.142200
0.142240
0.142280
0.142320
0.142360
0.142400
0.142440
0.142480
0.142520
0.142560
0.142600
0.142640
0.142640
0.142680
0.142720
0.142760
0.142800
0.142800
0.142800
0.142840
0.142880
0.142880
0.142920
0.142960
0.143000
0.143040
0.143080
0.143080
0.143120
0.143160
0.143200
0.143240
0.143280
0.143320
0.143360
0.143400
0.143400
0.143440
0.143480
0.143520
0.143560
0.143560
0.143560
0.143600
0.143640
0.143680
0.143680
0.143720
0.143760
0.143800
0.143840
0.143880
0.143920
0.143960
0.144000
0.144000
0.144000
0.144040
0.144080
0.144120
0.144120
0.144160
0.144200
0.144240
0.144240
0.144280
0.144320
0.144360
0.144400
0.144400
0.144400
0.144440
0.144480
0.144520
0.144560
0.144600
0.144640
0.144680
0.144720
0.144760
0.144800
0.144840
0.144880
0.144880
0.144920
0.144920
0.144960
0.145000
0.145000
0.145040
0.145080
0.145120
0.145120
0.145160
0.145200
0.145240
0.145240
0.145280
0.145320
0.145360
0.145400
0.145440
0.145480
0.145520
0.145520
0.145560
0.145600
0.145640
0.145680
0.145720
0.145760
0.145800
0.145840
0.145880
0.145920
0.145960
0.146000
0.146000
0.146040
0.146080
0.146120
0.146160
0.146200
0.146240
0.146280
0.146320
0.146320
0.146360
0.146400
0.146440
0.146440
0.146480
0.146520
0.146520
0.146560
0.146600
0.146640
0.146640
0.146680
0.146680
0.146720
0.146760
0.146800
0.146840
0.146880
0.146920
0.146960
0.147000
0.147040
0.147080
0.147120
0.147160
0.147200
0.147240
0.147280
0.147320
0.147360
0.147400
0.147440
0.147480
0.147520
0.147560
0.147600
0.147640
0.147680
0.147720
0.147760
0.147760
0.147800
0.147840
0.147840
0.147880
0.147920
0.147960
0.148000
0.148040
0.148080
0.148120
0.148160
0.148160
0.148200
0.148240
0.148280
0.148320
0.148360
0.148400
0.148440
0.148480
0.148480
0.148520
0.148520
0.148520
0.148520
0.148560
0.148560
0.148600
0.148600
0.148600
0.148640
0.148680
0.148720
0.148720
0.148760
0.148800
0.148840
0.148840
0.148840
0.148880
0.148920
0.148920
0.148960
0.149000
0.149000
0.149040
0.149080
0.149080
0.149120
0.149160
0.149200
0.149200
0.149240
0.149280
0.149320
0.149360
0.149400
0.149440
0.149480
0.149520
0.149560
0.149600
0.149640
0.149640
0.149680
0.149720
0.149760
0.149760
0.149760
0.149800
0.149840
0.149880
0.149880
0.149920
0.149960
0.150000
0.150040
0.150080
0.150120
0.150160
0.150200
0.150240
0.150280
0.150320
0.150360
0.150400
0.150400
0.150440
0.150480
0.150520
0.150560
0.150600
0.150640
0.150640
0.150640
0.150680
0.150720
0.150760
0.150800
0.150840
0.150840
0.150880
0.150880
0.150880
0.150920
0.150960
0.150960
0.151000
0.151000
0.151040
0.151080
0.151120
0.151160
0.151160
0.151200
0.151240
0.151280
0.151320
0.151360
0.151400
0.151440
0.151480
0.151520
0.151560
0.151600
0.151640
0.151680
0.151680
0.151720
0.151760
0.151760
0.151800
0.151840
0.151880
0.151920
0.151960
0.152000
0.152040
0.152040
0.152080
0.152120
0.152160
0.152200
0.152240
0.152280
0.152320
0.152320
0.152360
0.152400
0.152440
0.152480
0.152480
0.152480
0.152480
0.152520
0.152560
0.152600
0.152600
0.152640
0.152680
0.152720
0.152760
0.152760
0.152800
0.152840
0.152880
0.152920
0.152960
0.153000
0.153040
0.153040
0.153080
0.153120
0.153120
0.153160
0.153200
0.153240
0.153280
0.153280
0.153280
0.153320
0.153320
0.153360
0.153400
0.153440
0.153480
0.153520
0.153560
0.153560
0.153600
0.153640
0.153680
0.153720
0.153760
0.153800
0.153840
0.153880
0.153920
0.153920
0.153960
0.154000
0.154000
0.154040
0.154040
0.154080
0.154120
0.154160
0.154160
0.154200
0.154240
0.154240
0.154240
0.154280
0.154320
0.154360
0.154400
0.154440
0.154480
0.154520
0.154520
0.154520
0.154560
0.154600
0.154640
0.154680
0.154680
0.154720
0.154760
0.154800
0.154840
0.154840
0.154880
0.154920
0.154960
0.155000
0.155040
0.155080
0.155120
0.155160
0.155200
0.155200
0.155240
0.155280
0.155320
0.155360
0.155400
0.155440
0.155440
0.155480
0.155520
0.155560
0.155600
0.155640
0.155680
0.155720
0.155720
0.155760
0.155800
0.155840
0.155880
0.155920
0.155960
0.155960
0.156000
0.156040
0.156040
0.156080
0.156080
0.156120
0.156160
0.156200
0.156200
0.156240
0.156280
0.156320
0.156360
0.156400
0.156440
0.156480
0.156520
0.156520
0.156560
0.156600
0.156640
0.156680
0.156720
0.156760
0.156800
0.156840
0.156880
0.156920
0.156960
0.157000
0.157040
0.157080
0.157080
0.157120
0.157160
0.157200
0.157240
0.157280
0.157320
0.157320
0.157320
0.157360
0.157400
0.157400
0.157440
0.157480
0.157520
0.157560
0.157600
0.157640
0.157680
0.157720
0.157720
0.157720
0.157760
0.157800
0.157800
0.157840
0.157880
0.157880
0.157880
0.157920
0.157960
0.158000
0.158040
0.158080
0.158080
0.158120
0.158120
0.158160
0.158160
0.158200
0.158200
0.158200
0.158240
0.158240
0.158280
0.158320
0.158360
0.158400
0.158440
0.158480
0.158520
0.158560
0.158600
0.158640
0.158680
0.158720
0.158760
0.158800
0.158800
0.158800
0.158840
0.158840
0.158880
0.158880
0.158920
0.158960
0.159000
0.159040
0.159080
0.159120
0.159160
0.159200
0.159240
0.159280
0.159320
0.159360
0.159400
0.159440
0.159480
0.159520
0.159560
0.159600
0.159600
0.159640
0.159680
0.159680
0.159720
0.159760
0.159800
0.159840
0.159880
0.159920
0.159960
0.160000
0.160000
0.160040
0.160040
0.160040
0.160080
0.160120
0.160120
0.160160
0.160200
0.160200
0.160240
0.160240
0.160280
0.160320
0.160360
0.160360
0.160400
0.160440
0.160480
0.160520
0.160520
0.160560
0.160600
0.160640
0.160680
0.160720
0.160760
0.160760
0.160760
0.160800
0.160840
0.160880
0.160920
0.160960
0.161000
0.161040
0.161080
0.161120
0.161160
0.161200
0.161240
0.161280
0.161320
0.161360
0.161400
0.161440
0.161480
0.161520
0.161560
0.161600
0.161640
0.161680
0.161720
0.161760
0.161800
0.161840
0.161840
0.161880
0.161880
0.161920
0.161960
0.162000
0.162040
0.162080
0.162120
0.162160
0.162200
0.162240
0.162280
0.162320
0.162360
0.162360
0.162400
0.162440
0.162480
0.162520
0.162520
0.162560
0.162600
0.162640
0.162680
0.162720
0.162760
0.162760
0.162800
0.162840
0.162880
0.162920
0.162960
0.163000
0.163000
0.163040
0.163080
0.163120
0.163160
0.163160
0.163200
0.163240
0.163280
0.163320
0.163360
0.163400
0.163440
0.163480
0.163480
0.163480
0.163520
0.163560
0.163600
0.163640
0.163680
0.163720
0.163760
0.163800
0.163800
0.163800
0.163840
0.163880
0.163920
0.163960
0.164000
0.164040
0.164080
0.164080
0.164120
0.164160
0.164200
0.164240
0.164240
0.164280
0.164280
0.164320
0.164360
0.164400
0.164400
0.164440
0.164480
0.164520
0.164560
0.164600
0.164600
0.164640
0.164680
0.164720
0.164760
0.164800
0.164840
0.164840
0.164880
0.164920
0.164920
0.164920
0.164960
0.165000
0.165040
0.165040
0.165080
0.165120
0.165120
0.165120
0.165160
0.165200
0.165240
0.165280
0.165320
0.165360
0.165400
0.165440
0.165440
0.165440
0.165440
0.165480
0.165520
0.165560
0.165600
0.165640
0.165680
0.165720
0.165720
0.165760
0.165800
0.165800
0.165840
0.165880
0.165880
0.165880
0.165920
0.165960
0.166000
0.166040
0.166040
0.166080
0.166120
0.166160
0.166200
0.166240
0.166240
0.166280
0.166320
0.166360
0.166400
0.166440
0.166480
0.166520
0.166560
0.166600
0.166640
0.166680
0.166720
0.166760
0.166800
0.166840
0.166880
0.166880
0.166920
0.166960
0.167000
0.167040
0.167080
0.167080
0.167120
0.167160
0.167160
0.167200
0.167240
0.167240
0.167280
0.167320
0.167360
0.167400
0.167400
0.167440
0.167480
0.167480
0.167520
0.167520
0.167560
0.167560
0.167600
0.167640
0.167680
0.167720
0.167760
0.167800
0.167800
0.167800
0.167840
0.167880
0.167880
0.167920
0.167960
0.167960
0.168000
0.168000
0.168000
0.168040
0.168080
0.168120
0.168160
0.168160
0.168200
0.168240
0.168280
0.168320
0.168320
0.168360
0.168400
0.168440
0.168480
0.168520
0.168560
0.168600
0.168640
0.168680
0.168720
0.168760
0.168800
0.168840
0.168880
0.168920
0.168960
0.169000
0.169000
0.169040
0.169080
0.169120
0.169160
0.169160
0.169200
0.169240
0.169280
0.169320
0.169320
0.169360
0.169360
0.169400
0.169440
0.169480
0.169520
0.169560
0.169560
0.169600
0.169640
0.169680
0.169720
0.169760
0.169800
0.169840
0.169880
0.169920
0.169960
0.170000
0.170040
0.170080
0.170080
0.170120
0.170120
0.170160
0.170200
0.170200
0.170200
0.170240
0.170280
0.170320
0.170360
0.170400
0.170440
0.170480
0.170520
0.170560
0.170600
0.170640
0.170680
0.170720
0.170760
0.170800
0.170800
0.170840
0.170880
0.170880
0.170920
0.170960
0.170960
0.171000
0.171040
0.171080
0.171120
0.171160
0.171200
0.171200
0.171240
0.171280
0.171280
0.171320
0.171320
0.171360
0.171400
0.171440
0.171480
0.171520
0.171560
0.171600
0.171640
0.171680
0.171720
0.171720
0.171760
0.171800
0.171840
0.171840
0.171840
0.171840
0.171880
0.171880
0.171920
0.171920
0.171920
0.171920
0.171960
0.172000
0.172040
0.172080
0.172120
0.172160
0.172200
0.172240
0.172280
0.172320
0.172360
0.172360
0.172360
0.172400
0.172440
0.172440
0.172480
0.172520
0.172560
0.172600
0.172640
0.172680
0.172720
0.172760
0.172800
0.172840
0.172880
0.172920
0.172960
0.173000
0.173040
0.173080
0.173120
0.173120
0.173160
0.173200
0.173200
0.173240
0.173280
0.173320
0.173360
0.173400
0.173440
0.173440
0.173480
0.173520
0.173520
0.173520
0.173520
0.173520
0.173560
0.173600
0.173640
0.173640
0.173680
0.173720
0.173760
0.173800
0.173840
0.173880
0.173920
0.173960
0.174000
0.174040
0.174080
0.174080
0.174120
0.174160
0.174200
0.174240
0.174240
0.174240
0.174280
0.174280
0.174320
0.174360
0.174400
0.174440
0.174480
0.174520
0.174560
0.174560
0.174600
0.174600
0.174640
0.174640
0.174640
0.174680
0.174720
0.174760
0.174800
0.174840
0.174840
0.174840
0.174880
0.174920
0.174960
0.175000
0.175040
0.175040
0.175080
0.175120
0.175120
0.175160
0.175200
0.175240
0.175280
0.175280
0.175320
0.175360
0.175400
0.175440
0.175480
0.175520
0.175560
0.175600
0.175640
0.175680
0.175720
0.175760
0.175760
0.175800
0.175840
0.175840
0.175840
0.175880
0.175920
0.175960
0.176000
0.176040
0.176080
0.176120
0.176160
0.176200
0.176240
0.176280
0.176280
0.176320
0.176360
0.176400
0.176440
0.176480
0.176520
0.176520
0.176560
0.176560
0.176600
0.176640
0.176680
0.176680
0.176720
0.176760
0.176800
0.176840
0.176880
0.176920
0.176920
0.176960
0.177000
0.177000
0.177040
0.177080
0.177080
0.177120
0.177160
0.177200
0.177240
0.177240
0.177280
0.177320
0.177360
0.177400
0.177440
0.177480
0.177520
0.177560
0.177600
0.177640
0.177680
0.177720
0.177720
0.177760
0.177800
0.177840
0.177880
0.177920
0.177960
0.178000
0.178040
0.178080
0.178120
0.178160
0.178200
0.178240
0.178280
0.178320
0.178360
0.178360
0.178400
0.178440
0.178480
0.178480
0.178520
0.178520
0.178560
0.178600
0.178640
0.178680
0.178720
0.178760
0.178800
0.178840
0.178880
0.178920
0.178960
0.179000
0.179040
0.179080
0.179120
0.179160
0.179200
0.179240
0.179280
0.179320
0.179360
0.179400
0.179440
0.179480
0.179520
0.179560
0.179600
0.179600
0.179600
0.179640
0.179680
0.179720
0.179760
0.179800
0.179840
0.179880
0.179920
0.179960
0.180000
0.180040
0.180080
0.180080
0.180080
0.180080
0.180080
0.180120
0.180160
0.180200
0.180240
0.180240
0.180280
0.180320
0.180360
0.180360
0.180400
0.180440
0.180480
0.180520
0.180560
0.180600
0.180640
0.180640
0.180680
0.180680
0.180720
0.180760
0.180760
0.180760
0.180760
0.180800
0.180840
0.180880
0.180920
0.180960
0.181000
0.181040
0.181040
0.181080
0.181120
0.181160
0.181200
0.181240
0.181280
0.181320
0.181320
0.181360
0.181400
0.181440
0.181480
0.181520
0.181560
0.181600
0.181640
0.181680
0.181720
0.181760
0.181760
0.181800
0.181800
0.181840
0.181840
0.181880
0.181880
0.181920
0.181960
0.182000
0.182040
0.182040
0.182080
0.182120
0.182160
0.182200
0.182240
0.182240
0.182280
0.182320
0.182360
0.182400
0.182440
0.182440
0.182480
0.182480
0.182520
0.182560
0.182560
0.182560
0.182600
0.182640
0.182680
0.182680
0.182720
0.182760
0.182800
0.182840
0.182840
0.182840
0.182880
0.182920
0.182960
0.182960
0.183000
0.183040
0.183080
0.183120
0.183160
0.183200
0.183200
0.183240
0.183280
0.183320
0.183360
0.183400
0.183400
0.183440
0.183480
0.183480
0.183520
0.183560
0.183600
0.183640
0.183680
0.183720
0.183760
0.183800
0.183840
0.183840
0.183880
0.183920
0.183960
0.183960
0.184000
0.184000
0.184040
0.184080
0.184120
0.184160
0.184200
0.184240
0.184240
0.184280
0.184320
0.184320
0.184360
0.184400
0.184440
0.184480
0.184520
0.184520
0.184560
0.184600
0.184600
0.184640
0.184680
0.184720
0.184760
0.184800
0.184840
0.184880
0.184920
0.184960
0.184960
0.185000
0.185040
0.185080
0.185120
0.185160
0.185200
0.185240
0.185280
0.185280
0.185320
0.185360
0.185360
0.185400
0.185440
0.185480
0.185520
0.185560
0.185600
0.185600
0.185640
0.185640
0.185640
0.185640
0.185680
0.185680
0.185720
0.185720
0.185760
0.185800
0.185840
0.185880
0.185880
0.185920
0.185960
0.186000
0.186040
0.186080
0.186120
0.186160
0.186200
0.186240
0.186240
0.186280
0.186320
0.186320
0.186320
0.186360
0.186360
0.186400
0.186440
0.186480
0.186520
0.186560
0.186600
0.186640
0.186680
0.186720
0.186760
0.186800
0.186840
0.186840
0.186880
0.186880
0.186920
0.186960
0.187000
0.187000
0.187000
0.187040
0.187080
0.187120
0.187160
0.187160
0.187200
0.187200
0.187240
0.187280
0.187320
0.187320
0.187360
0.187400
0.187440
0.187440
0.187480
0.187520
0.187560
0.187600
0.187640
0.187680
0.187680
0.187680
0.187720
0.187760
0.187760
0.187800
0.187800
0.187840
0.187840
0.187880
0.187920
0.187960
0.188000
0.188000
0.188000
0.188040
0.188080
0.188120
0.188160
0.188200
0.188240
0.188240
0.188280
0.188320
0.188360
0.188400
0.188440
0.188480
0.188520
0.188520
0.188560
0.188600
0.188600
0.188640
0.188680
0.188720
0.188760
0.188800
0.188800
0.188800
0.188840
0.188880
0.188880
0.188920
0.188960
0.188960
0.189000
0.189040
0.189080
0.189120
0.189160
0.189200
0.189240
0.189280
0.189320
0.189360
0.189400
0.189440
0.189480
0.189520
0.189560
0.189600
0.189640
0.189680
0.189720
0.189760
0.189800
0.189800
0.189840
0.189880
0.189880
0.189920
0.189920
0.189960
0.190000
0.190040
0.190080
0.190080
0.190120
0.190120
0.190160
0.190200
0.190240
0.190280
0.190320
0.190360
0.190360
0.190360
0.190360
0.190400
0.190400
0.190440
0.190480
0.190520
0.190520
0.190560
0.190560
0.190600
0.190640
0.190680
0.190720
0.190760
0.190800
0.190840
0.190880
0.190920
0.190960
0.191000
0.191040
0.191040
0.191080
0.191080
0.191120
0.191160
0.191200
0.191200
0.191240
0.191240
0.191280
0.191320
0.191320
0.191360
0.191400
0.191400
0.191440
0.191480
0.191520
0.191560
0.191600
0.191600
0.191600
0.191640
0.191680
0.191720
0.191760
0.191800
0.191840
0.191880
0.191920
0.191960
0.192000
0.192040
0.192080
0.192120
0.192160
0.192200
0.192200
0.192240
0.192280
0.192320
0.192360
0.192400
0.192440
0.192480
0.192520
0.192560
0.192600
0.192640
0.192680
0.192720
0.192760
0.192800
0.192800
0.192800
0.192800
0.192800
0.192800
0.192840
0.192880
0.192920
0.192960
0.193000
0.193000
0.193000
0.193000
0.193040
0.193040
0.193080
0.193120
0.193160
0.193200
0.193200
0.193240
0.193280
0.193320
0.193360
0.193400
0.193440
0.193480
0.193520
0.193560
0.193560
0.193600
0.193640
0.193680
0.193720
0.193760
0.193760
0.193800
0.193840
0.193840
0.193880
0.193920
0.193960
0.194000
0.194040
0.194080
0.194120
0.194160
0.194200
0.194200
0.194240
0.194280
0.194280
0.194320
0.194360
0.194400
0.194440
0.194480
0.194520
0.194560
0.194600
0.194640
0.194640
0.194640
0.194680
0.194680
0.194720
0.194760
0.194800
0.194840
0.194880
0.194920
0.194920
0.194960
0.195000
0.195040
0.195080
0.195120
0.195160
0.195200
0.195240
0.195280
0.195280
0.195320
0.195360
0.195360
0.195400
0.195400
0.195440
0.195480
0.195520
0.195560
0.195600
0.195640
0.195680
0.195720
0.195760
0.195760
0.195800
0.195840
0.195880
0.195880
0.195920
0.195920
0.195960
0.196000
0.196040
0.196080
0.196120
0.196160
0.196160
0.196200
0.196240
0.196280
0.196320
0.196360
0.196360
0.196400
0.196440
0.196480
0.196480
0.196520
0.196560
0.196600
0.196600
0.196640
0.196680
0.196720
0.196760
0.196800
0.196840
0.196880
0.196920
0.196920
0.196960
0.197000
0.197040
0.197040
0.197080
0.197120
0.197120
0.197160
0.197200
0.197200
0.197200
0.197240
0.197280
0.197320
0.197360
0.197400
0.197440
0.197480
0.197520
0.197560
0.197600
0.197640
0.197640
0.197640
0.197640
0.197680
0.197680
0.197720
0.197760
0.197800
0.197840
0.197880
0.197880
0.197920
0.197920
0.197920
0.197960
0.198000
0.198040
0.198080
0.198080
0.198120
0.198160
0.198200
0.198240
0.198280
0.198320
0.198360
0.198400
0.198400
0.198400
0.198440
0.198480
0.198520
0.198560
0.198560
0.198600
0.198640
0.198640
0.198680
0.198720
0.198720
0.198760
0.198800
0.198840
0.198880
0.198920
0.198960
0.199000
0.199040
0.199040
0.199080
0.199120
0.199160
0.199200
0.199240
0.199280
0.199320
0.199360
0.199400
0.199440
0.199480
0.199480
0.199520
0.199560
0.199560
0.199560
0.199600
0.199640
0.199680
0.199720
0.199760
0.199760
0.199760
0.199800
0.199840
0.199880
0.199880
0.199920
0.199960
0.199960
0.200000
0.200000
0.200040
0.200080
0.200080
0.200080
0.200120
0.200120
0.200160
0.200200
0.200200
0.200200
0.200240
0.200280
0.200320
0.200360
0.200400
0.200400
0.200440
0.200480
0.200520
0.200560
0.200560
0.200560
0.200600
0.200640
0.200680
0.200720
0.200760
0.200800
0.200840
0.200880
0.200920
0.200960
0.201000
0.201040
0.201080
0.201120
0.201160
0.201160
0.201200
0.201240
0.201280
0.201320
0.201320
0.201360
0.201400
0.201440
0.201480
0.201520
0.201560
0.201600
0.201600
0.201640
0.201680
0.201720
0.201760
0.201800
0.201840
0.201880
0.201920
0.201920
0.201960
0.201960
0.202000
0.202000
0.202040
0.202040
0.202040
0.202080
0.202120
0.202160
0.202200
0.202240
0.202280
0.202320
0.202360
0.202400
0.202400
0.202440
0.202480
0.202480
0.202480
0.202520
0.202520
0.202560
0.202600
0.202640
0.202680
0.202720
0.202760
0.202800
0.202800
0.202840
0.202840
0.202880
0.202880
0.202920
0.202960
0.203000
0.203040
0.203080
0.203120
0.203160
0.203200
0.203200
0.203200
0.203240
0.203240
0.203240
0.203280
0.203320
0.203360
0.203400
0.203440
0.203480
0.203520
0.203520
0.203560
0.203600
0.203640
0.203680
0.203720
0.203720
0.203720
0.203760
0.203800
0.203800
0.203840
0.203880
0.203920
0.203960
0.204000
0.204000
0.204000
0.204000
0.204000
0.204040
0.204040
0.204080
0.204080
0.204080
0.204120
0.204160
0.204200
0.204240
0.204280
0.204320
0.204360
0.204400
0.204400
0.204440
0.204480
0.204520
0.204560
0.204600
0.204640
0.204680
0.204680
0.204720
0.204760
0.204800
0.204840
0.204880
0.204880
0.204920
0.204960
0.204960
0.204960
0.205000
0.205040
0.205080
0.205080
0.205080
0.205120
0.205120
0.205160
0.205200
0.205240
0.205280
0.205320
0.205360
0.205400
0.205440
0.205480
0.205520
0.205560
0.205560
0.205600
0.205600
0.205640
0.205640
0.205680
0.205680
0.205720
0.205760
0.205800
0.205840
0.205880
0.205920
0.205960
0.205960
0.206000
0.206040
0.206080
0.206120
0.206120
0.206160
0.206200
0.206240
0.206280
0.206320
0.206360
0.206400
0.206400
0.206440
0.206440
0.206480
0.206520
0.206520
0.206560
0.206600
0.206600
0.206640
0.206680
0.206720
0.206760
0.206800
0.206800
0.206840
0.206880
0.206920
0.206920
0.206960
0.207000
0.207040
0.207040
0.207080
0.207120
0.207160
0.207160
0.207200
0.207240
0.207280
0.207320
0.207360
0.207400
0.207440
0.207480
0.207480
0.207480
0.207480
0.207520
0.207560
0.207600
0.207640
0.207680
0.207720
0.207760
0.207800
0.207840
0.207840
0.207880
0.207880
0.207880
0.207920
0.207960
0.208000
0.208000
0.208000
0.208040
0.208080
0.208120
0.208160
0.208200
0.208240
0.208240
0.208280
0.208320
0.208360
0.208360
0.208400
0.208440
0.208440
0.208440
0.208480
0.208520
0.208560
0.208560
0.208560
0.208560
0.208600
0.208640
0.208640
0.208680
0.208720
0.208720
0.208720
0.208760
0.208760
0.208800
0.208840
0.208840
0.208880
0.208920
0.208960
0.209000
0.209040
0.209080
0.209120
0.209160
0.209200
0.209200
0.209200
0.209240
0.209240
0.209240
0.209280
0.209320
0.209360
0.209400
0.209440
0.209480
0.209480
0.209480
0.209520
0.209560
0.209600
0.209640
0.209640
0.209640
0.209680
0.209720
0.209720
0.209760
0.209800
0.209840
0.209880
0.209920
0.209920
0.209960
0.210000
0.210040
0.210080
0.210080
0.210120
0.210160
0.210200
0.210240
0.210280
0.210280
0.210320
0.210360
0.210400
0.210400
0.210440
0.210440
0.210480
0.210520
0.210560
0.210600
0.210640
0.210680
0.210720
0.210720
0.210760
0.210800
0.210840
0.210880
0.210920
0.210960
0.210960
0.210960
0.211000
0.211000
0.211000
0.211040
0.211080
0.211120
0.211160
0.211160
0.211200
0.211200
0.211200
0.211240
0.211280
0.211320
0.211320
0.211320
0.211320
0.211360
0.211400
0.211440
0.211440
0.211480
0.211520
0.211560
0.211600
0.211600
0.211640
0.211680
0.211720
0.211760
0.211760
0.211800
0.211840
0.211880
0.211880
0.211920
0.211920
0.211960
0.212000
0.212040
0.212040
0.212080
0.212120
0.212160
0.212200
0.212240
0.212280
0.212320
0.212360
0.212360
0.212400
0.212440
0.212480
0.212520
0.212520
0.212520
0.212560
0.212600
0.212640
0.212680
0.212680
0.212720
0.212760
0.212800
0.212840
0.212880
0.212920
0.212960
0.213000
0.213040
0.213080
0.213120
0.213160
0.213200
0.213240
0.213280
0.213320
0.213320
0.213360
0.213400
0.213440
0.213480
0.213520
0.213560
0.213600
0.213640
0.213680
0.213680
0.213680
0.213680
0.213720
0.213760
0.213800
0.213840
0.213840
0.213880
0.213920
0.213960
0.214000
0.214040
0.214040
0.214080
0.214080
0.214080
0.214120
0.214160
0.214200
0.214200
0.214240
0.214240
0.214240
0.214240
0.214280
0.214320
0.214360
0.214400
0.214440
0.214480
0.214520
0.214520
0.214560
0.214600
0.214640
0.214680
0.214720
0.214760
0.214760
0.214800
0.214840
0.214880
0.214920
0.214960
0.215000
0.215040
0.215080
0.215120
0.215120
0.215160
0.215200
0.215200
0.215240
0.215240
0.215280
0.215320
0.215360
0.215400
0.215440
0.215480
0.215520
0.215560
0.215600
0.215640
0.215680
0.215720
0.215720
0.215760
0.215760
0.215760
0.215800
0.215840
0.215880
0.215920
0.215960
0.216000
0.216000
0.216040
0.216080
0.216120
0.216160
0.216160
0.216200
0.216240
0.216280
0.216280
0.216320
0.216320
0.216360
0.216360
0.216400
0.216400
0.216440
0.216440
0.216480
0.216520
0.216520
0.216560
0.216600
0.216600
0.216640
0.216680
0.216720
0.216720
0.216760
0.216800
0.216840
0.216880
0.216920
0.216960
0.217000
0.217040
0.217080
0.217120
0.217160
0.217200
0.217240
0.217280
0.217320
0.217360
0.217360
0.217400
0.217440
0.217480
0.217520
0.217520
0.217520
0.217560
0.217600
0.217640
0.217680
0.217720
0.217760
0.217760
0.217800
0.217840
0.217840
0.217880
0.217880
0.217920
0.217960
0.218000
0.218040
0.218080
0.218120
0.218120
0.218160
0.218200
0.218200
0.218200
0.218200
0.218240
0.218280
0.218320
0.218360
0.218400
0.218440
0.218440
0.218480
0.218520
0.218560
0.218560
0.218600
0.218640
0.218680
0.218720
0.218720
0.218760
0.218800
0.218840
0.218840
0.218880
0.218920
0.218960
0.219000
0.219040
0.219080
0.219080
0.219120
0.219160
0.219200
0.219200
0.219240
0.219280
0.219320
0.219320
0.219360
0.219400
0.219440
0.219480
0.219480
0.219520
0.219560
0.219600
0.219640
0.219640
0.219680
0.219720
0.219760
0.219800
0.219840
0.219840
0.219880
0.219920
0.219960
0.220000
0.220040
0.220040
0.220080
0.220120
0.220160
0.220200
0.220240
0.220240
0.220280
0.220320
0.220360
0.220360
0.220400
0.220440
0.220480
0.220480
0.220480
0.220480
0.220520
0.220560
0.220600
0.220600
0.220640
0.220680
0.220720
0.220760
0.220800
0.220840
0.220880
0.220920
0.220920
0.220960
0.221000
0.221040
0.221080
0.221120
0.221160
0.221200
0.221240
0.221280
0.221320
0.221360
0.221400
0.221400
0.221440
0.221480
0.221520
0.221560
0.221600
0.221640
0.221680
0.221720
0.221760
0.221760
0.221800
0.221800
0.221800
0.221840
0.221840
0.221880
0.221880
0.221920
0.221960
0.222000
0.222040
0.222040
0.222080
0.222120
0.222160
0.222160
0.222200
0.222240
0.222280
0.222280
0.222280
0.222320
0.222360
0.222400
0.222440
0.222480
0.222520
0.222560
0.222600
0.222600
0.222640
0.222680
0.222720
0.222760
0.222800
0.222840
0.222880
0.222920
0.222960
0.223000
0.223040
0.223040
0.223080
0.223120
0.223120
0.223160
0.223160
0.223200
0.223240
0.223280
0.223320
0.223360
0.223400
0.223400
0.223440
0.223480
0.223520
0.223560
0.223600
0.223640
0.223680
0.223720
0.223760
0.223800
0.223800
0.223840
0.223840
0.223880
0.223880
0.223920
0.223960
0.224000
0.224040
0.224080
0.224120
0.224160
0.224200
0.224240
0.224240
0.224240
0.224280
0.224320
0.224360
0.224400
0.224440
0.224480
0.224520
0.224560
0.224600
0.224640
0.224640
0.224680
0.224680
0.224720
0.224760
0.224800
0.224840
0.224880
0.224920
0.224960
0.225000
0.225040
0.225080
0.225120
0.225160
0.225200
0.225200
0.225200
0.225240
0.225280
0.225280
0.225320
0.225360
0.225400
0.225400
0.225440
0.225480
0.225520
0.225560
0.225560
0.225600
0.225640
0.225680
0.225720
0.225720
0.225760
0.225800
0.225840
0.225880
0.225880
0.225920
0.225960
0.226000
0.226040
0.226040
0.226080
0.226120
0.226160
0.226200
0.226240
0.226280
0.226320
0.226360
0.226400
0.226440
0.226480
0.226520
0.226560
0.226600
0.226640
0.226640
0.226680
0.226720
0.226760
0.226800
0.226800
0.226840
0.226880
0.226920
0.226960
0.227000
0.227040
0.227040
0.227080
0.227080
0.227080
0.227120
0.227160
0.227200
0.227240
0.227280
0.227320
0.227360
0.227400
0.227440
0.227480
0.227520
0.227560
0.227600
0.227640
0.227680
0.227680
0.227720
0.227760
0.227760
0.227800
0.227840
0.227880
0.227920
0.227960
0.228000
0.228040
0.228080
0.228120
0.228160
0.228200
0.228240
0.228280
0.228320
0.228360
0.228400
0.228440
0.228480
0.228480
0.228520
0.228560
0.228600
0.228640
0.228680
0.228680
0.228680
0.228720
0.228760
0.228800
0.228840
0.228840
0.228880
0.228920
0.228960
0.228960
0.229000
0.229040
0.229080
0.229120
0.229120
0.229160
0.229200
0.229240
0.229280
0.229320
0.229360
0.229400
0.229400
0.229440
0.229480
0.229520
0.229560
0.229560
0.229560
0.229560
0.229600
0.229600
0.229640
0.229680
0.229720
0.229760
0.229800
0.229840
0.229880
0.229920
0.229960
0.229960
0.230000
0.230000
0.230040
0.230080
0.230120
0.230160
0.230160
0.230200
0.230240
0.230280
0.230320
0.230360
0.230400
0.230440
0.230440
0.230480
0.230520
0.230520
0.230560
0.230600
0.230640
0.230680
0.230720
0.230760
0.230800
0.230840
0.230880
0.230920
0.230960
0.231000
0.231000
0.231040
0.231040
0.231080
0.231080
0.231120
0.231160
0.231200
0.231240
0.231280
0.231320
0.231360
0.231400
0.231440
0.231480
0.231480
0.231520
0.231560
0.231560
0.231600
0.231600
0.231640
0.231680
0.231720
0.231720
0.231760
0.231800
0.231840
0.231880
0.231920
0.231920
0.231960
0.231960
0.232000
0.232000
0.232040
0.232080
0.232120
0.232160
0.232200
0.232240
0.232280
0.232320
0.232360
0.232400
0.232400
0.232440
0.232440
0.232480
0.232480
0.232480
0.232520
0.232560
0.232600
0.232640
0.232640
0.232680
0.232680
0.232720
0.232760
0.232800
0.232840
0.232880
0.232920
0.232960
0.233000
0.233040
0.233080
0.233120
0.233120
0.233120
0.233160
0.233200
0.233240
0.233280
0.233320
0.233360
0.233400
0.233440
0.233480
0.233520
0.233520
0.233560
0.233600
0.233640
0.233680
0.233720
0.233760
0.233800
0.233840
0.233880
0.233920
0.233920
0.233960
0.234000
0.234040
0.234080
0.234120
0.234160
0.234160
0.234200
0.234200
0.234200
0.234240
0.234280
0.234320
0.234360
0.234400
0.234440
0.234480
0.234480
0.234520
0.234560
0.234600
0.234640
0.234680
0.234720
0.234760
0.234800
0.234840
0.234880
0.234880
0.234920
0.234960
0.235000
0.235040
0.235040
0.235040
0.235080
0.235120
0.235160
0.235200
0.235240
0.235280
0.235280
0.235320
0.235360
0.235400
0.235440
0.235480
0.235520
0.235560
0.235560
0.235600
0.235640
0.235680
0.235720
0.235760
0.235800
0.235840
0.235880
0.235880
0.235920
0.235960
0.236000
0.236040
0.236080
0.236120
0.236160
0.236200
0.236240
0.236280
0.236320
0.236360
0.236360
0.236360
0.236400
0.236440
0.236440
0.236440
0.236440
0.236480
0.236520
0.236560
0.236600
0.236640
0.236680
0.236680
0.236720
0.236760
0.236760
0.236800
0.236800
0.236840
0.236840
0.236880
0.236920
0.236960
0.236960
0.237000
0.237040
0.237040
0.237080
0.237120
0.237160
0.237200
0.237240
0.237280
0.237320
0.237360
0.237400
0.237440
0.237480
0.237520
0.237560
0.237600
0.237600
0.237640
0.237680
0.237720
0.237760
0.237800
0.237840
0.237840
0.237840
0.237840
0.237880
0.237880
0.237920
0.237960
0.238000
0.238040
0.238080
0.238120
0.238120
0.238120
0.238160
0.238200
0.238240
0.238280
0.238320
0.238360
0.238400
0.238440
0.238480
0.238520
0.238520
0.238560
0.238560
0.238600
0.238600
0.238600
0.238600
0.238640
0.238640
0.238640
0.238680
0.238720
0.238760
0.238760
0.238800
0.238840
0.238880
0.238880
0.238880
0.238920
0.238920
0.238960
0.239000
0.239040
0.239080
0.239120
0.239160
0.239200
0.239240
0.239280
0.239320
0.239320
0.239320
0.239360
0.239400
0.239440
0.239440
0.239440
0.239480
0.239520
0.239560
0.239600
0.239640
0.239640
0.239640
0.239680
0.239720
0.239760
0.239800
0.239840
0.239880
0.239920
0.239960
0.239960
0.240000
0.240040
0.240080
0.240120
0.240120
0.240160
0.240200
0.240240
0.240240
0.240280
0.240320
0.240360
0.240360
0.240400
0.240440
0.240480
0.240520
0.240520
0.240560
0.240560
0.240600
0.240640
0.240680
0.240720
0.240760
0.240800
0.240800
0.240840
0.240880
0.240920
0.240960
0.241000
0.241040
0.241040
0.241040
0.241080
0.241120
0.241160
0.241160
0.241200
0.241200
0.241240
0.241280
0.241280
0.241320
0.241360
0.241400
0.241440
0.241480
0.241520
0.241560
0.241600
0.241640
0.241680
0.241680
0.241720
0.241760
0.241760
0.241800
0.241840
0.241880
0.241920
0.241960
0.242000
0.242000
0.242040
0.242080
0.242120
0.242160
0.242200
0.242240
0.242240
0.242280
0.242280
0.242320
0.242360
0.242400
0.242400
0.242440
0.242440
0.242440
0.242480
0.242520
0.242560
0.242560
0.242600
0.242600
0.242640
0.242640
0.242680
0.242720
0.242720
0.242760
0.242800
0.242840
0.242880
0.242920
0.242920
0.242920
0.242920
0.242960
0.243000
0.243040
0.243080
0.243120
0.243120
0.243160
0.243160
0.243200
0.243240
0.243280
0.243320
0.243320
0.243360
0.243400
0.243440
0.243440
0.243480
0.243520
0.243560
0.243600
0.243640
0.243640
0.243680
0.243680
0.243720
0.243760
0.243800
0.243800
0.243840
0.243880
0.243920
0.243960
0.244000
0.244000
0.244040
0.244080
0.244120
0.244160
0.244200
0.244240
0.244280
0.244320
0.244360
0.244400
0.244400
0.244440
0.244480
0.244520
0.244560
0.244560
0.244600
0.244640
0.244680
0.244680
0.244680
0.244680
0.244720
0.244760
0.244800
0.244840
0.244880
0.244920
0.244960
0.245000
0.245040
0.245080
0.245080
0.245120
0.245120
0.245160
0.245200
0.245200
0.245240
0.245280
0.245320
0.245360
0.245360
0.245400
0.245440
0.245480
0.245520
0.245560
0.245600
0.245640
0.245680
0.245720
0.245760
0.245760
0.245800
0.245840
0.245880
0.245920
0.245960
0.245960
0.246000
0.246040
0.246080
0.246120
0.246160
0.246160
0.246200
0.246240
0.246280
0.246280
0.246320
0.246320
0.246360
0.246400
0.246440
0.246480
0.246480
0.246480
0.246520
0.246560
0.246600
0.246600
0.246640
0.246680
0.246720
0.246760
0.246760
0.246800
0.246800
0.246840
0.246840
0.246880
0.246920
0.246960
0.247000
0.247040
0.247080
0.247120
0.247160
0.247160
0.247200
0.247240
0.247280
0.247280
0.247320
0.247360
0.247400
0.247440
0.247480
0.247480
0.247520
0.247560
0.247600
0.247640
0.247680
0.247720
0.247760
0.247800
0.247800
0.247840
0.247880
0.247920
0.247960
0.248000
0.248000
0.248040
0.248080
0.248120
0.248120
0.248160
0.248160
0.248200
0.248240
0.248280
0.248320
0.248360
0.248400
0.248440
0.248480
0.248520
0.248560
0.248600
0.248600
0.248640
0.248640
0.248680
0.248680
0.248720
0.248720
0.248760
0.248800
0.248800
0.248840
0.248880
0.248920
0.248960
0.249000
0.249000
0.249040
0.249080
0.249120
0.249160
0.249200
0.249240
0.249280
0.249280
0.249280
0.249320
0.249360
0.249400
0.249440
0.249440
0.249480
0.249480
0.249520
0.249560
0.249600
0.249600
0.249640
0.249680
0.249720
0.249760
0.249760
0.249800
0.249840
0.249880
0.249880
0.249920
0.249920
0.249960
0.250000
0.250040
0.250040
0.250080
0.250120
0.250160
0.250200
0.250240
0.250240
0.250240
0.250280
0.250320
0.250360
0.250400
0.250440
0.250480
0.250520
0.250560
0.250600
0.250640
0.250680
0.250720
0.250720
0.250760
0.250800
0.250840
0.250880
0.250920
0.250960
0.251000
0.251040
0.251080
0.251120
0.251160
0.251160
0.251200
0.251200
0.251200
0.251240
0.251280
0.251280
0.251280
0.251320
0.251360
0.251400
0.251440
0.251440
0.251440
0.251480
0.251480
0.251480
0.251520
0.251560
0.251600
0.251640
0.251680
0.251720
0.251760
0.251800
0.251840
0.251840
0.251840
0.251880
0.251920
0.251920
0.251960
0.252000
0.252040
0.252080
0.252120
0.252160
0.252200
0.252240
0.252280
0.252320
0.252320
0.252360
0.252400
0.252440
0.252480
0.252520
0.252560
0.252560
0.252600
0.252640
0.252640
0.252680
0.252680
0.252720
0.252760
0.252800
0.252840
0.252880
0.252920
0.252960
0.252960
0.253000
0.253040
0.253080
0.253120
0.253160
0.253200
0.253240
0.253280
0.253320
0.253320
0.253360
0.253400
0.253440
0.253480
0.253520
0.253520
0.253560
0.253560
0.253600
0.253640
0.253640
0.253640
0.253680
0.253720
0.253760
0.253800
0.253840
0.253880
0.253920
0.253960
0.254000
0.254040
0.254080
0.254120
0.254160
0.254200
0.254240
0.254280
0.254320
0.254360
0.254400
0.254440
0.254480
0.254520
0.254560
0.254600
0.254640
0.254640
0.254680
0.254680
0.254680
0.254720
0.254760
0.254800
0.254840
0.254880
0.254920
0.254960
0.255000
0.255000
0.255040
0.255080
0.255120
0.255160
0.255200
0.255240
0.255280
0.255320
0.255360
0.255400
0.255440
0.255480
0.255480
0.255520
0.255560
0.255560
0.255600
0.255640
0.255680
0.255680
0.255720
0.255720
0.255760
0.255800
0.255840
0.255880
0.255920
0.255960
0.255960
0.256000
0.256040
0.256080
0.256120
0.256160
0.256160
0.256160
0.256200
0.256240
0.256240
0.256280
0.256320
0.256320
0.256360
0.256360
0.256400
0.256440
0.256480
0.256520
0.256560
0.256600
0.256600
0.256640
0.256680
0.256680
0.256680
0.256720
0.256760
0.256760
0.256800
0.256840
0.256840
0.256880
0.256920
0.256960
0.257000
0.257040
0.257080
0.257120
0.257120
0.257160
0.257160
0.257200
0.257240
0.257280
0.257320
0.257360
0.257400
0.257440
0.257480
0.257520
0.257560
0.257600
0.257640
0.257680
0.257720
0.257720
0.257760
0.257760
0.257760
0.257800
0.257840
0.257840
0.257880
0.257920
0.257920
0.257960
0.257960
0.258000
0.258040
0.258080
0.258120
0.258160
0.258200
0.258200
0.258240
0.258280
0.258320
0.258320
0.258360
0.258400
0.258400
0.258400
0.258440
0.258480
0.258520
0.258560
0.258600
0.258600
0.258640
0.258680
0.258720
0.258760
0.258800
0.258840
0.258880
0.258920
0.258920
0.258960
0.258960
0.259000
0.259040
0.259040
0.259080
0.259120
0.259160
0.259200
0.259240
0.259240
0.259280
0.259320
0.259360
0.259400
0.259440
0.259480
0.259520
0.259560
0.259600
0.259640
0.259680
0.259680
0.259720
0.259760
0.259800
0.259800
0.259840
0.259880
0.259920
0.259960
0.259960
0.260000
0.260000
0.260040
0.260040
0.260080
0.260120
0.260160
0.260160
0.260200
0.260240
0.260280
0.260320
0.260320
0.260360
0.260400
0.260440
0.260480
0.260520
0.260560
0.260600
0.260640
0.260680
0.260720
0.260720
0.260760
0.260800
0.260840
0.260880
0.260920
0.260920
0.260960
0.261000
0.261040
0.261080
0.261080
0.261120
0.261160
0.261200
0.261240
0.261280
0.261320
0.261360
0.261400
0.261440
0.261480
0.261520
0.261560
0.261600
0.261640
0.261680
0.261720
0.261760
0.261800
0.261840
0.261840
0.261880
0.261920
0.261960
0.261960
0.262000
0.262040
0.262080
0.262120
0.262120
0.262160
0.262200
0.262240
0.262280
0.262320
0.262360
0.262400
0.262440
0.262480
0.262520
0.262560
0.262600
0.262640
0.262640
0.262640
0.262680
0.262680
0.262720
0.262760
0.262800
0.262800
0.262840
0.262840
0.262880
0.262920
0.262960
0.263000
0.263040
0.263080
0.263080
0.263120
0.263160
0.263200
0.263240
0.263240
0.263240
0.263280
0.263320
0.263360
0.263360
0.263400
0.263400
0.263400
0.263440
0.263480
0.263520
0.263520
0.263520
0.263560
0.263600
0.263640
0.263680
0.263680
0.263720
0.263760
0.263760
0.263760
0.263800
0.263800
0.263840
0.263880
0.263920
0.263960
0.263960
0.264000
0.264040
0.264080
0.264120
0.264160
0.264200
0.264240
0.264280
0.264320
0.264320
0.264360
0.264400
0.264440
0.264480
0.264520
0.264560
0.264600
0.264600
0.264600
0.264640
0.264680
0.264680
0.264680
0.264720
0.264760
0.264800
0.264840
0.264880
0.264920
0.264960
0.265000
0.265040
0.265080
0.265120
0.265160
0.265200
0.265200
0.265200
0.265200
0.265240
0.265280
0.265320
0.265320
0.265320
0.265360
0.265400
0.265440
0.265480
0.265520
0.265560
0.265600
0.265640
0.265680
0.265680
0.265720
0.265720
0.265760
0.265800
0.265840
0.265880
0.265920
0.265960
0.266000
0.266040
0.266080
0.266120
0.266160
0.266200
0.266200
0.266240
0.266280
0.266320
0.266360
0.266400
0.266400
0.266440
0.266480
0.266520
0.266560
0.266600
0.266640
0.266680
0.266720
0.266760
0.266800
0.266840
0.266880
0.266920
0.266920
0.266960
0.266960
0.266960
0.267000
0.267040
0.267080
0.267120
0.267160
0.267200
0.267240
0.267280
0.267320
0.267360
0.267400
0.267440
0.267480
0.267520
0.267560
0.267600
0.267640
0.267680
0.267720
0.267760
0.267800
0.267840
0.267880
0.267880
0.267920
0.267960
0.268000
0.268040
0.268080
0.268080
0.268120
0.268160
0.268160
0.268200
0.268240
0.268280
0.268320
0.268320
0.268360
0.268400
0.268400
0.268400
0.268440
0.268480
0.268480
0.268520
0.268520
0.268560
0.268600
0.268640
0.268680
0.268680
0.268720
0.268760
0.268800
0.268840
0.268880
0.268920
0.268960
0.268960
0.269000
0.269040
0.269080
0.269120
0.269120
0.269160
0.269200
0.269200
0.269240
0.269280
0.269320
0.269360
0.269400
0.269440
0.269480
0.269520
0.269560
0.269600
0.269600
0.269600
0.269640
0.269680
0.269720
0.269720
0.269760
0.269800
0.269800
0.269840
0.269840
0.269840
0.269880
0.269880
0.269920
0.269920
0.269960
0.270000
0.270000
0.270040
0.270080
0.270120
0.270160
0.270160
0.270200
0.270240
0.270280
0.270320
0.270360
0.270400
0.270400
0.270440
0.270480
0.270480
0.270520
0.270560
0.270600
0.270640
0.270680
0.270720
0.270760
0.270800
0.270840
0.270880
0.270920
0.270960
0.271000
0.271040
0.271040
0.271040
0.271040
0.271040
0.271040
0.271080
0.271120
0.271160
0.271200
0.271240
0.271280
0.271320
0.271320
0.271320
0.271360
0.271400
0.271440
0.271440
0.271480
0.271520
0.271560
0.271600
0.271640
0.271680
0.271720
0.271720
0.271720
0.271720
0.271760
0.271800
0.271840
0.271880
0.271920
0.271960
0.271960
0.272000
0.272040
0.272040
0.272080
0.272080
0.272120
0.272120
0.272120
0.272160
0.272200
0.272240
0.272280
0.272320
0.272320
0.272320
0.272360
0.272400
0.272440
0.272480
0.272520
0.272560
0.272600
0.272600
0.272640
0.272680
0.272720
0.272760
0.272800
0.272840
0.272840
0.272880
0.272920
0.272920
0.272960
0.273000
0.273040
0.273080
0.273080
0.273080
0.273120
0.273160
0.273200
0.273200
0.273200
0.273200
0.273240
0.273280
0.273320
0.273360
0.273400
0.273400
0.273440
0.273440
0.273480
0.273520
0.273520
0.273560
0.273600
0.273640
0.273640
0.273680
0.273720
0.273760
0.273760
0.273800
0.273840
0.273880
0.273920
0.273960
0.274000
0.274040
0.274080
0.274120
0.274160
0.274200
0.274240
0.274280
0.274320
0.274320
0.274360
0.274400
0.274440
0.274440
0.274480
0.274520
0.274560
0.274600
0.274640
0.274680
0.274720
0.274720
0.274760
0.274800
0.274840
0.274880
0.274920
0.274920
0.274960
0.275000
0.275040
0.275080
0.275120
0.275120
0.275160
0.275200
0.275240
0.275280
0.275320
0.275360
0.275400
0.275400
0.275440
0.275480
0.275520
0.275560
0.275560
0.275600
0.275640
0.275680
0.275720
0.275720
0.275760
0.275800
0.275840
0.275880
0.275920
0.275960
0.276000
0.276040
0.276080
0.276120
0.276160
0.276200
0.276200
0.276240
0.276280
0.276320
0.276320
0.276360
0.276400
0.276400
0.276440
0.276480
0.276480
0.276520
0.276560
0.276600
0.276640
0.276680
0.276720
0.276760
0.276760
0.276800
0.276840
0.276880
0.276920
0.276960
0.277000
0.277040
0.277040
0.277080
0.277120
0.277120
0.277160
0.277160
0.277200
0.277240
0.277280
0.277280
0.277320
0.277360
0.277400
0.277440
0.277480
0.277520
0.277520
0.277560
0.277600
0.277640
0.277680
0.277720
0.277760
0.277800
0.277840
0.277880
0.277920
0.277960
0.278000
0.278040
0.278080
0.278120
0.278160
0.278200
0.278240
0.278280
0.278320
0.278320
0.278360
0.278360
0.278400
0.278440
0.278480
0.278520
0.278520
0.278560
0.278560
0.278600
0.278640
0.278680
0.278720
0.278760
0.278800
0.278840
0.278880
0.278920
0.278960
0.279000
0.279040
0.279040
0.279040
0.279080
0.279120
0.279160
0.279200
0.279240
0.279280
0.279280
0.279320
0.279360
0.279400
0.279440
0.279440
0.279480
0.279520
0.279560
0.279600
0.279600
0.279600
0.279600
0.279600
0.279640
0.279680
0.279720
0.279760
0.279800
0.279840
0.279880
0.279920
0.279960
0.280000
0.280040
0.280080
0.280120
0.280160
0.280160
0.280200
0.280200
0.280240
0.280280
0.280320
0.280320
0.280360
0.280400
0.280400
0.280440
0.280440
0.280480
0.280520
0.280560
0.280600
0.280640
0.280640
0.280640
0.280680
0.280720
0.280720
0.280760
0.280760
0.280800
0.280800
0.280800
0.280840
0.280880
0.280920
0.280960
0.280960
0.280960
0.281000
0.281040
0.281080
0.281120
0.281160
0.281200
0.281200
0.281240
0.281280
0.281320
0.281360
0.281400
0.281440
0.281480
0.281520
0.281560
0.281560
0.281600
0.281640
0.281680
0.281720
0.281720
0.281760
0.281800
0.281840
0.281840
0.281840
0.281880
0.281920
0.281920
0.281920
0.281960
0.281960
0.282000
0.282000
0.282040
0.282080
0.282080
0.282120
0.282160
0.282200
0.282240
0.282280
0.282280
0.282280
0.282320
0.282360
0.282400
0.282440
0.282440
0.282480
0.282520
0.282560
0.282560
0.282600
0.282640
0.282640
0.282680
0.282720
0.282760
0.282800
0.282800
0.282840
0.282880
0.282920
0.282960
0.283000
0.283000
0.283000
0.283040
0.283040
0.283080
0.283120
0.283160
0.283200
0.283200
0.283240
0.283280
0.283280
0.283320
0.283360
0.283400
0.283440
0.283440
0.283440
0.283480
0.283520
0.283560
0.283600
0.283640
0.283680
0.283720
0.283760
0.283800
0.283800
0.283800
0.283840
0.283880
0.283880
0.283920
0.283960
0.284000
0.284040
0.284080
0.284080
0.284120
0.284160
0.284200
0.284240
0.284280
0.284280
0.284320
0.284320
0.284360
0.284400
0.284400
0.284440
0.284440
0.284480
0.284520
0.284560
0.284560
0.284600
0.284640
0.284680
0.284720
0.284760
0.284800
0.284840
0.284840
0.284880
0.284920
0.284960
0.285000
0.285040
0.285080
0.285080
0.285120
0.285120
0.285160
0.285200
0.285240
0.285280
0.285320
0.285360
0.285400
0.285440
0.285480
0.285520
0.285560
0.285600
0.285640
0.285640
0.285680
0.285720
0.285760
0.285800
0.285840
0.285840
0.285880
0.285920
0.285960
0.286000
0.286000
0.286040
0.286040
0.286040
0.286040
0.286080
0.286080
0.286120
0.286160
0.286200
0.286240
0.286280
0.286320
0.286360
0.286400
0.286440
0.286440
0.286480
0.286520
0.286560
0.286560
0.286600
0.286640
0.286680
0.286720
0.286760
0.286760
0.286800
0.286800
0.286840
0.286880
0.286920
0.286920
0.286960
0.287000
0.287000
0.287040
0.287040
0.287040
0.287040
0.287080
0.287080
0.287120
0.287160
0.287160
0.287200
0.287200
0.287240
0.287280
0.287280
0.287320
0.287360
0.287400
0.287440
0.287440
0.287480
0.287520
0.287520
0.287560
0.287560
0.287600
0.287640
0.287680
0.287680
0.287680
0.287720
0.287720
0.287760
0.287800
0.287840
0.287880
0.287920
0.287960
0.288000
0.288040
0.288080
0.288120
0.288160
0.288200
0.288240
0.288280
0.288320
0.288360
0.288400
0.288440
0.288440
0.288480
0.288520
0.288560
0.288600
0.288640
0.288680
0.288680
0.288720
0.288760
0.288800
0.288840
0.288880
0.288920
0.288960
0.288960
0.288960
0.289000
0.289040
0.289080
0.289120
0.289120
0.289160
0.289200
0.289240
0.289280
0.289320
0.289320
0.289360
0.289400
0.289440
0.289480
0.289480
0.289520
0.289560
0.289560
0.289560
0.289600
0.289640
0.289680
0.289680
0.289720
0.289760
0.289760
0.289800
0.289840
0.289840
0.289880
0.289880
0.289880
0.289880
0.289880
0.289880
0.289920
0.289960
0.289960
0.289960
0.289960
0.290000
0.290040
0.290080
0.290080
0.290120
0.290160
0.290200
0.290240
0.290280
0.290320
0.290360
0.290400
0.290440
0.290480
0.290520
0.290560
0.290560
0.290600
0.290640
0.290680
0.290720
0.290760
0.290800
0.290840
0.290880
0.290920
0.290920
0.290920
0.290960
0.291000
0.291040
0.291080
0.291120
0.291120
0.291120
0.291160
0.291200
0.291200
0.291240
0.291280
0.291320
0.291360
0.291400
0.291440
0.291480
0.291520
0.291560
0.291600
0.291640
0.291680
0.291720
0.291760
0.291760
0.291800
0.291840
0.291880
0.291920
0.291960
0.292000
0.292000
0.292040
0.292080
0.292120
0.292120
0.292160
0.292160
0.292160
0.292200
0.292240
0.292280
0.292280
0.292320
0.292320
0.292320
0.292320
0.292360
0.292400
0.292400
0.292440
0.292480
0.292480
0.292520
0.292520
0.292560
0.292600
0.292640
0.292680
0.292720
0.292760
0.292760
0.292760
0.292800
0.292840
0.292880
0.292920
0.292960
0.293000
0.293040
0.293040
0.293080
0.293080
0.293080
0.293120
0.293160
0.293200
0.293240
0.293280
0.293320
0.293360
0.293400
0.293440
0.293480
0.293520
0.293520
0.293560
0.293600
0.293640
0.293640
0.293680
0.293720
0.293760
0.293800
0.293840
0.293880
0.293880
0.293920
0.293920
0.293960
0.294000
0.294040
0.294080
0.294120
0.294160
0.294200
0.294240
0.294280
0.294320
0.294320
0.294360
0.294360
0.294400
0.294400
0.294440
0.294480
0.294480
0.294520
0.294560
0.294600
0.294640
0.294680
0.294720
0.294760
0.294800
0.294840
0.294840
0.294880
0.294880
0.294920
0.294960
0.294960
0.295000
0.295040
0.295040
0.295080
0.295080
0.295080
0.295080
0.295120
0.295120
0.295160
0.295200
0.295200
0.295240
0.295280
0.295320
0.295360
0.295400
0.295440
0.295480
0.295520
0.295560
0.295600
0.295640
0.295680
0.295720
0.295720
0.295760
0.295800
0.295840
0.295880
0.295920
0.295960
0.296000
0.296040
0.296040
0.296080
0.296120
0.296160
0.296160
0.296160
0.296160
0.296200
0.296240
0.296280
0.296280
0.296320
0.296360
0.296400
0.296440
0.296480
0.296520
0.296560
0.296560
0.296600
0.296600
0.296640
0.296680
0.296720
0.296720
0.296760
0.296800
0.296800
0.296840
0.296880
0.296920
0.296960
0.297000
0.297040
0.297080
0.297120
0.297120
0.297160
0.297200
0.297240
0.297280
0.297320
0.297360
0.297360
0.297400
0.297400
0.297440
0.297480
0.297520
0.297560
0.297600
0.297640
0.297680
0.297720
0.297760
0.297760
0.297800
0.297840
0.297840
0.297880
0.297920
0.297960
0.298000
0.298000
0.298040
0.298080
0.298120
0.298160
0.298200
0.298240
0.298280
0.298280
0.298280
0.298320
0.298360
0.298360
0.298400
0.298440
0.298480
0.298520
0.298520
0.298560
0.298560
0.298600
0.298640
0.298680
0.298720
0.298760
0.298800
0.298840
0.298840
0.298840
0.298880
0.298920
0.298920
0.298960
0.298960
0.299000
0.299040
0.299080
0.299080
0.299120
0.299160
0.299200
0.299240
0.299240
0.299240
0.299240
0.299280
0.299320
0.299320
0.299360
0.299400
0.299400
0.299440
0.299480
0.299480
0.299520
0.299520
0.299560
0.299600
0.299640
0.299640
0.299680
0.299720
0.299760
0.299800
0.299840
0.299880
0.299920
0.299960
0.300000
0.300040
0.300080
0.300120
0.300160
0.300200
0.300240
0.300280
0.300320
0.300360
0.300400
0.300440
0.300480
0.300480
0.300520
0.300560
0.300600
0.300640
0.300680
0.300680
0.300680
0.300720
0.300760
0.300800
0.300840
0.300840
0.300880
0.300880
0.300920
0.300960
0.301000
0.301040
0.301080
0.301120
0.301160
0.301200
0.301240
0.301280
0.301320
0.301320
0.301360
0.301400
0.301440
0.301480
0.301520
0.301560
0.301600
0.301640
0.301680
0.301720
0.301760
0.301800
0.301840
0.301840
0.301880
0.301920
0.301960
0.302000
0.302000
0.302040
0.302080
0.302120
0.302160
0.302200
0.302240
0.302240
0.302280
0.302320
0.302360
0.302400
0.302440
0.302440
0.302480
0.302520
0.302520
0.302560
0.302560
0.302600
0.302640
0.302680
0.302720
0.302760
0.302800
0.302840
0.302880
0.302920
0.302960
0.303000
0.303040
0.303080
0.303120
0.303160
0.303200
0.303240
0.303240
0.303280
0.303320
0.303360
0.303360
0.303400
0.303440
0.303480
0.303520
0.303560
0.303600
0.303640
0.303680
0.303720
0.303760
0.303800
0.303840
0.303840
0.303880
0.303920
0.303960
0.303960
0.304000
0.304040
0.304080
0.304120
0.304160
0.304200
0.304240
0.304280
0.304320
0.304320
0.304320
0.304360
0.304400
0.304440
0.304480
0.304520
0.304520
0.304560
0.304560
0.304600
0.304600
0.304640
0.304680
0.304720
0.304760
0.304800
0.304800
0.304840
0.304880
0.304920
0.304960
0.305000
0.305000
0.305000
0.305040
0.305040
0.305080
0.305120
0.305160
0.305200
0.305200
0.305240
0.305280
0.305320
0.305360
0.305400
0.305440
0.305480
0.305520
0.305560
0.305560
0.305600
0.305640
0.305680
0.305680
0.305720
0.305720
0.305760
0.305800
0.305840
0.305880
0.305920
0.305920
0.305960
0.306000
0.306040
0.306080
0.306120
0.306160
0.306200
0.306240
0.306240
0.306280
0.306320
0.306320
0.306360
0.306400
0.306440
0.306480
0.306480
0.306520
0.306520
0.306560
0.306560
0.306600
0.306640
0.306680
0.306720
0.306720
0.306760
0.306760
0.306760
0.306800
0.306840
0.306880
0.306920
0.306960
0.307000
0.307040
0.307080
0.307120
0.307120
0.307160
0.307200
0.307240
0.307240
0.307280
0.307320
0.307360
0.307400
0.307440
0.307440
0.307480
0.307520
0.307560
0.307560
0.307600
0.307640
0.307640
0.307640
0.307680
0.307720
0.307760
0.307760
0.307800
0.307800
0.307840
0.307880
0.307920
0.307960
0.308000
0.308040
0.308040
0.308080
0.308120
0.308160
0.308160
0.308200
0.308240
0.308280
0.308320
0.308320
0.308360
0.308400
0.308440
0.308480
0.308480
0.308480
0.308520
0.308560
0.308600
0.308640
0.308680
0.308720
0.308760
0.308800
0.308800
0.308840
0.308880
0.308920
0.308960
0.309000
0.309000
0.309040
0.309080
0.309120
0.309120
0.309160
0.309200
0.309200
0.309240
0.309280
0.309320
0.309360
0.309360
0.309400
0.309440
0.309480
0.309520
0.309560
0.309600
0.309600
0.309640
0.309680
0.309680
0.309680
0.309720
0.309720
0.309760
0.309800
0.309800
0.309840
0.309880
0.309880
0.309920
0.309920
0.309960
0.310000
0.310000
0.310040
0.310080
0.310120
0.310160
0.310200
0.310240
0.310280
0.310280
0.310320
0.310360
0.310360
0.310360
0.310400
0.310440
0.310480
0.310480
0.310520
0.310520
0.310520
0.310560
0.310600
0.310640
0.310680
0.310720
0.310760
0.310800
0.310840
0.310880
0.310920
0.310960
0.311000
0.311040
0.311080
0.311120
0.311160
0.311200
0.311240
0.311280
0.311320
0.311360
0.311360
0.311400
0.311440
0.311480
0.311480
0.311520
0.311560
0.311600
0.311640
0.311680
0.311720
0.311760
0.311760
0.311800
0.311840
0.311880
0.311880
0.311920
0.311920
0.311920
0.311960
0.312000
0.312040
0.312080
0.312120
0.312160
0.312200
0.312200
0.312240
0.312240
0.312280
0.312320
0.312360
0.312400
0.312440
0.312480
0.312520
0.312560
0.312600
0.312600
0.312600
0.312640
0.312680
0.312720
0.312760
0.312800
0.312840
0.312840
0.312880
0.312920
0.312960
0.313000
0.313040
0.313080
0.313120
0.313160
0.313200
0.313240
0.313240
0.313240
0.313240
0.313280
0.313280
0.313320
0.313360
0.313400
0.313440
0.313480
0.313480
0.313520
0.313560
0.313600
0.313600
0.313640
0.313680
0.313720
0.313760
0.313800
0.313840
0.313880
0.313880
0.313920
0.313960
0.313960
0.314000
0.314040
0.314080
0.314120
0.314160
0.314160
0.314200
0.314240
0.314280
0.314320
0.314360
0.314400
0.314440
0.314440
0.314440
0.314480
0.314480
0.314480
0.314520
0.314560
0.314600
0.314640
0.314640
0.314680
0.314680
0.314720
0.314760
0.314800
0.314840
0.314840
0.314880
0.314920
0.314960
0.315000
0.315040
0.315080
0.315120
0.315160
0.315160
0.315200
0.315240
0.315240
0.315280
0.315320
0.315360
0.315400
0.315400
0.315440
0.315480
0.315520
0.315560
0.315600
0.315640
0.315680
0.315720
0.315760
0.315800
0.315840
0.315880
0.315920
0.315960
0.316000
0.316000
0.316040
0.316040
0.316080
0.316120
0.316160
0.316160
0.316160
0.316200
0.316240
0.316280
0.316320
0.316360
0.316360
0.316400
0.316400
0.316440
0.316480
0.316520
0.316560
0.316600
0.316640
0.316680
0.316720
0.316760
0.316800
0.316840
0.316880
0.316920
0.316960
0.316960
0.317000
0.317040
0.317080
0.317120
0.317160
0.317200
0.317200
0.317200
0.317240
0.317280
0.317320
0.317360
0.317360
0.317400
0.317440
0.317480
0.317520
0.317560
0.317600
0.317640
0.317680
0.317720
0.317760
0.317800
0.317840
0.317880
0.317880
0.317880
0.317920
0.317960
0.318000
0.318000
0.318000
0.318040
0.318040
0.318040
0.318080
0.318120
0.318160
0.318200
0.318240
0.318240
0.318240
0.318280
0.318320
0.318360
0.318360
0.318360
0.318400
0.318440
0.318480
0.318520
0.318560
0.318600
0.318640
0.318680
0.318720
0.318760
0.318800
0.318800
0.318840
0.318880
0.318880
0.318880
0.318920
0.318960
0.319000
0.319000
0.319000
0.319040
0.319040
0.319080
0.319080
0.319080
0.319080
0.319120
0.319160
0.319160
0.319200
0.319240
0.319280
0.319320
0.319360
0.319400
0.319440
0.319480
0.319520
0.319520
0.319560
0.319600
0.319640
0.319680
0.319720
0.319760
0.319800
0.319840
0.319880
0.319920
0.319960
0.319960
0.320000
0.320000
0.320040
0.320080
0.320120
0.320160
0.320200
0.320240
0.320280
0.320280
0.320320
0.320360
0.320400
0.320440
0.320480
0.320480
0.320520
0.320520
0.320560
0.320600
0.320640
0.320680
0.320720
0.320760
0.320760
0.320800
0.320840
0.320880
0.320920
0.320960
0.321000
0.321040
0.321080
0.321120
0.321160
0.321160
0.321200
0.321240
0.321280
0.321320
0.321360
0.321400
0.321440
0.321480
0.321520
0.321560
0.321600
0.321600
0.321640
0.321680
0.321720
0.321760
0.321800
0.321840
0.321880
0.321920
0.321960
0.322000
0.322040
0.322080
0.322120
0.322160
0.322200
0.322240
0.322240
0.322240
0.322280
0.322320
0.322320
0.322360
0.322400
0.322440
0.322480
0.322520
0.322560
0.322600
0.322640
0.322680
0.322720
0.322760
0.322800
0.322800
0.322840
0.322880
0.322920
0.322920
0.322960
0.323000
0.323000
0.323040
0.323080
0.323120
0.323160
0.323200
0.323240
0.323280
0.323320
0.323320
0.323360
0.323400
0.323440
0.323480
0.323520
0.323560
0.323600
0.323600
0.323640
0.323680
0.323680
0.323720
0.323760
0.323800
0.323840
0.323880
0.323920
0.323960
0.324000
0.324040
0.324080
0.324080
0.324080
0.324120
0.324160
0.324200
0.324240
0.324280
0.324320
0.324320
0.324360
0.324400
0.324440
0.324480
0.324520
0.324560
0.324600
0.324600
0.324600
0.324640
0.324640
0.324680
0.324720
0.324760
0.324760
0.324800
0.324840
0.324880
0.324920
0.324960
0.325000
0.325040
0.325080
0.325120
0.325160
0.325200
0.325240
0.325280
0.325320
0.325360
0.325400
0.325440
0.325440
0.325440
0.325440
0.325480
0.325480
0.325520
0.325520
0.325560
0.325600
0.325600
0.325640
0.325680
0.325720
0.325760
0.325800
0.325800
0.325840
0.325880
0.325920
0.325960
0.326000
0.326040
0.326080
0.326120
0.326160
0.326200
0.326200
0.326240
0.326280
0.326320
0.326360
0.326400
0.326440
0.326480
0.326520
0.326560
0.326560
0.326560
0.326600
0.326640
0.326680
0.326720
0.326760
0.326800
0.326840
0.326880
0.326920
0.326960
0.327000
0.327000
0.327040
0.327040
0.327080
0.327080
0.327120
0.327160
0.327200
0.327240
0.327240
0.327280
0.327320
0.327360
0.327400
0.327440
0.327480
0.327520
0.327560
0.327600
0.327640
0.327680
0.327680
0.327680
0.327720
0.327760
0.327800
0.327840
0.327840
0.327840
0.327880
0.327920
0.327960
0.328000
0.328040
0.328080
0.328120
0.328120
0.328160
0.328200
0.328200
0.328200
0.328240
0.328240
0.328280
0.328320
0.328320
0.328360
0.328400
0.328400
0.328440
0.328480
0.328520
0.328560
0.328600
0.328600
0.328640
0.328640
0.328640
0.328680
0.328720
0.328760
0.328800
0.328840
0.328840
0.328880
0.328920
0.328960
0.329000
0.329040
0.329040
0.329080
0.329120
0.329160
0.329200
0.329240
0.329280
0.329320
0.329360
0.329400
0.329440
0.329480
0.329520
0.329560
0.329560
0.329600
0.329600
0.329600
0.329640
0.329680
0.329720
0.329720
0.329760
0.329800
0.329840
0.329840
0.329880
0.329920
0.329960
0.330000
0.330040
0.330040
0.330080
0.330120
0.330160
0.330200
0.330240
0.330280
0.330320
0.330360
0.330400
0.330440
0.330480
0.330520
0.330560
0.330600
0.330640
0.330680
0.330720
0.330760
0.330800
0.330840
0.330840
0.330880
0.330920
0.330960
0.330960
0.331000
0.331040
0.331080
0.331120
0.331160
0.331200
0.331240
0.331280
0.331280
0.331320
0.331360
0.331400
0.331440
0.331440
0.331480
0.331520
0.331560
0.331600
0.331640
0.331640
0.331680
0.331720
0.331760
0.331760
0.331760
0.331800
0.331840
0.331880
0.331920
0.331920
0.331960
0.332000
0.332040
0.332040
0.332080
0.332120
0.332160
0.332160
0.332200
0.332240
0.332280
0.332320
0.332320
0.332360
0.332400
0.332440
0.332480
0.332520
0.332560
0.332600
0.332600
0.332640
0.332640
0.332680
0.332720
0.332720
0.332720
0.332760
0.332800
0.332840
0.332840
0.332880
0.332880
0.332880
0.332880
0.332920
0.332960
0.332960
0.333000
0.333040
0.333040
0.333080
0.333080
0.333120
0.333160
0.333200
0.333240
0.333280
0.333280
0.333320
0.333360
0.333400
0.333440
0.333480
0.333520
0.333560
0.333600
0.333600
0.333640
0.333680
0.333680
0.333720
0.333720
0.333720
0.333760
0.333800
0.333840
0.333880
0.333920
0.333960
0.333960
0.334000
0.334040
0.334040
0.334080
0.334120
0.334160
0.334200
0.334240
0.334240
0.334280
0.334320
0.334360
0.334400
0.334440
0.334440
0.334440
0.334480
0.334520
0.334560
0.334560
0.334600
0.334640
0.334680
0.334720
0.334760
0.334800
0.334840
0.334880
0.334920
0.334960
0.334960
0.335000
0.335040
0.335080
0.335120
0.335160
0.335200
0.335200
0.335240
0.335280
0.335320
0.335360
0.335400
0.335400
0.335400
0.335440
0.335480
0.335520
0.335560
0.335560
0.335560
0.335600
0.335640
0.335680
0.335720
0.335760
0.335760
0.335800
0.335840
0.335880
0.335880
0.335920
0.335920
0.335920
0.335960
0.336000
0.336040
0.336040
0.336080
0.336080
0.336120
0.336160
0.336200
0.336240
0.336240
0.336280
0.336320
0.336360
0.336400
0.336440
0.336440
0.336480
0.336520
0.336560
0.336600
0.336640
0.336680
0.336680
0.336680
0.336720
0.336760
0.336800
0.336840
0.336880
0.336920
0.336960
0.337000
0.337040
0.337080
0.337120
0.337160
0.337200
0.337240
0.337240
0.337280
0.337320
0.337360
0.337400
0.337440
0.337480
0.337520
0.337560
0.337600
0.337640
0.337680
0.337720
0.337760
0.337800
0.337840
0.337880
0.337920
0.337960
0.338000
0.338000
0.338040
0.338080
0.338120
0.338120
0.338160
0.338200
0.338200
0.338200
0.338240
0.338280
0.338320
0.338360
0.338360
0.338400
0.338440
0.338440
0.338480
0.338480
0.338520
0.338560
0.338560
0.338560
0.338560
0.338560
0.338600
0.338640
0.338680
0.338720
0.338760
0.338800
0.338840
0.338880
0.338920
0.338920
0.338960
0.339000
0.339040
0.339040
0.339080
0.339080
0.339120
0.339160
0.339200
0.339240
0.339280
0.339280
0.339280
0.339320
0.339360
0.339360
0.339400
0.339440
0.339440
0.339480
0.339520
0.339520
0.339560
0.339600
0.339640
0.339680
0.339720
0.339760
0.339800
0.339800
0.339840
0.339880
0.339920
0.339960
0.340000
0.340040
0.340080
0.340120
0.340160
0.340200
0.340200
0.340240
0.340280
0.340280
0.340320
0.340320
0.340360
0.340400
0.340440
0.340480
0.340520
0.340560
0.340600
0.340600
0.340640
0.340680
0.340720
0.340760
0.340800
0.340840
0.340880
0.340920
0.340960
0.340960
0.341000
0.341040
0.341080
0.341080
0.341080
0.341120
0.341160
0.341200
0.341240
0.341280
0.341320
0.341320
0.341360
0.341400
0.341440
0.341480
0.341480
0.341520
0.341560
0.341600
0.341640
0.341680
0.341720
0.341760
0.341800
0.341840
0.341880
0.341880
0.341920
0.341960
0.342000
0.342040
0.342080
0.342120
0.342160
0.342200
0.342200
0.342240
0.342280
0.342320
0.342360
0.342400
0.342440
0.342480
0.342520
0.342560
0.342560
0.342560
0.342600
0.342640
0.342640
0.342640
0.342680
0.342680
0.342720
0.342760
0.342800
0.342800
0.342840
0.342880
0.342920
0.342960
0.342960
0.343000
0.343040
0.343080
0.343120
0.343160
0.343200
0.343240
0.343280
0.343320
0.343360
0.343360
0.343400
0.343440
0.343480
0.343520
0.343560
0.343600
0.343600
0.343600
0.343640
0.343680
0.343720
0.343760
0.343800
0.343840
0.343840
0.343880
0.343920
0.343920
0.343920
0.343960
0.344000
0.344000
0.344040
0.344080
0.344120
0.344160
0.344200
0.344240
0.344280
0.344320
0.344360
0.344400
0.344400
0.344400
0.344440
0.344440
0.344440
0.344480
0.344520
0.344520
0.344520
0.344560
0.344560
0.344600
0.344640
0.344680
0.344680
0.344720
0.344760
0.344800
0.344840
0.344880
0.344920
0.344920
0.344920
0.344920
0.344960
0.345000
0.345000
0.345040
0.345080
0.345120
0.345120
0.345160
0.345200
0.345240
0.345280
0.345280
0.345320
0.345360
0.345400
0.345440
0.345480
0.345520
0.345520
0.345520
0.345560
0.345600
0.345640
0.345640
0.345640
0.345680
0.345720
0.345720
0.345760
0.345800
0.345800
0.345840
0.345880
0.345920
0.345960
0.346000
0.346040
0.346080
0.346120
0.346160
0.346200
0.346240
0.346280
0.346320
0.346360
0.346400
0.346440
0.346440
0.346480
0.346520
0.346560
0.346600
0.346640
0.346640
0.346640
0.346680
0.346720
0.346760
0.346760
0.346800
0.346840
0.346840
0.346880
0.346920
0.346960
0.347000
0.347040
0.347040
0.347080
0.347120
0.347160
0.347200
0.347200
0.347240
0.347280
0.347320
0.347360
0.347400
0.347440
0.347480
0.347480
0.347520
0.347560
0.347600
0.347640
0.347640
0.347680
0.347720
0.347760
0.347760
0.347760
0.347800
0.347800
0.347840
0.347880
0.347920
0.347960
0.348000
0.348040
0.348080
0.348080
0.348120
0.348160
0.348200
0.348200
0.348240
0.348240
0.348280
0.348320
0.348360
0.348400
0.348400
0.348440
0.348480
0.348520
0.348520
0.348560
0.348560
0.348600
0.348640
0.348680
0.348720
0.348720
0.348760
0.348800
0.348800
0.348840
0.348880
0.348920
0.348960
0.349000
0.349040
0.349040
0.349080
0.349080
0.349120
0.349160
0.349200
0.349200
0.349240
0.349280
0.349280
0.349320
0.349360
0.349400
0.349440
0.349480
0.349520
0.349560
0.349560
0.349600
0.349640
0.349680
0.349720
0.349760
0.349800
0.349840
0.349880
0.349880
0.349880
0.349920
0.349920
0.349960
0.350000
0.350040
0.350080
0.350120
0.350160
0.350200
0.350240
0.350240
0.350280
0.350320
0.350360
0.350400
0.350400
0.350440
0.350440
0.350440
0.350480
0.350520
0.350560
0.350600
0.350640
0.350680
0.350720
0.350720
0.350760
0.350760
0.350800
0.350840
0.350840
0.350880
0.350920
0.350960
0.350960
0.351000
0.351000
0.351040
0.351040
0.351080
0.351120
0.351120
0.351160
0.351160
0.351200
0.351240
0.351240
0.351280
0.351320
0.351360
0.351400
0.351440
0.351480
0.351520
0.351520
0.351560
0.351600
0.351640
0.351680
0.351720
0.351760
0.351800
0.351840
0.351880
0.351920
0.351960
0.352000
0.352000
0.352040
0.352080
0.352080
0.352120
0.352160
0.352200
0.352240
0.352240
0.352280
0.352280
0.352320
0.352360
0.352400
0.352440
0.352480
0.352520
0.352560
0.352600
0.352640
0.352680
0.352720
0.352760
0.352800
0.352840
0.352880
0.352920
0.352920
0.352960
0.352960
0.353000
0.353040
0.353080
0.353120
0.353160
0.353200
0.353240
0.353240
0.353240
0.353280
0.353320
0.353360
0.353360
0.353400
0.353440
0.353480
0.353480
0.353520
0.353560
0.353600
0.353640
0.353640
0.353640
0.353680
0.353720
0.353720
0.353760
0.353800
0.353840
0.353880
0.353920
0.353960
0.354000
0.354040
0.354080
0.354120
0.354160
0.354160
0.354200
0.354240
0.354280
0.354320
0.354360
0.354400
0.354440
0.354480
0.354520
0.354560
0.354560
0.354600
0.354640
0.354680
0.354720
0.354760
0.354800
0.354840
0.354880
0.354920
0.354960
0.354960
0.355000
0.355040
0.355080
0.355120
0.355160
0.355200
0.355240
0.355280
0.355320
0.355360
0.355400
0.355440
0.355480
0.355520
0.355560
0.355600
0.355640
0.355680
0.355720
0.355760
0.355800
0.355840
0.355840
0.355840
0.355880
0.355920
0.355960
0.356000
0.356040
0.356080
0.356120
0.356120
0.356160
0.356160
0.356200
0.356240
0.356280
0.356280
0.356320
0.356320
0.356360
0.356360
0.356360
0.356400
0.356440
0.356480
0.356520
0.356560
0.356600
0.356640
0.356680
0.356720
0.356760
0.356800
0.356840
0.356880
0.356920
0.356960
0.356960
0.356960
0.357000
0.357040
0.357080
0.357120
0.357160
0.357200
0.357240
0.357280
0.357320
0.357360
0.357400
0.357440
0.357440
0.357480
0.357480
0.357520
0.357560
0.357560
0.357600
0.357640
0.357680
0.357720
0.357720
0.357720
0.357760
0.357800
0.357840
0.357880
0.357880
0.357880
0.357920
0.357960
0.358000
0.358040
0.358080
0.358120
0.358160
0.358160
0.358200
0.358240
0.358280
0.358320
0.358360
0.358400
0.358440
0.358480
0.358520
0.358560
0.358600
0.358640
0.358680
0.358720
0.358760
0.358800
0.358840
0.358880
0.358920
0.358920
0.358960
0.359000
0.359040
0.359040
0.359080
0.359120
0.359160
0.359200
0.359200
0.359240
0.359280
0.359280
0.359280
0.359320
0.359320
0.359320
0.359360
0.359400
0.359400
0.359440
0.359480
0.359520
0.359560
0.359600
0.359640
0.359680
0.359720
0.359760
0.359800
0.359840
0.359880
0.359920
0.359960
0.360000
0.360000
0.360040
0.360080
0.360120
0.360160
0.360200
0.360200
0.360240
0.360280
0.360320
0.360360
0.360400
0.360440
0.360480
0.360520
0.360560
0.360560
0.360560
0.360600
0.360640
0.360680
0.360720
0.360760
0.360800
0.360840
0.360880
0.360880
0.360920
0.360960
0.361000
0.361040
0.361080
0.361120
0.361160
0.361200
0.361240
0.361280
0.361320
0.361360
0.361360
0.361400
0.361440
0.361480
0.361480
0.361480
0.361480
0.361520
0.361520
0.361560
0.361560
0.361600
0.361640
0.361640
0.361680
0.361680
0.361720
0.361760
0.361800
0.361840
0.361840
0.361840
0.361880
0.361920
0.361960
0.362000
0.362040
0.362080
0.362120
0.362160
0.362200
0.362240
0.362280
0.362320
0.362360
0.362400
0.362400
0.362440
0.362440
0.362440
0.362480
0.362520
0.362560
0.362600
0.362640
0.362680
0.362720
0.362760
0.362760
0.362800
0.362840
0.362880
0.362920
0.362960
0.363000
0.363040
0.363040
0.363080
0.363120
0.363160
0.363200
0.363240
0.363240
0.363240
0.363280
0.363320
0.363360
0.363400
0.363440
0.363480
0.363520
0.363560
0.363600
0.363640
0.363680
0.363680
0.363720
0.363760
0.363800
0.363840
0.363880
0.363920
0.363920
0.363920
0.363960
0.364000
0.364040
0.364080
0.364120
0.364160
0.364200
0.364240
0.364240
0.364240
0.364280
0.364320
0.364360
0.364400
0.364440
0.364480
0.364480
0.364520
0.364560
0.364600
0.364640
0.364680
0.364680
0.364720
0.364760
0.364800
0.364840
0.364880
0.364920
0.364960
0.364960
0.365000
0.365040
0.365040
0.365080
0.365080
0.365120
0.365160
0.365200
0.365240
0.365240
0.365280
0.365320
0.365360
0.365360
0.365360
0.365400
0.365440
0.365440
0.365480
0.365520
0.365560
0.365560
0.365600
0.365600
0.365640
0.365680
0.365720
0.365720
0.365760
0.365800
0.365840
0.365880
0.365920
0.365960
0.366000
0.366000
0.366040
0.366080
0.366120
0.366120
0.366160
0.366200
0.366240
0.366240
0.366280
0.366320
0.366320
0.366360
0.366400
0.366440
0.366480
0.366520
0.366560
0.366600
0.366640
0.366680
0.366680
0.366680
0.366680
0.366720
0.366760
0.366800
0.366800
0.366840
0.366880
0.366920
0.366960
0.367000
0.367040
0.367040
0.367040
0.367080
0.367080
0.367120
0.367160
0.367160
0.367200
0.367240
0.367280
0.367320
0.367360
0.367400
0.367440
0.367480
0.367520
0.367520
0.367560
0.367600
0.367640
0.367680
0.367720
0.367720
0.367720
0.367760
0.367760
0.367760
0.367800
0.367840
0.367880
0.367920
0.367960
0.368000
0.368000
0.368040
0.368080
0.368120
0.368160
0.368200
0.368200
0.368240
0.368280
0.368320
0.368360
0.368400
0.368440
0.368480
0.368520
0.368560
0.368600
0.368640
0.368680
0.368720
0.368720
0.368760
0.368800
0.368840
0.368840
0.368880
0.368920
0.368960
0.369000
0.369040
0.369080
0.369120
0.369160
0.369200
0.369200
0.369240
0.369280
0.369320
0.369320
0.369320
0.369360
0.369400
0.369440
0.369480
0.369480
0.369520
0.369560
0.369600
0.369640
0.369640
0.369680
0.369720
0.369760
0.369800
0.369800
0.369840
0.369880
0.369920
0.369960
0.370000
0.370040
0.370080
0.370120
0.370160
0.370200
0.370240
0.370280
0.370320
0.370320
0.370360
0.370400
0.370440
0.370480
0.370480
0.370520
0.370560
0.370600
0.370640
0.370680
0.370720
0.370760
0.370800
0.370840
0.370880
0.370920
0.370960
0.371000
0.371040
0.371080
0.371120
0.371160
0.371200
0.371240
0.371280
0.371280
0.371320
0.371360
0.371400
0.371440
0.371480
0.371520
0.371560
0.371600
0.371640
0.371680
0.371720
0.371760
0.371800
0.371800
0.371840
0.371840
0.371880
0.371920
0.371960
0.372000
0.372040
0.372080
0.372080
0.372120
0.372160
0.372160
0.372200
0.372240
0.372280
0.372320
0.372320
0.372360
0.372400
0.372440
0.372440
0.372480
0.372480
0.372520
0.372560
0.372600
0.372600
0.372640
0.372640
0.372680
0.372720
0.372760
0.372800
0.372840
0.372840
0.372840
0.372880
0.372880
0.372880
0.372920
0.372960
0.373000
0.373040
0.373080
0.373080
0.373120
0.373160
0.373200
0.373200
0.373240
0.373280
0.373320
0.373360
0.373360
0.373400
0.373440
0.373480
0.373520
0.373560
0.373600
0.373640
0.373680
0.373720
0.373720
0.373760
0.373800
0.373840
0.373840
0.373880
0.373920
0.373960
0.373960
0.374000
0.374040
0.374080
0.374120
0.374160
0.374200
0.374240
0.374280
0.374280
0.374320
0.374360
0.374400
0.374440
0.374480
0.374520
0.374520
0.374560
0.374600
0.374640
0.374680
0.374680
0.374720
0.374760
0.374800
0.374840
0.374880
0.374920
0.374960
0.375000
0.375040
0.375080
0.375120
0.375160
0.375200
0.375240
0.375280
0.375320
0.375360
0.375400
0.375440
0.375440
0.375480
0.375520
0.375560
0.375600
0.375640
0.375680
0.375720
0.375760
0.375760
0.375800
0.375840
0.375880
0.375920
0.375960
0.376000
0.376040
0.376080
0.376120
0.376120
0.376160
0.376200
0.376240
0.376280
0.376320
0.376360
0.376360
0.376400
0.376440
0.376440
0.376480
0.376520
0.376520
0.376560
0.376560
0.376600
0.376640
0.376640
0.376680
0.376680
0.376720
0.376760
0.376800
0.376840
0.376880
0.376920
0.376960
0.377000
0.377040
0.377040
0.377040
0.377080
0.377120
0.377160
0.377160
0.377200
0.377240
0.377240
0.377280
0.377280
0.377320
0.377360
0.377400
0.377400
0.377400
0.377440
0.377480
0.377520
0.377560
0.377600
0.377640
0.377680
0.377680
0.377720
0.377760
0.377760
0.377800
0.377840
0.377880
0.377920
0.377960
0.377960
0.378000
0.378040
0.378080
0.378120
0.378160
0.378200
0.378240
0.378280
0.378320
0.378360
0.378360
0.378400
0.378440
0.378480
0.378520
0.378560
0.378600
0.378640
0.378680
0.378720
0.378760
0.378800
0.378840
0.378880
0.378920
0.378920
0.378960
0.379000
0.379040
0.379040
0.379040
0.379080
0.379080
0.379080
0.379120
0.379120
0.379120
0.379160
0.379200
0.379240
0.379280
0.379320
0.379360
0.379360
0.379400
0.379440
0.379480
0.379520
0.379560
0.379600
0.379640
0.379680
0.379720
0.379760
0.379800
0.379840
0.379880
0.379920
0.379960
0.380000
0.380040
0.380080
0.380080
0.380120
0.380160
0.380160
0.380200
0.380240
0.380280
0.380320
0.380360
0.380400
0.380400
0.380440
0.380440
0.380480
0.380520
0.380560
0.380600
0.380640
0.380680
0.380720
0.380760
0.380800
0.380840
0.380880
0.380920
0.380960
0.381000
0.381000
0.381000
0.381040
0.381080
0.381120
0.381120
0.381160
0.381200
0.381240
0.381280
0.381280
0.381320
0.381360
0.381400
0.381440
0.381480
0.381520
0.381560
0.381560
0.381600
0.381640
0.381680
0.381720
0.381720
0.381720
0.381720
0.381720
0.381760
0.381800
0.381840
0.381880
0.381920
0.381960
0.382000
0.382040
0.382040
0.382080
0.382080
0.382080
0.382080
0.382080
0.382120
0.382160
0.382160
0.382200
0.382200
0.382240
0.382280
0.382320
0.382360
0.382400
0.382440
0.382480
0.382520
0.382560
0.382560
0.382600
0.382640
0.382680
0.382720
0.382720
0.382760
0.382800
0.382840
0.382840
0.382880
0.382920
0.382960
0.383000
0.383040
0.383080
0.383120
0.383160
0.383200
0.383240
0.383280
0.383320
0.383360
0.383400
0.383440
0.383480
0.383520
0.383560
0.383600
0.383640
0.383640
0.383680
0.383720
0.383760
0.383800
0.383800
0.383840
0.383880
0.383880
0.383920
0.383960
0.384000
0.384040
0.384080
0.384120
0.384160
0.384200
0.384240
0.384280
0.384320
0.384360
0.384400
0.384440
0.384480
0.384520
0.384560
0.384600
0.384600
0.384600
0.384600
0.384640
0.384680
0.384720
0.384720
0.384760
0.384800
0.384840
0.384880
0.384920
0.384960
0.385000
0.385040
0.385080
0.385120
0.385160
0.385200
0.385240
0.385240
0.385280
0.385320
0.385320
0.385360
0.385360
0.385400
0.385440
0.385480
0.385480
0.385480
0.385520
0.385560
0.385560
0.385600
0.385640
0.385680
0.385720
0.385720
0.385760
0.385800
0.385800
0.385840
0.385880
0.385920
0.385960
0.386000
0.386040
0.386080
0.386080
0.386120
0.386160
0.386160
0.386160
0.386200
0.386200
0.386200
0.386240
0.386240
0.386280
0.386320
0.386360
0.386360
0.386360
0.386400
0.386440
0.386440
0.386440
0.386480
0.386480
0.386520
0.386560
0.386560
0.386600
0.386600
0.386600
0.386640
0.386680
0.386720
0.386760
0.386800
0.386840
0.386880
0.386920
0.386960
0.387000
0.387040
0.387040
0.387080
0.387120
0.387160
0.387200
0.387240
0.387280
0.387280
0.387320
0.387360
0.387400
0.387440
0.387480
0.387520
0.387520
0.387560
0.387600
0.387640
0.387680
0.387720
0.387720
0.387760
0.387800
0.387840
0.387840
0.387840
0.387880
0.387920
0.387960
0.387960
0.388000
0.388040
0.388080
0.388080
0.388120
0.388160
0.388160
0.388200
0.388200
0.388240
0.388280
0.388320
0.388360
0.388360
0.388360
0.388400
0.388440
0.388480
0.388520
0.388560
0.388600
0.388640
0.388680
0.388680
0.388680
0.388720
0.388720
0.388720
0.388760
0.388800
0.388840
0.388880
0.388920
0.388960
0.388960
0.389000
0.389040
0.389080
0.389080
0.389120
0.389160
0.389200
0.389240
0.389240
0.389280
0.389320
0.389360
0.389360
0.389400
0.389440
0.389480
0.389520
0.389520
0.389560
0.389600
0.389640
0.389680
0.389720
0.389760
0.389800
0.389840
0.389880
0.389920
0.389960
0.390000
0.390040
0.390080
0.390120
0.390160
0.390160
0.390200
0.390240
0.390280
0.390320
0.390320
0.390360
0.390400
0.390440
0.390440
0.390480
0.390520
0.390520
0.390560
0.390600
0.390600
0.390640
0.390680
0.390680
0.390720
0.390760
0.390800
0.390800
0.390840
0.390880
0.390920
0.390960
0.390960
0.391000
0.391040
0.391080
0.391120
0.391160
0.391200
0.391240
0.391280
0.391280
0.391320
0.391360
0.391360
0.391360
0.391360
0.391400
0.391440
0.391480
0.391520
0.391560
0.391600
0.391640
0.391680
0.391720
0.391760
0.391760
0.391800
0.391840
0.391880
0.391920
0.391960
0.392000
0.392040
0.392080
0.392120
0.392160
0.392160
0.392160
0.392200
0.392240
0.392280
0.392280
0.392320
0.392360
0.392400
0.392440
0.392480
0.392480
0.392520
0.392520
0.392560
0.392560
0.392560
0.392600
0.392640
0.392680
0.392720
0.392760
0.392800
0.392800
0.392800
0.392840
0.392880
0.392920
0.392960
0.392960
0.393000
0.393000
0.393000
0.393040
0.393080
0.393120
0.393160
0.393200
0.393240
0.393280
0.393280
0.393320
0.393320
0.393360
0.393360
0.393400
0.393440
0.393480
0.393520
0.393520
0.393560
0.393600
0.393640
0.393680
0.393680
0.393720
0.393760
0.393800
0.393840
0.393840
0.393880
0.393920
0.393960
0.393960
0.394000
0.394040
0.394040
0.394040
0.394080
0.394120
0.394160
0.394200
0.394240
0.394280
0.394320
0.394320
0.394360
0.394400
0.394440
0.394480
0.394520
0.394560
0.394600
0.394640
0.394640
0.394680
0.394720
0.394760
0.394800
0.394840
0.394880
0.394920
0.394920
0.394960
0.395000
0.395040
0.395080
0.395120
0.395160
0.395200
0.395200
0.395240
0.395280
0.395320
0.395360
0.395360
0.395400
0.395440
0.395480
0.395520
0.395560
0.395600
0.395640
0.395640
0.395680
0.395720
0.395760
0.395760
0.395800
0.395840
0.395880
0.395920
0.395960
0.396000
0.396040
0.396080
0.396120
0.396160
0.396200
0.396240
0.396240
0.396280
0.396320
0.396360
0.396400
0.396400
0.396440
0.396480
0.396520
0.396560
0.396600
0.396640
0.396680
0.396680
0.396720
0.396760
0.396800
0.396840
0.396840
0.396880
0.396920
0.396960
0.396960
0.396960
0.397000
0.397040
0.397040
0.397080
0.397120
0.397160
0.397160
0.397160
0.397200
0.397240
0.397280
0.397320
0.397320
0.397360
0.397360
0.397360
0.397360
0.397400
0.397440
0.397440
0.397440
0.397440
0.397480
0.397520
0.397560
0.397600
0.397600
0.397640
0.397680
0.397720
0.397720
0.397760
0.397760
0.397800
0.397800
0.397840
0.397880
0.397920
0.397960
0.398000
0.398040
0.398080
0.398120
0.398160
0.398200
0.398240
0.398280
0.398320
0.398360
0.398360
0.398400
0.398400
0.398440
0.398440
0.398480
0.398520
0.398560
0.398600
0.398640
0.398680
0.398680
0.398720
0.398760
0.398760
0.398800
0.398800
0.398800
0.398840
0.398880
0.398920
0.398960
0.399000
0.399040
0.399080
0.399080
0.399120
0.399160
0.399200
0.399240
0.399280
0.399320
0.399320
0.399360
0.399400
0.399400
0.399440
0.399440
0.399480
0.399520
0.399520
0.399520
0.399560
0.399600
0.399600
0.399600
0.399640
0.399680
0.399720
0.399760
0.399800
0.399840
0.399840
0.399880
0.399920
0.399960
0.399960
0.399960
0.400000
0.400000
0.400040
0.400080
0.400120
0.400160
0.400160
0.400200
0.400240
0.400280
0.400320
0.400320
0.400360
0.400400
0.400440
0.400480
0.400520
0.400520
0.400560
0.400600
0.400640
0.400680
0.400720
0.400760
0.400760
0.400760
0.400800
0.400840
0.400880
0.400880
0.400920
0.400920
0.400960
0.401000
0.401000
0.401040
0.401080
0.401080
0.401120
0.401160
0.401160
0.401200
0.401240
0.401280
0.401320
0.401360
0.401400
0.401440
0.401480
0.401520
0.401560
0.401600
0.401600
0.401640
0.401680
0.401720
0.401720
0.401720
0.401720
0.401760
0.401760
0.401760
0.401800
0.401840
0.401880
0.401920
0.401920
0.401960
0.402000
0.402040
0.402080
0.402120
0.402160
0.402200
0.402200
0.402240
0.402280
0.402280
0.402320
0.402320
0.402320
0.402360
0.402400
0.402440
0.402480
0.402480
0.402520
0.402520
0.402560
0.402600
0.402640
0.402680
0.402680
0.402720
0.402720
0.402760
0.402800
0.402840
0.402880
0.402920
0.402960
0.402960
0.403000
0.403040
0.403040
0.403080
0.403120
0.403160
0.403200
0.403240
0.403280
0.403320
0.403360
0.403400
0.403400
0.403440
0.403480
0.403480
0.403520
0.403560
0.403600
0.403640
0.403680
0.403680
0.403720
0.403760
0.403800
0.403840
0.403880
0.403920
0.403960
0.404000
0.404040
0.404080
0.404120
0.404120
0.404120
0.404120
0.404160
0.404200
0.404200
0.404240
0.404280
0.404320
0.404360
0.404400
0.404440
0.404480
0.404480
0.404520
0.404560
0.404600
0.404640
0.404680
0.404720
0.404720
0.404720
0.404760
0.404800
0.404840
0.404880
0.404920
0.404960
0.404960
0.405000
0.405000
0.405000
0.405040
0.405080
0.405120
0.405160
0.405200
0.405240
0.405280
0.405320
0.405360
0.405400
0.405440
0.405440
0.405440
0.405480
0.405520
0.405560
0.405600
0.405640
0.405640
0.405680
0.405680
0.405720
0.405760
0.405760
0.405800
0.405840
0.405880
0.405920
0.405960
0.406000
0.406040
0.406080
0.406120
0.406160
0.406200
0.406240
0.406280
0.406320
0.406360
0.406400
0.406400
0.406440
0.406440
0.406480
0.406520
0.406560
0.406600
0.406640
0.406680
0.406720
0.406760
0.406800
0.406840
0.406880
0.406920
0.406920
0.406920
0.406920
0.406960
0.406960
0.407000
0.407040
0.407040
0.407040
0.407080
0.407080
0.407080
0.407120
0.407160
0.407200
0.407200
0.407240
0.407280
0.407320
0.407360
0.407360
0.407400
0.407440
0.407480
0.407480
0.407480
0.407480
0.407520
0.407560
0.407600
0.407640
0.407640
0.407680
0.407720
0.407760
0.407800
0.407840
0.407840
0.407880
0.407920
0.407960
0.408000
0.408040
0.408080
0.408080
0.408120
0.408160
0.408200
0.408240
0.408280
0.408320
0.408320
0.408360
0.408360
0.408400
0.408440
0.408480
0.408520
0.408520
0.408520
0.408560
0.408600
0.408640
0.408680
0.408720
0.408760
0.408760
0.408800
0.408840
0.408880
0.408920
0.408960
0.409000
0.409040
0.409080
0.409120
0.409160
0.409200
0.409240
0.409280
0.409320
0.409360
0.409400
0.409440
0.409480
0.409480
0.409520
0.409560
0.409600
0.409640
0.409680
0.409720
0.409720
0.409760
0.409760
0.409800
0.409840
0.409840
0.409840
0.409880
0.409920
0.409960
0.409960
0.410000
0.410040
0.410040
0.410080
0.410120
0.410120
0.410160
0.410200
0.410240
0.410280
0.410320
0.410360
0.410400
0.410440
0.410480
0.410520
0.410560
0.410600
0.410640
0.410640
0.410680
0.410720
0.410760
0.410800
0.410840
0.410880
0.410920
0.410960
0.410960
0.411000
0.411040
0.411080
0.411120
0.411160
0.411200
0.411240
0.411280
0.411320
0.411360
0.411360
0.411400
0.411440
0.411480
0.411520
0.411560
0.411600
0.411640
0.411680
0.411720
0.411760
0.411760
0.411800
0.411840
0.411880
0.411920
0.411960
0.412000
0.412040
0.412040
0.412080
0.412120
0.412160
0.412200
0.412240
0.412240
0.412280
0.412320
0.412320
0.412360
0.412400
0.412440
0.412480
0.412520
0.412560
0.412600
0.412640
0.412640
0.412680
0.412720
0.412760
0.412800
0.412840
0.412880
0.412920
0.412960
0.413000
0.413040
0.413040
0.413080
0.413120
0.413160
0.413160
0.413200
0.413240
0.413280
0.413320
0.413360
0.413360
0.413400
0.413440
0.413480
0.413520
0.413560
0.413600
0.413640
0.413680
0.413680
0.413720
0.413720
0.413760
0.413760
0.413800
0.413840
0.413880
0.413920
0.413920
0.413960
0.414000
0.414040
0.414040
0.414040
0.414080
0.414120
0.414160
0.414200
0.414200
0.414240
0.414240
0.414280
0.414320
0.414360
0.414400
0.414440
0.414480
0.414520
0.414520
0.414560
0.414600
0.414640
0.414680
0.414720
0.414760
0.414800
0.414840
0.414840
0.414880
0.414880
0.414920
0.414960
0.415000
0.415040
0.415080
0.415120
0.415120
0.415160
0.415200
0.415240
0.415280
0.415320
0.415360
0.415400
0.415400
0.415400
0.415440
0.415440
0.415480
0.415520
0.415560
0.415600
0.415640
0.415680
0.415720
0.415760
0.415800
0.415840
0.415880
0.415920
0.415960
0.416000
0.416040
0.416080
0.416120
0.416120
0.416120
0.416160
0.416160
0.416200
0.416200
0.416240
0.416280
0.416280
0.416320
0.416320
0.416360
0.416400
0.416440
0.416480
0.416520
0.416560
0.416560
0.416600
0.416600
0.416640
0.416680
0.416720
0.416760
0.416800
0.416840
0.416880
0.416880
0.416880
0.416920
0.416960
0.417000
0.417040
0.417080
0.417120
0.417160
0.417200
0.417240
0.417280
0.417320
0.417360
0.417400
0.417440
0.417480
0.417520
0.417560
0.417560
0.417600
0.417640
0.417680
0.417720
0.417720
0.417760
0.417760
0.417800
0.417840
0.417840
0.417880
0.417920
0.417960
0.417960
0.418000
0.418000
0.418040
0.418080
0.418080
0.418120
0.418160
0.418200
0.418240
0.418280
0.418320
0.418360
0.418360
0.418400
0.418400
0.418440
0.418480
0.418520
0.418560
0.418560
0.418600
0.418640
0.418680
0.418720
0.418760
0.418760
0.418800
0.418840
0.418880
0.418920
0.418960
0.419000
0.419000
0.419040
0.419080
0.419080
0.419080
0.419120
0.419160
0.419200
0.419240
0.419280
0.419320
0.419320
0.419360
0.419360
0.419360
0.419400
0.419400
0.419440
0.419480
0.419520
0.419520
0.419520
0.419560
0.419600
0.419640
0.419640
0.419680
0.419680
0.419720
0.419760
0.419800
0.419800
0.419840
0.419840
0.419880
0.419920
0.419920
0.419960
0.419960
0.419960
0.419960
0.419960
0.420000
0.420040
0.420040
0.420080
0.420120
0.420120
0.420160
0.420160
0.420160
0.420160
0.420200
0.420240
0.420280
0.420320
0.420320
0.420320
0.420360
0.420400
0.420400
0.420440
0.420480
0.420480
0.420520
0.420560
0.420560
0.420600
0.420640
0.420680
0.420720
0.420760
0.420800
0.420840
0.420840
0.420880
0.420880
0.420920
0.420960
0.421000
0.421040
0.421080
0.421120
0.421160
0.421200
0.421240
0.421240
0.421280
0.421320
0.421360
0.421400
0.421440
0.421480
0.421520
0.421560
0.421560
0.421560
0.421600
0.421640
0.421680
0.421720
0.421760
0.421800
0.421800
0.421840
0.421840
0.421840
0.421880
0.421920
0.421960
0.421960
0.421960
0.422000
0.422000
0.422040
0.422080
0.422120
0.422160
0.422200
0.422240
0.422280
0.422320
0.422320
0.422320
0.422360
0.422400
0.422440
0.422480
0.422520
0.422560
0.422560
0.422600
0.422640
0.422680
0.422680
0.422720
0.422720
0.422760
0.422800
0.422840
0.422880
0.422920
0.422960
0.423000
0.423040
0.423080
0.423120
0.423160
0.423200
0.423240
0.423280
0.423320
0.423320
0.423360
0.423400
0.423440
0.423480
0.423520
0.423560
0.423560
0.423600
0.423640
0.423680
0.423720
0.423760
0.423800
0.423800
0.423840
0.423840
0.423840
0.423880
0.423880
0.423880
0.423920
0.423960
0.424000
0.424040
0.424080
0.424120
0.424160
0.424200
0.424240
0.424280
0.424320
0.424360
0.424400
0.424440
0.424480
0.424520
0.424560
0.424560
0.424600
0.424640
0.424680
0.424720
0.424760
0.424760
0.424800
0.424840
0.424880
0.424920
0.424960
0.425000
0.425040
0.425080
0.425120
0.425160
0.425200
0.425200
0.425240
0.425240
0.425280
0.425280
0.425280
0.425320
0.425360
0.425400
0.425440
0.425480
0.425520
0.425560
0.425560
0.425600
0.425640
0.425680
0.425720
0.425760
0.425800
0.425840
0.425880
0.425920
0.425920
0.425960
0.426000
0.426040
0.426040
0.426080
0.426120
0.426120
0.426160
0.426200
0.426240
0.426280
0.426280
0.426280
0.426320
0.426360
0.426360
0.426400
0.426440
0.426440
0.426480
0.426520
0.426560
0.426600
0.426640
0.426640
0.426680
0.426680
0.426720
0.426720
0.426760
0.426800
0.426840
0.426880
0.426920
0.426960
0.427000
0.427040
0.427040
0.427080
0.427120
0.427120
0.427120
0.427160
0.427160
0.427160
0.427200
0.427240
0.427280
0.427280
0.427320
0.427360
0.427400
0.427440
0.427440
0.427440
0.427440
0.427480
0.427520
0.427560
0.427600
0.427640
0.427680
0.427720
0.427760
0.427800
0.427800
0.427840
0.427880
0.427920
0.427960
0.428000
0.428040
0.428080
0.428120
0.428160
0.428200
0.428240
0.428240
0.428240
0.428280
0.428320
0.428360
0.428400
0.428440
0.428480
0.428520
0.428520
0.428520
0.428560
0.428600
0.428640
0.428640
0.428680
0.428720
0.428760
0.428800
0.428840
0.428880
0.428920
0.428960
0.429000
0.429000
0.429000
0.429040
0.429080
0.429080
0.429080
0.429120
0.429160
0.429160
0.429200
0.429240
0.429280
0.429280
0.429320
0.429360
0.429400
0.429440
0.429480
0.429520
0.429560
0.429600
0.429640
0.429680
0.429720
0.429760
0.429800
0.429840
0.429880
0.429920
0.429960
0.429960
0.430000
0.430000
0.430040
0.430080
0.430080
0.430120
0.430160
0.430160
0.430200
0.430240
0.430280
0.430320
0.430360
0.430400
0.430440
0.430480
0.430520
0.430560
0.430600
0.430640
0.430680
0.430680
0.430720
0.430760
0.430800
0.430840
0.430880
0.430920
0.430960
0.430960
0.430960
0.430960
0.430960
0.431000
0.431040
0.431080
0.431120
0.431160
0.431200
0.431240
0.431280
0.431280
0.431320
0.431360
0.431400
0.431440
0.431480
0.431520
0.431560
0.431560
0.431600
0.431640
0.431680
0.431720
0.431720
0.431760
0.431800
0.431840
0.431840
0.431880
0.431920
0.431960
0.431960
0.432000
0.432040
0.432080
0.432120
0.432160
0.432200
0.432240
0.432280
0.432320
0.432320
0.432320
0.432360
0.432360
0.432400
0.432440
0.432480
0.432480
0.432520
0.432560
0.432600
0.432640
0.432680
0.432720
0.432760
0.432800
0.432840
0.432880
0.432920
0.432920
0.432960
0.433000
0.433000
0.433000
0.433040
0.433080
0.433120
0.433160
0.433200
0.433240
0.433280
0.433320
0.433360
0.433400
0.433440
0.433480
0.433520
0.433560
0.433560
0.433560
0.433600
0.433600
0.433640
0.433680
0.433720
0.433760
0.433800
0.433840
0.433880
0.433920
0.433960
0.434000
0.434040
0.434080
0.434120
0.434160
0.434200
0.434240
0.434280
0.434320
0.434360
0.434400
0.434440
0.434480
0.434520
0.434560
0.434600
0.434600
0.434640
0.434680
0.434680
0.434720
0.434760
0.434800
0.434840
0.434840
0.434880
0.434920
0.434960
0.434960
0.434960
0.435000
0.435040
0.435040
0.435080
0.435120
0.435160
0.435200
0.435200
0.435240
0.435240
0.435280
0.435320
0.435360
0.435400
0.435440
0.435440
0.435480
0.435520
0.435560
0.435600
0.435640
0.435640
0.435680
0.435720
0.435760
0.435800
0.435840
0.435880
0.435920
0.435960
0.436000
0.436040
0.436080
0.436120
0.436160
0.436200
0.436240
0.436280
0.436320
0.436320
0.436360
0.436400
0.436440
0.436440
0.436480
0.436520
0.436560
0.436600
0.436640
0.436680
0.436720
0.436760
0.436800
0.436840
0.436880
0.436920
0.436960
0.437000
0.437000
0.437040
0.437080
0.437120
0.437160
0.437160
0.437160
0.437200
0.437240
0.437280
0.437320
0.437360
0.437400
0.437440
0.437480
0.437520
0.437560
0.437600
0.437640
0.437640
0.437680
0.437720
0.437760
0.437800
0.437840
0.437880
0.437920
0.437960
0.437960
0.438000
0.438040
0.438080
0.438120
0.438160
0.438200
0.438200
0.438240
0.438280
0.438320
0.438360
0.438400
0.438440
0.438480
0.438520
0.438560
0.438600
0.438640
0.438680
0.438720
0.438760
0.438800
0.438840
0.438880
0.438880
0.438880
0.438920
0.438960
0.439000
0.439040
0.439080
0.439120
0.439160
0.439200
0.439240
0.439280
0.439320
0.439360
0.439400
0.439440
0.439480
0.439520
0.439520
0.439560
0.439600
0.439640
0.439680
0.439720
0.439720
0.439720
0.439760
0.439800
0.439840
0.439880
0.439920
0.439920
0.439960
0.440000
0.440040
0.440080
0.440080
0.440120
0.440160
0.440200
0.440240
0.440280
0.440320
0.440360
0.440400
0.440440
0.440440
0.440480
0.440520
0.440560
0.440600
0.440640
0.440680
0.440720
0.440760
0.440800
0.440840
0.440880
0.440880
0.440920
0.440960
0.441000
0.441040
0.441080
0.441080
0.441120
0.441160
0.441200
0.441240
0.441280
0.441320
0.441360
0.441400
0.441440
0.441480
0.441480
0.441520
0.441560
0.441560
0.441600
0.441640
0.441680
0.441680
0.441680
0.441720
0.441760
0.441760
0.441800
0.441840
0.441840
0.441880
0.441920
0.441920
0.441960
0.442000
0.442040
0.442040
0.442080
0.442120
0.442160
0.442200
0.442240
0.442280
0.442320
0.442360
0.442360
0.442400
0.442440
0.442440
0.442440
0.442480
0.442520
0.442560
0.442600
0.442640
0.442680
0.442680
0.442720
0.442720
0.442760
0.442800
0.442840
0.442880
0.442920
0.442960
0.443000
0.443000
0.443000
0.443040
0.443080
0.443080
0.443080
0.443080
0.443120
0.443160
0.443200
0.443240
0.443280
0.443320
0.443360
0.443400
0.443440
0.443440
0.443480
0.443480
0.443520
0.443560
0.443600
0.443640
0.443680
0.443720
0.443760
0.443800
0.443840
0.443880
0.443920
0.443960
0.443960
0.444000
0.444040
0.444080
0.444080
0.444080
0.444120
0.444120
0.444120
0.444160
0.444160
0.444200
0.444240
0.444240
0.444280
0.444320
0.444360
0.444400
0.444440
0.444480
0.444520
0.444560
0.444600
0.444640
0.444640
0.444680
0.444720
0.444760
0.444800
0.444840
0.444880
0.444920
0.444960
0.445000
0.445040
0.445040
0.445080
0.445120
0.445160
0.445200
0.445200
0.445240
0.445280
0.445320
0.445360
0.445400
0.445440
0.445440
0.445480
0.445520
0.445520
0.445520
0.445560
0.445600
0.445640
0.445680
0.445720
0.445720
0.445760
0.445800
0.445840
0.445880
0.445920
0.445960
0.446000
0.446040
0.446040
0.446040
0.446080
0.446120
0.446160
0.446200
0.446240
0.446280
0.446320
0.446360
0.446400
0.446400
0.446400
0.446400
0.446440
0.446480
0.446480
0.446520
0.446520
0.446560
0.446560
0.446600
0.446640
0.446680
0.446720
0.446760
0.446800
0.446840
0.446880
0.446920
0.446960
0.447000
0.447040
0.447080
0.447080
0.447120
0.447160
0.447160
0.447200
0.447240
0.447280
0.447320
0.447360
0.447400
0.447440
0.447480
0.447480
0.447480
0.447520
0.447560
0.447600
0.447640
0.447680
0.447720
0.447720
0.447760
0.447760
0.447800
0.447840
0.447880
0.447920
0.447960
0.447960
0.448000
0.448040
0.448080
0.448080
0.448080
0.448120
0.448120
0.448120
0.448120
0.448120
0.448160
0.448200
0.448240
0.448280
0.448320
0.448360
0.448400
0.448440
0.448480
0.448520
0.448520
0.448560
0.448600
0.448640
0.448680
0.448680
0.448720
0.448760
0.448800
0.448800
0.448840
0.448840
0.448880
0.448920
0.448960
0.448960
0.449000
0.449040
0.449040
0.449080
0.449080
0.449120
0.449120
0.449160
0.449200
0.449240
0.449280
0.449280
0.449320
0.449360
0.449360
0.449400
0.449440
0.449480
0.449520
0.449560
0.449600
0.449640
0.449680
0.449720
0.449760
0.449800
0.449840
0.449880
0.449880
0.449880
0.449920
0.449960
0.450000
0.450000
0.450040
0.450080
0.450120
0.450160
0.450160
0.450200
0.450240
0.450280
0.450320
0.450360
0.450360
0.450400
0.450440
0.450480
0.450520
0.450560
0.450600
0.450640
0.450640
0.450680
0.450720
0.450720
0.450760
0.450800
0.450800
0.450840
0.450880
0.450880
0.450920
0.450960
0.451000
0.451000
0.451040
0.451080
0.451120
0.451160
0.451200
0.451240
0.451280
0.451320
0.451320
0.451360
0.451400
0.451400
0.451440
0.451480
0.451520
0.451560
0.451600
0.451640
0.451680
0.451680
0.451680
0.451720
0.451720
0.451760
0.451800
0.451840
0.451880
0.451920
0.451960
0.452000
0.452000
0.452040
0.452080
0.452120
0.452120
0.452160
0.452200
0.452200
0.452200
0.452240
0.452280
0.452280
0.452320
0.452360
0.452400
0.452440
0.452480
0.452520
0.452560
0.452560
0.452560
0.452560
0.452600
0.452600
0.452640
0.452680
0.452720
0.452760
0.452800
0.452840
0.452880
0.452920
0.452960
0.453000
0.453040
0.453040
0.453040
0.453040
0.453080
0.453080
0.453120
0.453160
0.453200
0.453200
0.453200
0.453240
0.453280
0.453320
0.453360
0.453400
0.453440
0.453480
0.453520
0.453560
0.453600
0.453640
0.453680
0.453680
0.453720
0.453760
0.453800
0.453840
0.453880
0.453920
0.453960
0.454000
0.454000
0.454000
0.454000
0.454040
0.454080
0.454120
0.454160
0.454160
0.454200
0.454240
0.454280
0.454280
0.454320
0.454320
0.454360
0.454400
0.454440
0.454440
0.454480
0.454520
0.454560
0.454600
0.454640
0.454680
0.454720
0.454760
0.454800
0.454800
0.454840
0.454880
0.454880
0.454920
0.454920
0.454960
0.455000
0.455040
0.455080
0.455120
0.455160
0.455200
0.455200
0.455240
0.455280
0.455320
0.455360
0.455400
0.455440
0.455440
0.455480
0.455520
0.455560
0.455560
0.455600
0.455640
0.455680
0.455720
0.455720
0.455760
0.455800
0.455840
0.455840
0.455880
0.455920
0.455960
0.456000
0.456040
0.456080
0.456080
0.456120
0.456160
0.456200
0.456200
0.456240
0.456280
0.456320
0.456360
0.456400
0.456440
0.456480
0.456480
0.456480
0.456480
0.456520
0.456560
0.456560
0.456600
0.456600
0.456640
0.456680
0.456720
0.456760
0.456800
0.456800
0.456840
0.456880
0.456920
0.456920
0.456960
0.457000
0.457040
0.457080
0.457080
0.457120
0.457160
0.457160
0.457200
0.457200
0.457240
0.457280
0.457280
0.457320
0.457360
0.457360
0.457400
0.457440
0.457480
0.457520
0.457560
0.457600
0.457640
0.457640
0.457640
0.457680
0.457720
0.457760
0.457800
0.457840
0.457880
0.457920
0.457920
0.457960
0.458000
0.458040
0.458080
0.458080
0.458120
0.458120
0.458160
0.458160
0.458200
0.458240
0.458280
0.458280
0.458320
0.458360
0.458360
0.458400
0.458440
0.458480
0.458520
0.458520
0.458560
0.458560
0.458600
0.458640
0.458680
0.458720
0.458760
0.458800
0.458840
0.458880
0.458880
0.458920
0.458960
0.459000
0.459040
0.459080
0.459120
0.459160
0.459200
0.459240
0.459240
0.459280
0.459320
0.459360
0.459360
0.459400
0.459440
0.459480
0.459520
0.459560
0.459600
0.459640
0.459680
0.459680
0.459720
0.459760
0.459800
0.459840
0.459880
0.459880
0.459920
0.459960
0.460000
0.460040
0.460080
0.460120
0.460160
0.460160
0.460200
0.460240
0.460280
0.460280
0.460320
0.460320
0.460360
0.460400
0.460440
0.460480
0.460520
0.460520
0.460520
0.460560
0.460560
0.460600
0.460640
0.460680
0.460720
0.460720
0.460720
0.460720
0.460760
0.460800
0.460840
0.460880
0.460920
0.460960
0.461000
0.461040
0.461040
0.461080
0.461120
0.461160
0.461200
0.461240
0.461280
0.461320
0.461360
0.461360
0.461400
0.461440
0.461480
0.461480
0.461520
0.461520
0.461560
0.461600
0.461600
0.461640
0.461680
0.461720
0.461720
0.461720
0.461760
0.461800
0.461840
0.461880
0.461920
0.461960
0.462000
0.462040
0.462080
0.462120
0.462120
0.462160
0.462160
0.462200
0.462240
0.462280
0.462320
0.462360
0.462400
0.462440
0.462480
0.462480
0.462520
0.462560
0.462600
0.462600
0.462640
0.462680
0.462720
0.462720
0.462720
0.462760
0.462760
0.462800
0.462840
0.462880
0.462920
0.462960
0.463000
0.463040
0.463080
0.463120
0.463160
0.463200
0.463200
0.463240
0.463280
0.463280
0.463280
0.463320
0.463360
0.463400
0.463440
0.463480
0.463480
0.463520
0.463520
0.463560
0.463600
0.463640
0.463680
0.463720
0.463760
0.463800
0.463840
0.463880
0.463880
0.463920
0.463920
0.463960
0.463960
0.464000
0.464040
0.464080
0.464080
0.464080
0.464080
0.464120
0.464160
0.464200
0.464240
0.464280
0.464320
0.464360
0.464400
0.464400
0.464400
0.464400
0.464440
0.464480
0.464520
0.464560
0.464600
0.464600
0.464640
0.464680
0.464720
0.464760
0.464800
0.464840
0.464880
0.464920
0.464960
0.465000
0.465040
0.465080
0.465080
0.465120
0.465160
0.465160
0.465200
0.465240
0.465280
0.465320
0.465360
0.465400
0.465440
0.465480
0.465520
0.465560
0.465600
0.465640
0.465680
0.465720
0.465760
0.465800
0.465840
0.465880
0.465920
0.465920
0.465960
0.465960
0.466000
0.466040
0.466080
0.466120
0.466160
0.466200
0.466240
0.466280
0.466320
0.466360
0.466360
0.466400
0.466440
0.466480
0.466520
0.466560
0.466600
0.466600
0.466640
0.466680
0.466720
0.466760
0.466800
0.466840
0.466880
0.466880
0.466920
0.466960
0.467000
0.467040
0.467080
0.467120
0.467120
0.467160
0.467200
0.467200
0.467240
0.467280
0.467320
0.467360
0.467360
0.467360
0.467360
0.467400
0.467400
0.467440
0.467440
0.467480
0.467520
0.467560
0.467600
0.467640
0.467680
0.467720
0.467760
0.467800
0.467800
0.467800
0.467800
0.467840
0.467880
0.467920
0.467920
0.467960
0.468000
0.468000
0.468040
0.468040
0.468080
0.468120
0.468120
0.468160
0.468200
0.468240
0.468280
0.468280
0.468320
0.468320
0.468360
0.468400
0.468440
0.468480
0.468520
0.468560
0.468600
0.468640
0.468680
0.468720
0.468720
0.468760
0.468760
0.468800
0.468800
0.468840
0.468880
0.468920
0.468960
0.469000
0.469000
0.469040
0.469080
0.469120
0.469160
0.469200
0.469240
0.469280
0.469280
0.469320
0.469360
0.469400
0.469440
0.469480
0.469520
0.469560
0.469560
0.469600
0.469600
0.469640
0.469680
0.469720
0.469720
0.469760
0.469800
0.469840
0.469880
0.469920
0.469960
0.470000
0.470040
0.470040
0.470040
0.470040
0.470080
0.470080
0.470120
0.470160
0.470200
0.470240
0.470280
0.470320
0.470360
0.470400
0.470440
0.470480
0.470520
0.470520
0.470560
0.470600
0.470640
0.470680
0.470720
0.470760
0.470760
0.470800
0.470840
0.470840
0.470880
0.470920
0.470920
0.470960
0.471000
0.471040
0.471080
0.471120
0.471160
0.471160
0.471200
0.471240
0.471280
0.471320
0.471320
0.471360
0.471400
0.471440
0.471480
0.471520
0.471560
0.471600
0.471640
0.471680
0.471720
0.471720
0.471720
0.471760
0.471800
0.471840
0.471880
0.471920
0.471960
0.472000
0.472000
0.472040
0.472080
0.472120
0.472160
0.472200
0.472240
0.472280
0.472320
0.472360
0.472400
0.472440
0.472440
0.472480
0.472520
0.472560
0.472560
0.472600
0.472640
0.472680
0.472680
0.472680
0.472720
0.472720
0.472760
0.472800
0.472800
0.472800
0.472840
0.472880
0.472920
0.472960
0.473000
0.473040
0.473040
0.473040
0.473080
0.473120
0.473120
0.473160
0.473200
0.473240
0.473280
0.473320
0.473320
0.473360
0.473400
0.473440
0.473480
0.473480
0.473520
0.473560
0.473600
0.473640
0.473680
0.473680
0.473720
0.473720
0.473720
0.473760
0.473800
0.473840
0.473880
0.473880
0.473920
0.473960
0.474000
0.474000
0.474000
0.474040
0.474080
0.474120
0.474160
0.474200
0.474240
0.474280
0.474320
0.474320
0.474360
0.474400
0.474440
0.474480
0.474520
0.474560
0.474560
0.474600
0.474600
0.474640
0.474640
0.474680
0.474720
0.474760
0.474760
0.474800
0.474840
0.474880
0.474920
0.474960
0.475000
0.475040
0.475080
0.475120
0.475160
0.475200
0.475200
0.475200
0.475240
0.475280
0.475280
0.475320
0.475320
0.475360
0.475400
0.475440
0.475480
0.475520
0.475560
0.475600
0.475640
0.475680
0.475720
0.475760
0.475800
0.475840
0.475840
0.475880
0.475920
0.475960
0.476000
0.476040
0.476080
0.476120
0.476120
0.476120
0.476160
0.476200
0.476240
0.476240
0.476280
0.476280
0.476320
0.476360
0.476400
0.476440
0.476480
0.476520
0.476520
0.476560
0.476600
0.476640
0.476680
0.476720
0.476760
0.476800
0.476800
0.476800
0.476840
0.476880
0.476920
0.476960
0.477000
0.477040
0.477080
0.477120
0.477120
0.477160
0.477200
0.477240
0.477280
0.477320
0.477360
0.477400
0.477440
0.477480
0.477480
0.477520
0.477560
0.477600
0.477640
0.477680
0.477720
0.477760
0.477800
0.477840
0.477880
0.477920
0.477920
0.477920
0.477960
0.478000
0.478040
0.478080
0.478120
0.478160
0.478160
0.478200
0.478240
0.478280
0.478320
0.478360
0.478400
0.478440
0.478480
0.478520
0.478520
0.478560
0.478600
0.478640
0.478680
0.478720
0.478760
0.478800
0.478840
0.478880
0.478920
0.478960
0.479000
0.479040
0.479080
0.479120
0.479160
0.479200
0.479240
0.479280
0.479280
0.479280
0.479280
0.479280
0.479320
0.479360
0.479400
0.479400
0.479400
0.479440
0.479480
0.479520
0.479560
0.479600
0.479640
0.479680
0.479720
0.479720
0.479760
0.479800
0.479840
0.479880
0.479920
0.479960
0.479960
0.480000
0.480000
0.480000
0.480040
0.480080
0.480080
0.480120
0.480120
0.480160
0.480200
0.480200
0.480240
0.480280
0.480320
0.480360
0.480360
0.480400
0.480440
0.480480
0.480520
0.480560
0.480600
0.480640
0.480680
0.480720
0.480760
0.480760
0.480760
0.480800
0.480800
0.480840
0.480840
0.480880
0.480920
0.480920
0.480960
0.481000
0.481000
0.481040
0.481040
0.481080
0.481120
0.481160
0.481200
0.481240
0.481240
0.481280
0.481280
0.481320
0.481360
0.481400
0.481400
0.481440
0.481480
0.481520
0.481520
0.481560
0.481600
0.481640
0.481680
0.481720
0.481720
0.481760
0.481800
0.481840
0.481880
0.481920
0.481920
0.481920
0.481960
0.482000
0.482000
0.482040
0.482080
0.482120
0.482160
0.482200
0.482240
0.482280
0.482280
0.482280
0.482280
0.482320
0.482360
0.482400
0.482440
0.482480
0.482480
0.482520
0.482560
0.482600
0.482640
0.482680
0.482720
0.482760
0.482800
0.482840
0.482880
0.482920
0.482960
0.483000
0.483000
0.483000
0.483040
0.483080
0.483120
0.483160
0.483200
0.483240
0.483240
0.483280
0.483280
0.483320
0.483360
0.483360
0.483400
0.483440
0.483480
0.483520
0.483560
0.483560
0.483600
0.483640
0.483680
0.483720
0.483760
0.483760
0.483760
0.483800
0.483840
0.483880
0.483920
0.483960
0.484000
0.484040
0.484080
0.484120
0.484160
0.484200
0.484240
0.484240
0.484280
0.484280
0.484320
0.484360
0.484400
0.484440
0.484480
0.484520
0.484560
0.484560
0.484600
0.484640
0.484680
0.484720
0.484760
0.484800
0.484840
0.484880
0.484880
0.484920
0.484960
0.485000
0.485040
0.485080
0.485080
0.485120
0.485160
0.485200
0.485240
0.485240
0.485280
0.485320
0.485360
0.485360
0.485400
0.485440
0.485480
0.485520
0.485560
0.485560
0.485600
0.485640
0.485680
0.485680
0.485680
0.485680
0.485720
0.485760
0.485760
0.485800
0.485840
0.485880
0.485920
0.485960
0.486000
0.486040
0.486080
0.486080
0.486120
0.486160
0.486200
0.486240
0.486280
0.486320
0.486360
0.486400
0.486440
0.486480
0.486520
0.486560
0.486600
0.486640
0.486680
0.486720
0.486760
0.486800
0.486800
0.486840
0.486880
0.486880
0.486880
0.486920
0.486920
0.486960
0.487000
0.487040
0.487080
0.487080
0.487120
0.487120
0.487160
0.487200
0.487240
0.487280
0.487280
0.487320
0.487360
0.487400
0.487440
0.487480
0.487520
0.487560
0.487600
0.487640
0.487680
0.487720
0.487760
0.487800
0.487840
0.487840
0.487880
0.487920
0.487960
0.488000
0.488040
0.488080
0.488120
0.488160
0.488200
0.488240
0.488280
0.488320
0.488320
0.488360
0.488400
0.488440
0.488480
0.488520
0.488520
0.488560
0.488600
0.488640
0.488640
0.488680
0.488720
0.488720
0.488760
0.488800
0.488840
0.488880
0.488920
0.488960
0.489000
0.489040
0.489080
0.489120
0.489160
0.489200
0.489240
0.489280
0.489280
0.489320
0.489360
0.489400
0.489400
0.489440
0.489480
0.489520
0.489520
0.489520
0.489560
0.489600
0.489600
0.489640
0.489680
0.489720
0.489760
0.489800
0.489840
0.489880
0.489920
0.489960
0.490000
0.490040
0.490080
0.490120
0.490160
0.490200
0.490240
0.490240
0.490280
0.490280
0.490320
0.490360
0.490400
0.490440
0.490440
0.490480
0.490520
0.490560
0.490600
0.490600
0.490640
0.490680
0.490680
0.490720
0.490760
0.490760
0.490800
0.490840
0.490880
0.490880
0.490920
0.490920
0.490920
0.490960
0.491000
0.491040
0.491080
0.491120
0.491160
0.491200
0.491240
0.491280
0.491280
0.491320
0.491360
0.491400
0.491440
0.491480
0.491520
0.491560
0.491560
0.491600
0.491640
0.491680
0.491720
0.491760
0.491800
0.491800
0.491840
0.491880
0.491920
0.491960
0.492000
0.492040
0.492080
0.492120
0.492160
0.492200
0.492240
0.492240
0.492280
0.492320
0.492360
0.492400
0.492440
0.492480
0.492520
0.492560
0.492600
0.492640
0.492680
0.492720
0.492760
0.492800
0.492800
0.492840
0.492880
0.492920
0.492960
0.492960
0.493000
0.493040
0.493080
0.493120
0.493160
0.493200
0.493240
0.493280
0.493320
0.493360
0.493400
0.493440
0.493480
0.493520
0.493520
0.493520
0.493560
0.493600
0.493640
0.493680
0.493720
0.493720
0.493720
0.493760
0.493800
0.493840
0.493880
0.493880
0.493920
0.493960
0.494000
0.494040
0.494080
0.494120
0.494160
0.494200
0.494200
0.494240
0.494280
0.494320
0.494360
0.494400
0.494440
0.494440
0.494480
0.494520
0.494560
0.494600
0.494640
0.494680
0.494720
0.494760
0.494800
0.494840
0.494880
0.494880
0.494920
0.494960
0.495000
0.495040
0.495080
0.495120
0.495120
0.495160
0.495160
0.495200
0.495240
0.495280
0.495320
0.495360
0.495400
0.495440
0.495440
0.495480
0.495520
0.495560
0.495600
0.495640
0.495680
0.495720
0.495760
0.495800
0.495840
0.495840
0.495880
0.495920
0.495960
0.496000
0.496040
0.496080
0.496120
0.496160
0.496200
0.496240
0.496280
0.496320
0.496360
0.496400
0.496400
0.496400
0.496440
0.496480
0.496480
0.496520
0.496560
0.496600
0.496640
0.496680
0.496720
0.496760
0.496800
0.496840
0.496880
0.496920
0.496960
0.497000
0.497040
0.497080
0.497120
0.497160
0.497200
0.497240
0.497280
0.497320
0.497320
0.497360
0.497400
0.497400
0.497440
0.497480
0.497520
0.497560
0.497600
0.497640
0.497680
0.497720
0.497760
0.497800
0.497840
0.497880
0.497920
0.497920
0.497960
0.498000
0.498040
0.498080
0.498080
0.498120
0.498160
0.498200
0.498240
0.498280
0.498320
0.498360
0.498360
0.498400
0.498400
0.498440
0.498480
0.498520
0.498560
0.498560
0.498600
0.498600
0.498640
0.498680
0.498720
0.498760
0.498800
0.498840
0.498880
0.498920
0.498920
0.498920
0.498960
0.499000
0.499000
0.499040
0.499080
0.499120
0.499160
0.499200
0.499240
0.499280
0.499320
0.499320
0.499360
0.499400
0.499400
0.499440
0.499440
0.499440
0.499480
0.499520
0.499560
0.499600
0.499640
0.499640
0.499680
0.499680
0.499720
0.499720
0.499760
0.499800
0.499800
0.499840
0.499880
0.499920
0.499960
0.499960
0.499960
0.500000
0.500040
0.500040
0.500080
0.500120
0.500120
0.500120
0.500160
0.500200
0.500240
0.500280
0.500280
0.500320
0.500360
0.500400
0.500440
0.500480
0.500520
0.500560
0.500600
0.500640
0.500680
0.500720
0.500760
0.500800
0.500800
0.500840
0.500840
0.500880
0.500920
0.500960
0.501000
0.501000
0.501000
0.501040
0.501080
0.501120
0.501160
0.501200
0.501240
0.501280
0.501320
0.501360
0.501400
0.501400
0.501440
0.501440
0.501440
0.501480
0.501520
0.501560
0.501600
0.501640
0.501640
0.501680
0.501720
0.501760
0.501800
0.501800
0.501840
0.501880
0.501920
0.501960
0.502000
0.502000
0.502040
0.502080
0.502120
0.502120
0.502160
0.502160
0.502160
0.502200
0.502200
0.502240
0.502240
0.502280
0.502320
0.502360
0.502400
0.502440
0.502480
0.502520
0.502560
0.502600
0.502640
0.502680
0.502720
0.502720
0.502720
0.502760
0.502760
0.502800
0.502840
0.502880
0.502920
0.502960
0.503000
0.503040
0.503080
0.503120
0.503120
0.503160
0.503200
0.503240
0.503240
0.503280
0.503320
0.503360
0.503400
0.503440
0.503480
0.503480
0.503520
0.503560
0.503560
0.503600
0.503640
0.503680
0.503720
0.503760
0.503800
0.503840
0.503840
0.503880
0.503920
0.503960
0.504000
0.504040
0.504040
0.504080
0.504120
0.504160
0.504200
0.504240
0.504280
0.504280
0.504320
0.504320
0.504320
0.504360
0.504400
0.504440
0.504480
0.504520
0.504560
0.504560
0.504600
0.504640
0.504640
0.504680
0.504720
0.504720
0.504760
0.504800
0.504840
0.504880
0.504880
0.504880
0.504920
0.504960
0.505000
0.505040
0.505080
0.505080
0.505120
0.505160
0.505200
0.505240
0.505280
0.505320
0.505320
0.505320
0.505360
0.505400
0.505440
0.505440
0.505480
0.505520
0.505520
0.505560
0.505600
0.505640
0.505680
0.505720
0.505720
0.505760
0.505800
0.505840
0.505840
0.505840
0.505880
0.505880
0.505880
0.505920
0.505960
0.506000
0.506040
0.506080
0.506080
0.506080
0.506120
0.506160
0.506200
0.506240
0.506280
0.506320
0.506360
0.506360
0.506400
0.506440
0.506480
0.506520
0.506560
0.506600
0.506640
0.506680
0.506720
0.506760
0.506800
0.506840
0.506880
0.506920
0.506960
0.506960
0.506960
0.507000
0.507040
0.507040
0.507040
0.507080
0.507120
0.507120
0.507120
0.507160
0.507200
0.507200
0.507240
0.507280
0.507320
0.507360
0.507400
0.507440
0.507480
0.507520
0.507560
0.507600
0.507640
0.507680
0.507720
0.507760
0.507800
0.507840
0.507840
0.507880
0.507920
0.507960
0.508000
0.508040
0.508040
0.508040
0.508040
0.508080
0.508120
0.508160
0.508200
0.508240
0.508280
0.508280
0.508320
0.508320
0.508360
0.508400
0.508440
0.508480
0.508480
0.508520
0.508560
0.508600
0.508640
0.508680
0.508720
0.508760
0.508800
0.508840
0.508880
0.508920
0.508960
0.508960
0.509000
0.509040
0.509080
0.509120
0.509160
0.509200
0.509240
0.509280
0.509320
0.509360
0.509400
0.509440
0.509440
0.509480
0.509520
0.509560
0.509600
0.509600
0.509640
0.509680
0.509720
0.509760
0.509760
0.509760
0.509760
0.509800
0.509840
0.509880
0.509880
0.509920
0.509960
0.510000
0.510040
0.510080
0.510120
0.510120
0.510160
0.510200
0.510240
0.510240
0.510280
0.510280
0.510320
0.510360
0.510400
0.510440
0.510480
0.510520
0.510560
0.510600
0.510640
0.510680
0.510720
0.510760
0.510800
0.510840
0.510880
0.510920
0.510960
0.511000
0.511040
0.511040
0.511080
0.511120
0.511160
0.511160
0.511200
0.511240
0.511280
0.511320
0.511360
0.511400
0.511440
0.511480
0.511480
0.511520
0.511560
0.511600
0.511640
0.511680
0.511720
0.511760
0.511800
0.511800
0.511840
0.511880
0.511920
0.511960
0.512000
0.512040
0.512080
0.512120
0.512120
0.512160
0.512200
0.512240
0.512240
0.512240
0.512240
0.512280
0.512320
0.512320
0.512360
0.512400
0.512440
0.512480
0.512520
0.512560
0.512600
0.512640
0.512640
0.512680
0.512680
0.512720
0.512760
0.512800
0.512840
0.512880
0.512880
0.512920
0.512960
0.512960
0.513000
0.513040
0.513080
0.513080
0.513080
0.513120
0.513160
0.513160
0.513200
0.513200
0.513200
0.513200
0.513240
0.513280
0.513320
0.513320
0.513320
0.513360
0.513400
0.513400
0.513440
0.513480
0.513520
0.513560
0.513600
0.513640
0.513680
0.513720
0.513760
0.513800
0.513840
0.513880
0.513920
0.513960
0.514000
0.514000
0.514040
0.514040
0.514080
0.514120
0.514120
0.514160
0.514200
0.514200
0.514240
0.514240
0.514280
0.514320
0.514360
0.514400
0.514440
0.514480
0.514480
0.514520
0.514520
0.514520
0.514520
0.514560
0.514600
0.514640
0.514640
0.514640
0.514640
0.514680
0.514720
0.514760
0.514760
0.514800
0.514840
0.514880
0.514880
0.514920
0.514960
0.515000
0.515000
0.515040
0.515080
0.515120
0.515160
0.515200
0.515240
0.515280
0.515320
0.515360
0.515400
0.515400
0.515440
0.515480
0.515520
0.515560
0.515600
0.515640
0.515680
0.515720
0.515760
0.515760
0.515800
0.515840
0.515880
0.515920
0.515960
0.516000
0.516040
0.516040
0.516080
0.516080
0.516120
0.516120
0.516160
0.516160
0.516200
0.516240
0.516240
0.516240
0.516280
0.516320
0.516320
0.516360
0.516400
0.516400
0.516400
0.516440
0.516440
0.516480
0.516480
0.516520
0.516520
0.516560
0.516600
0.516640
0.516640
0.516680
0.516720
0.516760
0.516760
0.516760
0.516760
0.516800
0.516800
0.516840
0.516880
0.516920
0.516920
0.516920
0.516920
0.516960
0.517000
0.517040
0.517080
0.517120
0.517160
0.517200
0.517240
0.517240
0.517240
0.517280
0.517320
0.517360
0.517360
0.517400
0.517400
0.517440
0.517480
0.517520
0.517560
0.517560
0.517600
0.517600
0.517600
0.517640
0.517680
0.517720
0.517760
0.517800
0.517840
0.517880
0.517920
0.517960
0.517960
0.518000
0.518040
0.518080
0.518080
0.518120
0.518160
0.518160
0.518200
0.518240
0.518280
0.518280
0.518320
0.518360
0.518400
0.518440
0.518480
0.518480
0.518520
0.518560
0.518600
0.518640
0.518680
0.518720
0.518760
0.518800
0.518840
0.518840
0.518880
0.518880
0.518920
0.518960
0.519000
0.519040
0.519080
0.519120
0.519160
0.519160
0.519200
0.519240
0.519280
0.519320
0.519360
0.519400
0.519440
0.519480
0.519520
0.519560
0.519560
0.519600
0.519640
0.519640
0.519680
0.519720
0.519720
0.519760
0.519800
0.519840
0.519880
0.519920
0.519920
0.519960
0.519960
0.520000
0.520040
0.520080
0.520080
0.520120
0.520120
0.520120
0.520160
0.520200
0.520240
0.520280
0.520320
0.520360
0.520400
0.520440
0.520480
0.520520
0.520560
0.520600
0.520600
0.520640
0.520680
0.520720
0.520720
0.520760
0.520800
0.520800
0.520840
0.520840
0.520880
0.520880
0.520920
0.520920
0.520960
0.521000
0.521000
0.521040
0.521040
0.521080
0.521080
0.521120
0.521160
0.521200
0.521240
0.521280
0.521320
0.521360
0.521400
0.521440
0.521440
0.521440
0.521440
0.521480
0.521520
0.521520
0.521520
0.521560
0.521600
0.521640
0.521680
0.521720
0.521760
0.521800
0.521840
0.521840
0.521880
0.521920
0.521960
0.522000
0.522040
0.522080
0.522120
0.522160
0.522200
0.522240
0.522240
0.522280
0.522280
0.522320
0.522320
0.522360
0.522400
0.522400
0.522400
0.522440
0.522480
0.522480
0.522480
0.522520
0.522520
0.522560
0.522600
0.522640
0.522680
0.522720
0.522760
0.522800
0.522840
0.522880
0.522920
0.522920
0.522960
0.522960
0.522960
0.523000
0.523040
0.523080
0.523080
0.523120
0.523160
0.523160
0.523160
0.523200
0.523240
0.523280
0.523320
0.523360
0.523400
0.523400
0.523440
0.523480
0.523480
0.523520
0.523520
0.523560
0.523560
0.523600
0.523600
0.523640
0.523680
0.523720
0.523760
0.523800
0.523840
0.523880
0.523920
0.523960
0.523960
0.524000
0.524040
0.524080
0.524120
0.524160
0.524200
0.524240
0.524240
0.524280
0.524320
0.524360
0.524400
0.524440
0.524480
0.524520
0.524560
0.524600
0.524640
0.524680
0.524720
0.524760
0.524800
0.524840
0.524880
0.524880
0.524920
0.524960
0.525000
0.525040
0.525080
0.525120
0.525160
0.525160
0.525200
0.525240
0.525280
0.525320
0.525320
0.525360
0.525400
0.525440
0.525480
0.525520
0.525560
0.525600
0.525640
0.525680
0.525720
0.525760
0.525800
0.525840
0.525880
0.525880
0.525920
0.525960
0.526000
0.526040
0.526080
0.526120
0.526160
0.526200
0.526240
0.526280
0.526280
0.526320
0.526360
0.526400
0.526440
0.526480
0.526520
0.526560
0.526600
0.526600
0.526640
0.526640
0.526680
0.526720
0.526720
0.526760
0.526800
0.526840
0.526880
0.526880
0.526880
0.526920
0.526960
0.527000
0.527000
0.527040
0.527080
0.527120
0.527120
0.527160
0.527200
0.527240
0.527240
0.527280
0.527320
0.527360
0.527400
0.527440
0.527480
0.527520
0.527560
0.527560
0.527560
0.527560
0.527600
0.527640
0.527680
0.527720
0.527760
0.527800
0.527800
0.527840
0.527880
0.527880
0.527920
0.527960
0.528000
0.528000
0.528040
0.528080
0.528120
0.528160
0.528200
0.528240
0.528280
0.528280
0.528320
0.528320
0.528360
0.528400
0.528440
0.528480
0.528520
0.528520
0.528520
0.528560
0.528600
0.528640
0.528640
0.528680
0.528720
0.528760
0.528760
0.528800
0.528800
0.528840
0.528880
0.528920
0.528960
0.529000
0.529000
0.529000
0.529040
0.529080
0.529120
0.529160
0.529160
0.529160
0.529160
0.529200
0.529240
0.529280
0.529320
0.529360
0.529400
0.529440
0.529480
0.529520
0.529560
0.529600
0.529640
0.529640
0.529680
0.529680
0.529720
0.529760
0.529800
0.529840
0.529880
0.529920
0.529960
0.530000
0.530000
0.530040
0.530040
0.530080
0.530080
0.530120
0.530160
0.530200
0.530200
0.530200
0.530200
0.530200
0.530200
0.530240
0.530280
0.530320
0.530360
0.530400
0.530440
0.530480
0.530520
0.530560
0.530600
0.530640
0.530680
0.530720
0.530760
0.530800
0.530840
0.530840
0.530880
0.530880
0.530920
0.530960
0.531000
0.531040
0.531040
0.531040
0.531080
0.531120
0.531160
0.531200
0.531240
0.531280
0.531320
0.531320
0.531360
0.531400
0.531440
0.531480
0.531520
0.531560
0.531600
0.531640
0.531640
0.531680
0.531720
0.531760
0.531800
0.531840
0.531880
0.531920
0.531960
0.532000
0.532040
0.532080
0.532080
0.532120
0.532120
0.532160
0.532200
0.532240
0.532240
0.532280
0.532280
0.532320
0.532320
0.532360
0.532400
0.532440
0.532480
0.532520
0.532560
0.532600
0.532600
0.532640
0.532680
0.532720
0.532760
0.532800
0.532840
0.532880
0.532880
0.532920
0.532920
0.532960
0.532960
0.533000
0.533000
0.533040
0.533080
0.533120
0.533120
0.533120
0.533160
0.533200
0.533240
0.533240
0.533280
0.533320
0.533360
0.533400
0.533400
0.533400
0.533440
0.533480
0.533520
0.533560
0.533560
0.533600
0.533640
0.533680
0.533720
0.533760
0.533760
0.533800
0.533840
0.533880
0.533920
0.533920
0.533920
0.533920
0.533960
0.534000
0.534040
0.534040
0.534080
0.534120
0.534160
0.534200
0.534240
0.534280
0.534320
0.534360
0.534400
0.534440
0.534480
0.534520
0.534520
0.534560
0.534560
0.534560
0.534600
0.534640
0.534680
0.534720
0.534760
0.534800
0.534800
0.534840
0.534880
0.534920
0.534960
0.535000
0.535040
0.535080
0.535120
0.535120
0.535160
0.535200
0.535200
0.535240
0.535280
0.535320
0.535360
0.535400
0.535400
0.535400
0.535440
0.535440
0.535480
0.535520
0.535560
0.535560
0.535600
0.535600
0.535640
0.535640
0.535680
0.535720
0.535760
0.535800
0.535840
0.535840
0.535880
0.535880
0.535920
0.535960
0.535960
0.536000
0.536040
0.536040
0.536040
0.536080
0.536120
0.536160
0.536160
0.536160
0.536200
0.536240
0.536240
0.536240
0.536280
0.536320
0.536360
0.536400
0.536440
0.536480
0.536520
0.536520
0.536560
0.536600
0.536640
0.536680
0.536720
0.536760
0.536800
0.536840
0.536880
0.536920
0.536960
0.536960
0.537000
0.537000
0.537040
0.537080
0.537080
0.537120
0.537160
0.537200
0.537240
0.537280
0.537320
0.537360
0.537400
0.537440
0.537480
0.537520
0.537520
0.537560
0.537600
0.537600
0.537600
0.537640
0.537680
0.537720
0.537760
0.537800
0.537840
0.537840
0.537880
0.537920
0.537960
0.538000
0.538000
0.538000
0.538000
0.538000
0.538040
0.538080
0.538120
0.538160
0.538200
0.538240
0.538240
0.538280
0.538320
0.538360
0.538400
0.538440
0.538480
0.538520
0.538560
0.538600
0.538600
0.538600
0.538640
0.538680
0.538720
0.538760
0.538800
0.538840
0.538880
0.538920
0.538960
0.539000
0.539040
0.539080
0.539120
0.539120
0.539160
0.539200
0.539200
0.539240
0.539280
0.539320
0.539320
0.539360
0.539400
0.539440
0.539440
0.539480
0.539480
0.539480
0.539520
0.539520
0.539560
0.539600
0.539640
0.539640
0.539680
0.539720
0.539760
0.539800
0.539840
0.539840
0.539880
0.539920
0.539920
0.539920
0.539960
0.539960
0.540000
0.540040
0.540080
0.540120
0.540160
0.540160
0.540200
0.540240
0.540240
0.540280
0.540280
0.540320
0.540360
0.540360
0.540400
0.540440
0.540440
0.540440
0.540480
0.540520
0.540560
0.540600
0.540600
0.540640
0.540680
0.540720
0.540760
0.540760
0.540800
0.540840
0.540840
0.540880
0.540920
0.540960
0.541000
0.541000
0.541040
0.541080
0.541080
0.541120
0.541160
0.541200
0.541200
0.541240
0.541280
0.541320
0.541360
0.541400
0.541440
0.541480
0.541520
0.541560
0.541600
0.541640
0.541680
0.541720
0.541720
0.541760
0.541760
0.541800
0.541800
0.541840
0.541880
0.541920
0.541960
0.542000
0.542040
0.542080
0.542080
0.542080
0.542120
0.542160
0.542200
0.542240
0.542280
0.542320
0.542360
0.542400
0.542440
0.542480
0.542520
0.542560
0.542600
0.542600
0.542600
0.542640
0.542680
0.542720
0.542760
0.542800
0.542840
0.542880
0.542880
0.542880
0.542920
0.542920
0.542960
0.543000
0.543040
0.543080
0.543120
0.543160
0.543160
0.543200
0.543200
0.543240
0.543280
0.543320
0.543320
0.543320
0.543360
0.543400
0.543400
0.543440
0.543480
0.543520
0.543560
0.543600
0.543640
0.543680
0.543720
0.543760
0.543800
0.543800
0.543840
0.543880
0.543920
0.543960
0.544000
0.544040
0.544040
0.544080
0.544120
0.544160
0.544200
0.544240
0.544280
0.544320
0.544320
0.544320
0.544360
0.544400
0.544440
0.544480
0.544520
0.544520
0.544560
0.544600
0.544640
0.544640
0.544680
0.544720
0.544760
0.544800
0.544800
0.544840
0.544880
0.544880
0.544920
0.544960
0.545000
0.545040
0.545080
0.545120
0.545160
0.545200
0.545200
0.545240
0.545280
0.545320
0.545360
0.545400
0.545400
0.545440
0.545480
0.545520
0.545560
0.545600
0.545640
0.545680
0.545720
0.545760
0.545760
0.545800
0.545800
0.545840
0.545880
0.545880
0.545920
0.545960
0.546000
0.546040
0.546080
0.546080
0.546120
0.546160
0.546200
0.546240
0.546280
0.546320
0.546360
0.546360
0.546400
0.546440
0.546480
0.546520
0.546560
0.546600
0.546640
0.546680
0.546720
0.546760
0.546760
0.546800
0.546800
0.546800
0.546840
0.546840
0.546840
0.546880
0.546920
0.546960
0.547000
0.547040
0.547080
0.547120
0.547120
0.547160
0.547200
0.547240
0.547280
0.547320
0.547360
0.547400
0.547440
0.547440
0.547480
0.547520
0.547560
0.547600
0.547640
0.547640
0.547640
0.547680
0.547680
0.547680
0.547720
0.547760
0.547800
0.547840
0.547840
0.547880
0.547920
0.547920
0.547960
0.548000
0.548040
0.548080
0.548120
0.548160
0.548200
0.548240
0.548280
0.548320
0.548360
0.548400
0.548440
0.548480
0.548520
0.548560
0.548560
0.548600
0.548640
0.548680
0.548680
0.548720
0.548760
0.548800
0.548840
0.548880
0.548920
0.548960
0.549000
0.549040
0.549080
0.549080
0.549080
0.549120
0.549160
0.549200
0.549240
0.549240
0.549280
0.549320
0.549320
0.549360
0.549360
0.549400
0.549440
0.549480
0.549520
0.549520
0.549560
0.549560
0.549600
0.549640
0.549640
0.549680
0.549720
0.549760
0.549800
0.549840
0.549880
0.549920
0.549960
0.549960
0.550000
0.550040
0.550080
0.550120
0.550160
0.550160
0.550200
0.550240
0.550280
0.550320
0.550360
0.550400
0.550440
0.550480
0.550520
0.550560
0.550560
0.550600
0.550640
0.550680
0.550720
0.550760
0.550760
0.550800
0.550840
0.550880
0.550920
0.550960
0.551000
0.551000
0.551000
0.551040
0.551080
0.551120
0.551120
0.551160
0.551200
0.551240
0.551240
0.551280
0.551320
0.551360
0.551400
0.551440
0.551480
0.551520
0.551520
0.551560
0.551600
0.551640
0.551680
0.551720
0.551760
0.551760
0.551800
0.551840
0.551880
0.551920
0.551960
0.551960
0.552000
0.552040
0.552080
0.552080
0.552120
0.552160
0.552200
0.552240
0.552280
0.552320
0.552360
0.552400
0.552440
0.552480
0.552520
0.552520
0.552520
0.552560
0.552560
0.552600
0.552600
0.552640
0.552680
0.552720
0.552720
0.552720
0.552760
0.552800
0.552800
0.552840
0.552880
0.552920
0.552960
0.553000
0.553040
0.553080
0.553120
0.553160
0.553160
0.553200
0.553200
0.553240
0.553280
0.553280
0.553320
0.553360
0.553400
0.553400
0.553440
0.553480
0.553520
0.553560
0.553600
0.553640
0.553680
0.553720
0.553760
0.553800
0.553840
0.553880
0.553920
0.553920
0.553960
0.554000
0.554040
0.554080
0.554120
0.554160
0.554200
0.554240
0.554280
0.554320
0.554360
0.554360
0.554360
0.554400
0.554440
0.554480
0.554520
0.554560
0.554560
0.554600
0.554640
0.554680
0.554720
0.554760
0.554800
0.554840
0.554880
0.554920
0.554960
0.555000
0.555040
0.555080
0.555080
0.555120
0.555160
0.555160
0.555200
0.555240
0.555280
0.555280
0.555320
0.555360
0.555360
0.555360
0.555400
0.555440
0.555440
0.555480
0.555480
0.555480
0.555520
0.555560
0.555600
0.555640
0.555680
0.555680
0.555720
0.555760
0.555800
0.555800
0.555840
0.555880
0.555920
0.555960
0.556000
0.556040
0.556080
0.556120
0.556160
0.556200
0.556240
0.556280
0.556280
0.556320
0.556360
0.556360
0.556360
0.556400
0.556440
0.556480
0.556520
0.556520
0.556520
0.556560
0.556600
0.556640
0.556680
0.556720
0.556720
0.556720
0.556760
0.556800
0.556840
0.556880
0.556920
0.556960
0.557000
0.557000
0.557040
0.557080
0.557080
0.557120
0.557120
0.557160
0.557160
0.557200
0.557200
0.557240
0.557280
0.557320
0.557360
0.557400
0.557440
0.557480
0.557520
0.557520
0.557560
0.557600
0.557640
0.557680
0.557720
0.557760
0.557800
0.557840
0.557880
0.557880
0.557920
0.557920
0.557960
0.558000
0.558040
0.558080
0.558120
0.558160
0.558160
0.558200
0.558240
0.558280
0.558320
0.558360
0.558400
0.558440
0.558480
0.558520
0.558560
0.558600
0.558640
0.558680
0.558680
0.558720
0.558760
0.558800
0.558800
0.558800
0.558840
0.558840
0.558880
0.558880
0.558880
0.558920
0.558960
0.559000
0.559040
0.559080
0.559120
0.559160
0.559200
0.559240
0.559280
0.559280
0.559320
0.559320
0.559360
0.559400
0.559400
0.559400
0.559440
0.559480
0.559480
0.559520
0.559520
0.559560
0.559600
0.559640
0.559680
0.559680
0.559720
0.559720
0.559760
0.559800
0.559840
0.559880
0.559920
0.559960
0.560000
0.560040
0.560080
0.560080
0.560120
0.560160
0.560200
0.560240
0.560240
0.560280
0.560280
0.560320
0.560360
0.560400
0.560440
0.560440
0.560440
0.560480
0.560520
0.560520
0.560560
0.560600
0.560640
0.560680
0.560720
0.560760
0.560800
0.560800
0.560800
0.560800
0.560840
0.560880
0.560920
0.560960
0.560960
0.561000
0.561000
0.561040
0.561080
0.561120
0.561160
0.561200
0.561240
0.561280
0.561320
0.561320
0.561360
0.561400
0.561440
0.561480
0.561520
0.561560
0.561560
0.561600
0.561640
0.561680
0.561720
0.561760
0.561760
0.561800
0.561840
0.561880
0.561920
0.561960
0.562000
0.562040
0.562080
0.562120
0.562160
0.562200
0.562240
0.562280
0.562320
0.562320
0.562360
0.562400
0.562440
0.562480
0.562520
0.562520
0.562560
0.562560
0.562560
0.562600
0.562640
0.562640
0.562680
0.562720
0.562720
0.562720
0.562760
0.562800
0.562840
0.562880
0.562880
0.562920
0.562960
0.563000
0.563040
0.563080
0.563080
0.563120
0.563160
0.563200
0.563240
0.563240
0.563280
0.563280
0.563320
0.563360
0.563400
0.563440
0.563480
0.563520
0.563560
0.563600
0.563640
0.563680
0.563720
0.563720
0.563760
0.563800
0.563800
0.563840
0.563880
0.563920
0.563960
0.564000
0.564040
0.564080
0.564120
0.564160
0.564200
0.564240
0.564280
0.564320
0.564360
0.564360
0.564360
0.564400
0.564440
0.564480
0.564520
0.564560
0.564600
0.564640
0.564640
0.564640
0.564680
0.564720
0.564760
0.564800
0.564840
0.564880
0.564880
0.564920
0.564960
0.565000
0.565040
0.565040
0.565080
0.565120
0.565160
0.565200
0.565240
0.565280
0.565320
0.565360
0.565400
0.565440
0.565480
0.565520
0.565520
0.565560
0.565600
0.565640
0.565680
0.565720
0.565760
0.565760
0.565800
0.565840
0.565880
0.565880
0.565920
0.565960
0.566000
0.566040
0.566080
0.566080
0.566080
0.566120
0.566160
0.566200
0.566240
0.566280
0.566320
0.566320
0.566360
0.566400
0.566440
0.566480
0.566480
0.566520
0.566560
0.566600
0.566600
0.566600
0.566600
0.566640
0.566640
0.566640
0.566680
0.566720
0.566720
0.566760
0.566760
0.566800
0.566840
0.566840
0.566880
0.566920
0.566920
0.566960
0.567000
0.567040
0.567040
0.567040
0.567040
0.567080
0.567120
0.567120
0.567160
0.567200
0.567240
0.567280
0.567280
0.567320
0.567320
0.567320
0.567360
0.567400
0.567400
0.567400
0.567440
0.567440
0.567480
0.567520
0.567520
0.567520
0.567520
0.567560
0.567600
0.567600
0.567640
0.567680
0.567680
0.567720
0.567760
0.567800
0.567840
0.567880
0.567920
0.567920
0.567960
0.567960
0.567960
0.568000
0.568040
0.568080
0.568120
0.568160
0.568200
0.568240
0.568280
0.568320
0.568360
0.568400
0.568440
0.568480
0.568480
0.568520
0.568520
0.568560
0.568560
0.568600
0.568640
0.568680
0.568720
0.568760
0.568800
0.568840
0.568880
0.568920
0.568960
0.569000
0.569040
0.569080
0.569120
0.569160
0.569200
0.569240
0.569280
0.569320
0.569360
0.569400
0.569440
0.569480
0.569520
0.569560
0.569600
0.569640
0.569640
0.569640
0.569680
0.569720
0.569720
0.569760
0.569800
0.569800
0.569840
0.569880
0.569920
0.569960
0.570000
0.570000
0.570040
0.570080
0.570120
0.570160
0.570200
0.570240
0.570280
0.570320
0.570360
0.570400
0.570440
0.570480
0.570520
0.570560
0.570600
0.570600
0.570640
0.570680
0.570680
0.570720
0.570760
0.570800
0.570840
0.570880
0.570920
0.570960
0.571000
0.571040
0.571040
0.571080
0.571080
0.571080
0.571120
0.571160
0.571200
0.571240
0.571280
0.571320
0.571320
0.571360
0.571400
0.571400
0.571440
0.571480
0.571520
0.571560
0.571560
0.571600
0.571640
0.571680
0.571680
0.571680
0.571720
0.571760
0.571800
0.571840
0.571880
0.571920
0.571960
0.572000
0.572040
0.572080
0.572120
0.572160
0.572160
0.572200
0.572240
0.572280
0.572280
0.572320
0.572360
0.572400
0.572440
0.572480
0.572480
0.572520
0.572560
0.572600
0.572640
0.572640
0.572640
0.572680
0.572720
0.572760
0.572800
0.572840
0.572880
0.572920
0.572960
0.573000
0.573040
0.573080
0.573120
0.573120
0.573160
0.573200
0.573240
0.573280
0.573320
0.573360
0.573400
0.573440
0.573440
0.573440
0.573480
0.573520
0.573560
0.573600
0.573600
0.573600
0.573640
0.573680
0.573680
0.573720
0.573760
0.573800
0.573840
0.573840
0.573840
0.573880
0.573880
0.573920
0.573960
0.573960
0.574000
0.574000
0.574040
0.574080
0.574120
0.574160
0.574200
0.574240
0.574280
0.574320
0.574360
0.574400
0.574440
0.574480
0.574520
0.574560
0.574600
0.574600
0.574640
0.574680
0.574720
0.574720
0.574760
0.574800
0.574840
0.574880
0.574920
0.574960
0.575000
0.575040
0.575040
0.575080
0.575120
0.575160
0.575200
0.575240
0.575240
0.575280
0.575320
0.575320
0.575360
0.575400
0.575440
0.575480
0.575520
0.575520
0.575560
0.575600
0.575640
0.575680
0.575720
0.575760
0.575800
0.575840
0.575840
0.575880
0.575920
0.575920
0.575960
0.576000
0.576040
0.576080
0.576120
0.576160
0.576200
0.576200
0.576240
0.576280
0.576320
0.576360
0.576400
0.576440
0.576480
0.576520
0.576560
0.576600
0.576640
0.576680
0.576680
0.576720
0.576760
0.576800
0.576800
0.576840
0.576840
0.576880
0.576920
0.576960
0.577000
0.577040
0.577040
0.577080
0.577120
0.577160
0.577200
0.577200
0.577200
0.577240
0.577240
0.577280
0.577320
0.577360
0.577400
0.577440
0.577480
0.577520
0.577560
0.577600
0.577640
0.577640
0.577680
0.577680
0.577720
0.577760
0.577800
0.577840
0.577880
0.577920
0.577960
0.577960
0.578000
0.578040
0.578080
0.578120
0.578160
0.578200
0.578240
0.578280
0.578320
0.578360
0.578400
0.578400
0.578440
0.578480
0.578520
0.578520
0.578560
0.578600
0.578640
0.578640
0.578680
0.578720
0.578760
0.578760
0.578800
0.578840
0.578840
0.578840
0.578880
0.578920
0.578960
0.579000
0.579040
0.579040
0.579040
0.579080
0.579120
0.579160
0.579160
0.579160
0.579200
0.579240
0.579280
0.579320
0.579360
0.579400
0.579400
0.579440
0.579480
0.579520
0.579560
0.579560
0.579600
0.579640
0.579680
0.579720
0.579760
0.579800
0.579840
0.579880
0.579920
0.579920
0.579920
0.579960
0.579960
0.580000
0.580040
0.580080
0.580080
0.580120
0.580160
0.580200
0.580240
0.580280
0.580280
0.580280
0.580320
0.580320
0.580360
0.580400
0.580440
0.580440
0.580480
0.580520
0.580560
0.580600
0.580600
0.580640
0.580680
0.580680
0.580680
0.580680
0.580720
0.580760
0.580800
0.580800
0.580840
0.580880
0.580920
0.580960
0.581000
0.581040
0.581080
0.581120
0.581160
0.581200
0.581240
0.581280
0.581280
0.581320
0.581320
0.581360
0.581360
0.581400
0.581440
0.581440
0.581480
0.581520
0.581560
0.581600
0.581640
0.581680
0.581720
0.581760
0.581760
0.581800
0.581840
0.581840
0.581880
0.581880
0.581920
0.581960
0.582000
0.582040
0.582080
0.582120
0.582160
0.582200
0.582200
0.582240
0.582280
0.582320
0.582360
0.582400
0.582400
0.582400
0.582440
0.582480
0.582520
0.582560
0.582600
0.582640
0.582680
0.582720
0.582760
0.582800
0.582840
0.582880
0.582920
0.582960
0.583000
0.583040
0.583040
0.583080
0.583120
0.583120
0.583120
0.583160
0.583160
0.583200
0.583240
0.583280
0.583320
0.583360
0.583400
0.583440
0.583480
0.583520
0.583560
0.583600
0.583600
0.583640
0.583680
0.583720
0.583760
0.583800
0.583800
0.583840
0.583880
0.583920
0.583960
0.584000
0.584040
0.584080
0.584120
0.584160
0.584200
0.584240
0.584280
0.584320
0.584360
0.584400
0.584440
0.584480
0.584480
0.584520
0.584560
0.584600
0.584640
0.584640
0.584680
0.584720
0.584760
0.584800
0.584840
0.584880
0.584920
0.584960
0.585000
0.585040
0.585080
0.585120
0.585160
0.585200
0.585200
0.585240
0.585280
0.585320
0.585360
0.585400
0.585440
0.585480
0.585520
0.585560
0.585600
0.585640
0.585680
0.585680
0.585720
0.585760
0.585760
0.585800
0.585840
0.585880
0.585880
0.585920
0.585960
0.586000
0.586040
0.586080
0.586120
0.586160
0.586200
0.586240
0.586240
0.586280
0.586320
0.586360
0.586400
0.586400
0.586400
0.586440
0.586480
0.586520
0.586520
0.586560
0.586600
0.586640
0.586680
0.586680
0.586720
0.586720
0.586760
0.586800
0.586840
0.586880
0.586920
0.586960
0.587000
0.587040
0.587040
0.587080
0.587120
0.587160
0.587200
0.587240
0.587280
0.587320
0.587360
0.587400
0.587440
0.587480
0.587520
0.587560
0.587560
0.587600
0.587640
0.587680
0.587720
0.587720
0.587720
0.587760
0.587800
0.587840
0.587880
0.587920
0.587960
0.588000
0.588040
0.588080
0.588120
0.588160
0.588200
0.588240
0.588280
0.588320
0.588360
0.588400
0.588440
0.588480
0.588520
0.588520
0.588560
0.588600
0.588640
0.588640
0.588680
0.588720
0.588760
0.588800
0.588840
0.588840
0.588840
0.588880
0.588920
0.588960
0.588960
0.589000
0.589040
0.589080
0.589120
0.589160
0.589200
0.589240
0.589240
0.589280
0.589320
0.589360
0.589360
0.589400
0.589440
0.589480
0.589520
0.589560
0.589600
0.589640
0.589640
0.589640
0.589680
0.589720
0.589760
0.589800
0.589800
0.589800
0.589840
0.589880
0.589920
0.589960
0.590000
0.590040
0.590080
0.590120
0.590160
0.590200
0.590240
0.590240
0.590280
0.590320
0.590360
0.590360
0.590400
0.590440
0.590480
0.590520
0.590560
0.590600
0.590640
0.590640
0.590680
0.590720
0.590760
0.590800
0.590840
0.590880
0.590920
0.590920
0.590960
0.591000
0.591000
0.591040
0.591080
0.591120
0.591160
0.591200
0.591240
0.591280
0.591320
0.591360
0.591400
0.591440
0.591480
0.591480
0.591520
0.591560
0.591600
0.591640
0.591680
0.591720
0.591720
0.591760
0.591800
0.591840
0.591880
0.591880
0.591920
0.591960
0.592000
0.592000
0.592000
0.592040
0.592080
0.592120
0.592160
0.592200
0.592240
0.592280
0.592320
0.592360
0.592360
0.592400
0.592440
0.592440
0.592480
0.592520
0.592560
0.592560
0.592560
0.592600
0.592640
0.592680
0.592720
0.592760
0.592800
0.592840
0.592880
0.592920
0.592960
0.593000
0.593040
0.593040
0.593080
0.593120
0.593160
0.593200
0.593240
0.593280
0.593320
0.593360
0.593400
0.593440
0.593480
0.593480
0.593520
0.593560
0.593600
0.593600
0.593640
0.593680
0.593720
0.593760
0.593800
0.593840
0.593880
0.593920
0.593960
0.594000
0.594040
0.594080
0.594120
0.594160
0.594160
0.594200
0.594240
0.594280
0.594320
0.594320
0.594360
0.594400
0.594440
0.594480
0.594520
0.594560
0.594560
0.594600
0.594640
0.594680
0.594720
0.594720
0.594720
0.594760
0.594800
0.594840
0.594840
0.594880
0.594920
0.594920
0.594960
0.595000
0.595040
0.595080
0.595120
0.595160
0.595200
0.595240
0.595280
0.595320
0.595360
0.595400
0.595440
0.595480
0.595520
0.595560
0.595600
0.595600
0.595640
0.595640
0.595640
0.595680
0.595720
0.595760
0.595800
0.595840
0.595880
0.595920
0.595960
0.596000
0.596040
0.596080
0.596080
0.596120
0.596160
0.596200
0.596240
0.596280
0.596320
0.596360
0.596400
0.596440
0.596440
0.596440
0.596480
0.596520
0.596560
0.596600
0.596640
0.596680
0.596680
0.596680
0.596680
0.596680
0.596720
0.596720
0.596760
0.596800
0.596840
0.596840
0.596880
0.596920
0.596960
0.597000
0.597040
0.597080
0.597120
0.597160
0.597160
0.597200
0.597240
0.597280
0.597320
0.597360
0.597360
0.597360
0.597400
0.597440
0.597440
0.597440
0.597480
0.597520
0.597560
0.597600
0.597640
0.597640
0.597680
0.597720
0.597720
0.597760
0.597800
0.597840
0.597840
0.597880
0.597880
0.597920
0.597960
0.598000
0.598040
0.598080
0.598120
0.598120
0.598160
0.598200
0.598200
0.598240
0.598280
0.598320
0.598360
0.598400
0.598400
0.598440
0.598480
0.598520
0.598560
0.598600
0.598640
0.598680
0.598680
0.598720
0.598760
0.598800
0.598840
0.598880
0.598880
0.598920
0.598920
0.598960
0.598960
0.598960
0.599000
0.599040
0.599080
0.599120
0.599120
0.599160
0.599200
0.599240
0.599280
0.599320
0.599320
0.599360
0.599400
0.599440
0.599480
0.599520
0.599560
0.599600
0.599640
0.599680
0.599680
0.599720
0.599760
0.599800
0.599840
0.599880
0.599920
0.599960
0.600000
0.600000
0.600040
0.600080
0.600120
0.600120
0.600160
0.600200
0.600240
0.600280
0.600320
0.600360
0.600400
0.600440
0.600480
0.600520
0.600520
0.600560
0.600600
0.600640
0.600680
0.600720
0.600760
0.600760
0.600800
0.600840
0.600840
0.600880
0.600920
0.600960
0.601000
0.601040
0.601080
0.601120
0.601160
0.601200
0.601240
0.601240
0.601280
0.601320
0.601360
0.601400
0.601440
0.601480
0.601520
0.601560
0.601600
0.601640
0.601680
0.601720
0.601760
0.601800
0.601840
0.601880
0.601920
0.601920
0.601960
0.601960
0.602000
0.602000
0.602040
0.602080
0.602120
0.602160
0.602200
0.602240
0.602280
0.602320
0.602360
0.602400
0.602440
0.602480
0.602520
0.602520
0.602520
0.602560
0.602600
0.602640
0.602680
0.602720
0.602760
0.602760
0.602800
0.602800
0.602840
0.602880
0.602920
0.602960
0.602960
0.603000
0.603040
0.603080
0.603120
0.603120
0.603160
0.603200
0.603200
0.603200
0.603200
0.603240
0.603280
0.603320
0.603360
0.603360
0.603400
0.603440
0.603480
0.603520
0.603560
0.603600
0.603640
0.603640
0.603680
0.603720
0.603760
0.603800
0.603800
0.603840
0.603880
0.603920
0.603960
0.604000
0.604000
0.604040
0.604080
0.604120
0.604120
0.604160
0.604200
0.604240
0.604280
0.604280
0.604280
0.604280
0.604320
0.604360
0.604400
0.604400
0.604440
0.604480
0.604520
0.604560
0.604560
0.604600
0.604640
0.604680
0.604720
0.604760
0.604800
0.604840
0.604880
0.604880
0.604920
0.604960
0.605000
0.605040
0.605080
0.605080
0.605120
0.605160
0.605160
0.605200
0.605240
0.605280
0.605320
0.605360
0.605400
0.605400
0.605440
0.605480
0.605520
0.605560
0.605600
0.605640
0.605680
0.605720
0.605760
0.605800
0.605840
0.605840
0.605840
0.605880
0.605920
0.605960
0.606000
0.606000
0.606040
0.606080
0.606080
0.606120
0.606160
0.606160
0.606200
0.606240
0.606280
0.606320
0.606360
0.606360
0.606360
0.606400
0.606440
0.606480
0.606520
0.606560
0.606600
0.606640
0.606680
0.606720
0.606760
0.606760
0.606800
0.606840
0.606880
0.606920
0.606920
0.606960
0.607000
0.607040
0.607080
0.607120
0.607160
0.607200
0.607240
0.607280
0.607320
0.607360
0.607400
0.607440
0.607480
0.607520
0.607520
0.607560
0.607600
0.607640
0.607640
0.607680
0.607680
0.607720
0.607760
0.607800
0.607800
0.607840
0.607880
0.607920
0.607960
0.608000
0.608040
0.608080
0.608120
0.608160
0.608200
0.608200
0.608200
0.608240
0.608280
0.608320
0.608360
0.608400
0.608440
0.608480
0.608480
0.608520
0.608560
0.608560
0.608600
0.608640
0.608680
0.608720
0.608760
0.608800
0.608840
0.608880
0.608920
0.608920
0.608960
0.609000
0.609040
0.609080
0.609120
0.609160
0.609200
0.609240
0.609280
0.609280
0.609320
0.609360
0.609360
0.609400
0.609440
0.609480
0.609520
0.609560
0.609600
0.609600
0.609640
0.609680
0.609680
0.609720
0.609760
0.609800
0.609840
0.609880
0.609880
0.609920
0.609960
0.609960
0.610000
0.610040
0.610080
0.610080
0.610120
0.610160
0.610160
0.610200
0.610200
0.610240
0.610280
0.610320
0.610360
0.610400
0.610440
0.610440
0.610480
0.610520
0.610520
0.610560
0.610600
0.610640
0.610680
0.610720
0.610760
0.610760
0.610800
0.610840
0.610880
0.610920
0.610920
0.610960
0.610960
0.611000
0.611000
0.611040
0.611080
0.611120
0.611160
0.611160
0.611200
0.611240
0.611280
0.611320
0.611320
0.611320
0.611360
0.611400
0.611400
0.611440
0.611480
0.611520
0.611520
0.611520
0.611520
0.611560
0.611600
0.611640
0.611680
0.611680
0.611720
0.611760
0.611800
0.611800
0.611800
0.611840
0.611880
0.611880
0.611920
0.611960
0.612000
0.612040
0.612080
0.612120
0.612160
0.612160
0.612200
0.612240
0.612280
0.612320
0.612360
0.612400
0.612440
0.612480
0.612520
0.612520
0.612560
0.612600
0.612640
0.612640
0.612640
0.612680
0.612720
0.612720
0.612760
0.612800
0.612840
0.612840
0.612840
0.612880
0.612920
0.612960
0.612960
0.613000
0.613040
0.613080
0.613120
0.613160
0.613200
0.613200
0.613240
0.613240
0.613280
0.613280
0.613320
0.613360
0.613400
0.613400
0.613440
0.613480
0.613520
0.613560
0.613600
0.613640
0.613680
0.613720
0.613760
0.613800
0.613840
0.613880
0.613920
0.613960
0.614000
0.614040
0.614080
0.614080
0.614120
0.614120
0.614160
0.614160
0.614200
0.614240
0.614280
0.614320
0.614360
0.614400
0.614440
0.614480
0.614480
0.614520
0.614560
0.614600
0.614640
0.614680
0.614720
0.614720
0.614760
0.614800
0.614840
0.614840
0.614880
0.614920
0.614960
0.614960
0.615000
0.615040
0.615040
0.615040
0.615080
0.615120
0.615160
0.615200
0.615200
0.615240
0.615280
0.615280
0.615320
0.615360
0.615360
0.615400
0.615440
0.615480
0.615520
0.615560
0.615560
0.615600
0.615640
0.615680
0.615720
0.615720
0.615760
0.615800
0.615800
0.615840
0.615840
0.615880
0.615920
0.615960
0.616000
0.616040
0.616040
0.616080
0.616120
0.616120
0.616160
0.616200
0.616240
0.616280
0.616320
0.616320
0.616360
0.616400
0.616440
0.616480
0.616520
0.616560
0.616600
0.616640
0.616640
0.616640
0.616680
0.616720
0.616760
0.616760
0.616760
0.616760
0.616800
0.616800
0.616840
0.616880
0.616920
0.616920
0.616960
0.617000
0.617040
0.617080
0.617120
0.617160
0.617200
0.617240
0.617240
0.617280
0.617280
0.617280
0.617320
0.617360
0.617400
0.617440
0.617480
0.617520
0.617520
0.617560
0.617600
0.617600
0.617640
0.617680
0.617720
0.617760
0.617800
0.617840
0.617840
0.617840
0.617880
0.617920
0.617960
0.617960
0.618000
0.618040
0.618080
0.618120
0.618160
0.618200
0.618240
0.618240
0.618280
0.618320
0.618360
0.618400
0.618440
0.618480
0.618520
0.618520
0.618560
0.618600
0.618640
0.618680
0.618680
0.618720
0.618720
0.618760
0.618800
0.618840
0.618880
0.618920
0.618960
0.619000
0.619040
0.619080
0.619120
0.619120
0.619160
0.619200
0.619240
0.619280
0.619320
0.619320
0.619360
0.619400
0.619440
0.619480
0.619520
0.619560
0.619600
0.619600
0.619600
0.619640
0.619640
0.619680
0.619720
0.619760
0.619800
0.619840
0.619880
0.619920
0.619960
0.619960
0.620000
0.620040
0.620080
0.620080
0.620080
0.620120
0.620160
0.620160
0.620200
0.620240
0.620280
0.620320
0.620360
0.620400
0.620440
0.620480
0.620520
0.620560
0.620600
0.620640
0.620640
0.620680
0.620680
0.620720
0.620760
0.620800
0.620800
0.620840
0.620880
0.620920
0.620960
0.621000
0.621040
0.621080
0.621080
0.621120
0.621160
0.621200
0.621240
0.621240
0.621280
0.621320
0.621360
0.621360
0.621400
0.621440
0.621440
0.621480
0.621520
0.621560
0.621600
0.621640
0.621680
0.621680
0.621720
0.621760
0.621760
0.621800
0.621800
0.621800
0.621840
0.621880
0.621920
0.621960
0.622000
0.622040
0.622080
0.622080
0.622120
0.622160
0.622200
0.622240
0.622280
0.622320
0.622360
0.622400
0.622440
0.622480
0.622520
0.622560
0.622560
0.622560
0.622560
0.622600
0.622640
0.622640
0.622640
0.622680
0.622720
0.622720
0.622760
0.622760
0.622800
0.622840
0.622880
0.622920
0.622920
0.622920
0.622960
0.623000
0.623000
0.623040
0.623080
0.623120
0.623120
0.623160
0.623200
0.623240
0.623240
0.623240
0.623240
0.623280
0.623280
0.623320
0.623360
0.623400
0.623440
0.623480
0.623480
0.623520
0.623560
0.623600
0.623600
0.623640
0.623640
0.623680
0.623720
0.623760
0.623760
0.623800
0.623840
0.623880
0.623920
0.623960
0.623960
0.624000
0.624040
0.624080
0.624120
0.624160
0.624200
0.624240
0.624240
0.624240
0.624280
0.624320
0.624360
0.624360
0.624400
0.624400
0.624400
0.624440
0.624440
0.624480
0.624480
0.624480
0.624520
0.624560
0.624600
0.624640
0.624680
0.624720
0.624720
0.624760
0.624760
0.624760
0.624800
0.624840
0.624880
0.624920
0.624960
0.625000
0.625000
0.625040
0.625080
0.625120
0.625120
0.625160
0.625200
0.625200
0.625240
0.625240
0.625280
0.625320
0.625320
0.625360
0.625400
0.625440
0.625480
0.625520
0.625560
0.625600
0.625640
0.625680
0.625680
0.625720
0.625760
0.625800
0.625840
0.625880
0.625920
0.625960
0.626000
0.626040
0.626040
0.626080
0.626120
0.626160
0.626160
0.626200
0.626240
0.626280
0.626320
0.626360
0.626360
0.626360
0.626400
0.626440
0.626480
0.626480
0.626520
0.626560
0.626560
0.626600
0.626640
0.626680
0.626720
0.626760
0.626800
0.626840
0.626880
0.626920
0.626920
0.626960
0.627000
0.627040
0.627080
0.627120
0.627160
0.627160
0.627200
0.627240
0.627280
0.627320
0.627360
0.627400
0.627440
0.627480
0.627520
0.627560
0.627600
0.627640
0.627680
0.627680
0.627720
0.627760
0.627760
0.627800
0.627840
0.627880
0.627920
0.627920
0.627960
0.627960
0.628000
0.628000
0.628040
0.628080
0.628120
0.628160
0.628200
0.628240
0.628280
0.628320
0.628360
0.628360
0.628400
0.628440
0.628480
0.628520
0.628560
0.628600
0.628600
0.628640
0.628680
0.628720
0.628760
0.628800
0.628840
0.628880
0.628920
0.628960
0.629000
0.629040
0.629080
0.629080
0.629120
0.629160
0.629160
0.629200
0.629240
0.629280
0.629280
0.629320
0.629360
0.629400
0.629440
0.629480
0.629480
0.629520
0.629560
0.629600
0.629640
0.629680
0.629720
0.629760
0.629800
0.629840
0.629880
0.629920
0.629960
0.629960
0.629960
0.630000
0.630040
0.630080
0.630120
0.630160
0.630200
0.630200
0.630240
0.630280
0.630320
0.630360
0.630400
0.630400
0.630440
0.630440
0.630480
0.630520
0.630560
0.630600
0.630640
0.630680
0.630720
0.630760
0.630800
0.630800
0.630840
0.630840
0.630880
0.630920
0.630960
0.630960
0.631000
0.631040
0.631080
0.631120
0.631160
0.631200
0.631200
0.631200
0.631200
0.631240
0.631280
0.631320
0.631360
0.631360
0.631360
0.631400
0.631440
0.631480
0.631520
0.631560
0.631600
0.631640
0.631680
0.631720
0.631720
0.631760
0.631800
0.631800
0.631840
0.631880
0.631920
0.631920
0.631960
0.631960
0.632000
0.632040
0.632080
0.632080
0.632120
0.632160
0.632200
0.632240
0.632240
0.632280
0.632320
0.632360
0.632400
0.632440
0.632480
0.632520
0.632560
0.632600
0.632640
0.632680
0.632720
0.632760
0.632800
0.632840
0.632880
0.632920
0.632960
0.633000
0.633040
0.633080
0.633120
0.633120
0.633160
0.633200
0.633240
0.633240
0.633280
0.633280
0.633320
0.633320
0.633320
0.633360
0.633400
0.633440
0.633480
0.633520
0.633560
0.633600
0.633640
0.633680
0.633720
0.633760
0.633760
0.633800
0.633800
0.633840
0.633880
0.633920
0.633960
0.634000
0.634040
0.634040
0.634080
0.634120
0.634160
0.634200
0.634240
0.634280
0.634320
0.634360
0.634360
0.634360
0.634400
0.634440
0.634480
0.634520
0.634560
0.634600
0.634640
0.634640
0.634680
0.634680
0.634720
0.634760
0.634800
0.634840
0.634880
0.634920
0.634960
0.635000
0.635040
0.635080
0.635080
0.635120
0.635160
0.635200
0.635240
0.635280
0.635320
0.635360
0.635360
0.635400
0.635440
0.635480
0.635480
0.635520
0.635560
0.635600
0.635640
0.635680
0.635720
0.635760
0.635800
0.635840
0.635880
0.635920
0.635920
0.635960
0.636000
0.636040
0.636040
0.636080
0.636120
0.636160
0.636200
0.636240
0.636240
0.636280
0.636320
0.636320
0.636360
0.636400
0.636440
0.636480
0.636520
0.636520
0.636560
0.636600
0.636640
0.636680
0.636720
0.636760
0.636800
0.636840
0.636880
0.636920
0.636960
0.636960
0.637000
0.637040
0.637040
0.637080
0.637080
0.637120
0.637120
0.637160
0.637160
0.637200
0.637200
0.637200
0.637240
0.637240
0.637280
0.637320
0.637360
0.637400
0.637440
0.637480
0.637480
0.637520
0.637560
0.637600
0.637640
0.637680
0.637720
0.637760
0.637760
0.637760
0.637760
0.637800
0.637840
0.637880
0.637920
0.637960
0.638000
0.638040
0.638080
0.638080
0.638120
0.638160
0.638200
0.638240
0.638280
0.638320
0.638360
0.638400
0.638440
0.638480
0.638520
0.638520
0.638560
0.638600
0.638640
0.638680
0.638720
0.638760
0.638800
0.638840
0.638880
0.638920
0.638920
0.638960
0.639000
0.639040
0.639080
0.639080
0.639120
0.639160
0.639200
0.639240
0.639280
0.639320
0.639360
0.639400
0.639400
0.639440
0.639480
0.639520
0.639560
0.639600
0.639640
0.639680
0.639720
0.639760
0.639800
0.639800
0.639840
0.639880
0.639920
0.639920
0.639960
0.640000
0.640000
0.640040
0.640080
0.640120
0.640120
0.640160
0.640200
0.640240
0.640280
0.640320
0.640360
0.640360
0.640400
0.640400
0.640440
0.640480
0.640520
0.640520
0.640560
0.640560
0.640600
0.640640
0.640680
0.640720
0.640760
0.640760
0.640800
0.640840
0.640840
0.640880
0.640920
0.640960
0.641000
0.641040
0.641040
0.641080
0.641080
0.641120
0.641160
0.641160
0.641200
0.641240
0.641280
0.641320
0.641360
0.641400
0.641440
0.641440
0.641480
0.641520
0.641560
0.641600
0.641600
0.641640
0.641640
0.641640
0.641680
0.641720
0.641720
0.641760
0.641760
0.641800
0.641840
0.641880
0.641920
0.641960
0.642000
0.642040
0.642040
0.642040
0.642080
0.642120
0.642160
0.642200
0.642240
0.642280
0.642320
0.642320
0.642360
0.642400
0.642440
0.642440
0.642480
0.642520
0.642520
0.642520
0.642560
0.642560
0.642600
0.642600
0.642600
0.642640
0.642680
0.642720
0.642760
0.642800
0.642840
0.642880
0.642920
0.642960
0.643000
0.643040
0.643080
0.643120
0.643160
0.643160
0.643200
0.643240
0.643280
0.643280
0.643320
0.643360
0.643400
0.643400
0.643440
0.643440
0.643440
0.643440
0.643480
0.643520
0.643560
0.643600
0.643640
0.643680
0.643680
0.643720
0.643760
0.643800
0.643840
0.643880
0.643920
0.643960
0.644000
0.644040
0.644080
0.644120
0.644160
0.644200
0.644240
0.644240
0.644280
0.644320
0.644360
0.644360
0.644400
0.644440
0.644440
0.644480
0.644520
0.644560
0.644600
0.644640
0.644680
0.644680
0.644720
0.644760
0.644800
0.644840
0.644880
0.644880
0.644920
0.644960
0.645000
0.645040
0.645080
0.645120
0.645160
0.645200
0.645240
0.645280
0.645320
0.645320
0.645360
0.645400
0.645440
0.645480
0.645520
0.645560
0.645600
0.645600
0.645640
0.645680
0.645720
0.645760
0.645760
0.645800
0.645840
0.645840
0.645880
0.645880
0.645920
0.645960
0.646000
0.646000
0.646040
0.646040
0.646080
0.646120
0.646120
0.646120
0.646160
0.646200
0.646240
0.646280
0.646320
0.646360
0.646400
0.646440
0.646480
0.646520
0.646560
0.646600
0.646640
0.646680
0.646720
0.646760
0.646800
0.646840
0.646840
0.646840
0.646880
0.646920
0.646960
0.647000
0.647040
0.647080
0.647080
0.647120
0.647160
0.647200
0.647240
0.647280
0.647320
0.647360
0.647400
0.647440
0.647480
0.647480
0.647480
0.647520
0.647560
0.647600
0.647600
0.647640
0.647680
0.647720
0.647760
0.647800
0.647840
0.647840
0.647880
0.647920
0.647920
0.647960
0.648000
0.648000
0.648000
0.648040
0.648080
0.648080
0.648120
0.648160
0.648200
0.648200
0.648240
0.648240
0.648280
0.648320
0.648320
0.648360
0.648400
0.648440
0.648480
0.648520
0.648560
0.648600
0.648640
0.648640
0.648680
0.648680
0.648720
0.648760
0.648760
0.648800
0.648840
0.648880
0.648920
0.648960
0.649000
0.649000
0.649040
0.649080
0.649080
0.649120
0.649160
0.649200
0.649240
0.649280
0.649320
0.649360
0.649400
0.649440
0.649440
0.649480
0.649520
0.649560
0.649600
0.649600
0.649640
0.649680
0.649680
0.649720
0.649760
0.649760
0.649800
0.649840
0.649880
0.649920
0.649960
0.650000
0.650040
0.650080
0.650120
0.650120
0.650160
0.650160
0.650160
0.650200
0.650240
0.650280
0.650320
0.650320
0.650360
0.650400
0.650440
0.650480
0.650480
0.650480
0.650520
0.650520
0.650560
0.650600
0.650600
0.650640
0.650680
0.650720
0.650760
0.650760
0.650800
0.650840
0.650880
0.650880
0.650880
0.650920
0.650960
0.651000
0.651040
0.651040
0.651080
0.651080
0.651080
0.651120
0.651160
0.651160
0.651200
0.651200
0.651200
0.651200
0.651240
0.651280
0.651280
0.651320
0.651360
0.651400
0.651440
0.651440
0.651480
0.651520
0.651520
0.651560
0.651600
0.651640
0.651680
0.651680
0.651720
0.651760
0.651800
0.651840
0.651880
0.651920
0.651960
0.652000
0.652040
0.652080
0.652120
0.652160
0.652200
0.652240
0.652280
0.652280
0.652320
0.652320
0.652360
0.652400
0.652440
0.652480
0.652520
0.652520
0.652520
0.652560
0.652600
0.652640
0.652680
0.652680
0.652720
0.652760
0.652800
0.652800
0.652840
0.652880
0.652920
0.652960
0.653000
0.653040
0.653040
0.653080
0.653080
0.653080
0.653120
0.653160
0.653200
0.653240
0.653240
0.653280
0.653320
0.653360
0.653400
0.653440
0.653480
0.653520
0.653560
0.653600
0.653600
0.653640
0.653680
0.653720
0.653720
0.653760
0.653800
0.653840
0.653880
0.653880
0.653920
0.653960
0.654000
0.654040
0.654040
0.654080
0.654120
0.654160
0.654200
0.654240
0.654280
0.654320
0.654360
0.654400
0.654440
0.654480
0.654520
0.654560
0.654600
0.654640
0.654640
0.654640
0.654680
0.654720
0.654720
0.654760
0.654760
0.654800
0.654840
0.654880
0.654920
0.654960
0.655000
0.655040
0.655080
0.655120
0.655160
0.655160
0.655200
0.655240
0.655280
0.655320
0.655360
0.655400
0.655400
0.655440
0.655480
0.655480
0.655520
0.655560
0.655600
0.655640
0.655680
0.655720
0.655720
0.655720
0.655760
0.655760
0.655800
0.655840
0.655880
0.655880
0.655920
0.655960
0.655960
0.656000
0.656040
0.656080
0.656120
0.656120
0.656160
0.656200
0.656240
0.656280
0.656320
0.656320
0.656320
0.656360
0.656400
0.656440
0.656480
0.656520
0.656560
0.656600
0.656640
0.656640
0.656680
0.656720
0.656760
0.656800
0.656800
0.656840
0.656880
0.656920
0.656960
0.657000
0.657040
0.657080
0.657120
0.657160
0.657200
0.657240
0.657280
0.657320
0.657360
0.657400
0.657440
0.657440
0.657480
0.657520
0.657560
0.657600
0.657640
0.657640
0.657680
0.657720
0.657760
0.657800
0.657800
0.657840
0.657880
0.657920
0.657960
0.658000
0.658040
0.658080
0.658120
0.658160
0.658160
0.658200
0.658240
0.658280
0.658320
0.658320
0.658360
0.658360
0.658360
0.658400
0.658440
0.658480
0.658480
0.658520
0.658560
0.658600
0.658640
0.658680
0.658720
0.658760
0.658800
0.658840
0.658880
0.658920
0.658960
0.659000
0.659040
0.659040
0.659080
0.659080
0.659120
0.659160
0.659160
0.659160
0.659200
0.659240
0.659280
0.659320
0.659320
0.659360
0.659400
0.659440
0.659440
0.659480
0.659520
0.659560
0.659600
0.659640
0.659680
0.659720
0.659760
0.659800
0.659840
0.659880
0.659880
0.659920
0.659960
0.660000
0.660040
0.660080
0.660120
0.660160
0.660200
0.660240
0.660280
0.660320
0.660360
0.660360
0.660400
0.660440
0.660480
0.660520
0.660560
0.660600
0.660640
0.660680
0.660720
0.660760
0.660800
0.660840
0.660880
0.660920
0.660920
0.660960
0.661000
0.661040
0.661080
0.661120
0.661160
0.661200
0.661240
0.661280
0.661320
0.661360
0.661400
0.661400
0.661440
0.661440
0.661440
0.661480
0.661520
0.661560
0.661600
0.661600
0.661600
0.661640
0.661680
0.661720
0.661720
0.661760
0.661800
0.661840
0.661880
0.661920
0.661960
0.662000
0.662040
0.662040
0.662080
0.662120
0.662160
0.662200
0.662240
0.662280
0.662280
0.662320
0.662320
0.662360
0.662400
0.662440
0.662480
0.662520
0.662560
0.662600
0.662600
0.662640
0.662680
0.662720
0.662760
0.662800
0.662840
0.662880
0.662920
0.662960
0.662960
0.663000
0.663040
0.663080
0.663080
0.663120
0.663120
0.663160
0.663200
0.663240
0.663280
0.663320
0.663360
0.663400
0.663440
0.663440
0.663440
0.663440
0.663480
0.663520
0.663560
0.663560
0.663560
0.663600
0.663640
0.663680
0.663720
0.663760
0.663800
0.663840
0.663880
0.663920
0.663960
0.664000
0.664040
0.664080
0.664120
0.664120
0.664160
0.664200
0.664240
0.664280
0.664320
0.664360
0.664400
0.664440
0.664440
0.664480
0.664520
0.664560
0.664600
0.664640
0.664680
0.664720
0.664760
0.664760
0.664800
0.664840
0.664880
0.664920
0.664960
0.665000
0.665000
0.665040
0.665080
0.665120
0.665160
0.665200
0.665200
0.665240
0.665280
0.665320
0.665360
0.665400
0.665440
0.665480
0.665520
0.665560
0.665600
0.665640
0.665680
0.665720
0.665760
0.665800
0.665840
0.665880
0.665920
0.665960
0.666000
0.666040
0.666080
0.666120
0.666120
0.666160
0.666200
0.666200
0.666240
0.666280
0.666320
0.666320
0.666360
0.666400
0.666400
0.666440
0.666480
0.666520
0.666520
0.666560
0.666600
0.666600
0.666640
0.666680
0.666720
0.666760
0.666760
0.666800
0.666800
0.666840
0.666840
0.666880
0.666920
0.666920
0.666960
0.667000
0.667040
0.667080
0.667120
0.667160
0.667200
0.667240
0.667280
0.667320
0.667360
0.667400
0.667440
0.667440
0.667480
0.667480
0.667520
0.667560
0.667600
0.667640
0.667680
0.667680
0.667720
0.667760
0.667760
0.667800
0.667840
0.667880
0.667920
0.667960
0.667960
0.668000
0.668040
0.668040
0.668080
0.668120
0.668160
0.668200
0.668240
0.668280
0.668280
0.668320
0.668360
0.668400
0.668440
0.668440
0.668440
0.668440
0.668480
0.668520
0.668520
0.668520
0.668560
0.668600
0.668640
0.668680
0.668720
0.668760
0.668800
0.668800
0.668840
0.668880
0.668920
0.668960
0.669000
0.669040
0.669080
0.669080
0.669080
0.669120
0.669160
0.669160
0.669200
0.669200
0.669240
0.669240
0.669280
0.669320
0.669360
0.669360
0.669400
0.669400
0.669400
0.669440
0.669480
0.669480
0.669520
0.669520
0.669560
0.669600
0.669640
0.669680
0.669680
0.669720
0.669760
0.669800
0.669840
0.669880
0.669880
0.669920
0.669920
0.669920
0.669960
0.669960
0.670000
0.670040
0.670040
0.670080
0.670120
0.670160
0.670200
0.670240
0.670280
0.670320
0.670360
0.670400
0.670440
0.670480
0.670520
0.670560
0.670600
0.670640
0.670680
0.670720
0.670760
0.670800
0.670800
0.670840
0.670880
0.670920
0.670960
0.671000
0.671040
0.671040
0.671080
0.671120
0.671120
0.671160
0.671200
0.671240
0.671280
0.671280
0.671320
0.671320
0.671360
0.671400
0.671440
0.671440
0.671480
0.671520
0.671560
0.671600
0.671640
0.671680
0.671720
0.671760
0.671800
0.671840
0.671880
0.671920
0.671960
0.672000
0.672040
0.672080
0.672120
0.672160
0.672200
0.672200
0.672240
0.672280
0.672320
0.672320
0.672360
0.672360
0.672400
0.672440
0.672480
0.672520
0.672560
0.672600
0.672640
0.672680
0.672720
0.672760
0.672760
0.672760
0.672800
0.672800
0.672800
0.672840
0.672840
0.672840
0.672840
0.672880
0.672920
0.672960
0.672960
0.673000
0.673040
0.673080
0.673120
0.673160
0.673200
0.673240
0.673280
0.673280
0.673320
0.673360
0.673400
0.673440
0.673480
0.673520
0.673560
0.673600
0.673640
0.673680
0.673720
0.673760
0.673760
0.673760
0.673800
0.673840
0.673880
0.673920
0.673960
0.673960
0.674000
0.674040
0.674080
0.674120
0.674160
0.674200
0.674240
0.674280
0.674320
0.674360
0.674400
0.674440
0.674480
0.674520
0.674560
0.674600
0.674640
0.674680
0.674720
0.674720
0.674760
0.674800
0.674840
0.674840
0.674840
0.674880
0.674920
0.674960
0.675000
0.675040
0.675080
0.675080
0.675120
0.675160
0.675200
0.675200
0.675200
0.675200
0.675240
0.675240
0.675280
0.675320
0.675360
0.675400
0.675400
0.675440
0.675440
0.675480
0.675520
0.675560
0.675600
0.675600
0.675640
0.675640
0.675680
0.675720
0.675760
0.675800
0.675840
0.675880
0.675920
0.675960
0.676000
0.676040
0.676040
0.676080
0.676120
0.676160
0.676200
0.676240
0.676240
0.676280
0.676320
0.676320
0.676320
0.676360
0.676400
0.676440
0.676480
0.676520
0.676560
0.676560
0.676600
0.676640
0.676680
0.676720
0.676760
0.676800
0.676840
0.676880
0.676920
0.676960
0.677000
0.677040
0.677080
0.677120
0.677160
0.677160
0.677200
0.677240
0.677280
0.677320
0.677360
0.677360
0.677400
0.677440
0.677440
0.677480
0.677520
0.677560
0.677600
0.677640
0.677680
0.677720
0.677760
0.677800
0.677840
0.677880
0.677920
0.677960
0.678000
0.678040
0.678080
0.678120
0.678120
0.678160
0.678200
0.678240
0.678280
0.678280
0.678320
0.678360
0.678400
0.678440
0.678440
0.678480
0.678520
0.678560
0.678600
0.678640
0.678680
0.678720
0.678720
0.678760
0.678800
0.678840
0.678880
0.678920
0.678960
0.679000
0.679000
0.679000
0.679040
0.679040
0.679080
0.679120
0.679160
0.679200
0.679240
0.679280
0.679320
0.679320
0.679360
0.679360
0.679400
0.679440
0.679480
0.679520
0.679560
0.679600
0.679640
0.679680
0.679720
0.679760
0.679800
0.679840
0.679880
0.679920
0.679960
0.680000
0.680040
0.680080
0.680120
0.680160
0.680200
0.680240
0.680280
0.680320
0.680360
0.680400
0.680440
0.680440
0.680480
0.680520
0.680560
0.680600
0.680600
0.680600
0.680640
0.680680
0.680680
0.680720
0.680720
0.680760
0.680800
0.680840
0.680880
0.680920
0.680960
0.681000
0.681000
0.681040
0.681080
0.681120
0.681160
0.681200
0.681240
0.681280
0.681320
0.681360
0.681360
0.681400
0.681440
0.681480
0.681520
0.681520
0.681520
0.681560
0.681600
0.681640
0.681640
0.681640
0.681680
0.681720
0.681760
0.681800
0.681840
0.681880
0.681920
0.681960
0.682000
0.682000
0.682000
0.682040
0.682080
0.682120
0.682120
0.682160
0.682160
0.682160
0.682160
0.682200
0.682240
0.682280
0.682320
0.682360
0.682400
0.682440
0.682480
0.682520
0.682560
0.682600
0.682640
0.682680
0.682720
0.682760
0.682800
0.682840
0.682880
0.682920
0.682920
0.682960
0.682960
0.683000
0.683040
0.683040
0.683080
0.683080
0.683080
0.683120
0.683160
0.683200
0.683240
0.683280
0.683320
0.683360
0.683400
0.683440
0.683480
0.683480
0.683520
0.683560
0.683600
0.683640
0.683640
0.683680
0.683720
0.683760
0.683800
0.683800
0.683840
0.683880
0.683920
0.683920
0.683960
0.684000
0.684000
0.684000
0.684040
0.684080
0.684120
0.684160
0.684200
0.684240
0.684240
0.684280
0.684280
0.684280
0.684320
0.684360
0.684400
0.684440
0.684480
0.684520
0.684560
0.684600
0.684640
0.684680
0.684720
0.684760
0.684800
0.684840
0.684880
0.684880
0.684920
0.684920
0.684960
0.685000
0.685040
0.685080
0.685080
0.685120
0.685120
0.685120
0.685160
0.685200
0.685240
0.685240
0.685240
0.685280
0.685320
0.685360
0.685400
0.685440
0.685440
0.685440
0.685480
0.685480
0.685520
0.685520
0.685560
0.685600
0.685640
0.685640
0.685680
0.685720
0.685720
0.685760
0.685800
0.685840
0.685880
0.685920
0.685960
0.686000
0.686000
0.686040
0.686080
0.686120
0.686160
0.686200
0.686240
0.686240
0.686280
0.686320
0.686360
0.686360
0.686400
0.686440
0.686480
0.686520
0.686560
0.686600
0.686640
0.686680
0.686720
0.686760
0.686800
0.686840
0.686880
0.686880
0.686920
0.686960
0.687000
0.687040
0.687080
0.687120
0.687160
0.687200
0.687240
0.687240
0.687280
0.687320
0.687360
0.687400
0.687440
0.687480
0.687520
0.687560
0.687600
0.687640
0.687680
0.687720
0.687760
0.687800
0.687840
0.687880
0.687920
0.687960
0.687960
0.688000
0.688040
0.688080
0.688080
0.688120
0.688160
0.688200
0.688240
0.688280
0.688280
0.688320
0.688360
0.688360
0.688400
0.688440
0.688440
0.688440
0.688440
0.688480
0.688520
0.688560
0.688600
0.688640
0.688640
0.688680
0.688720
0.688760
0.688760
0.688800
0.688840
0.688880
0.688920
0.688920
0.688960
0.689000
0.689000
0.689000
0.689040
0.689080
0.689120
0.689160
0.689160
0.689160
0.689160
0.689200
0.689240
0.689280
0.689320
0.689360
0.689400
0.689440
0.689480
0.689520
0.689560
0.689600
0.689640
0.689680
0.689720
0.689760
0.689800
0.689840
0.689880
0.689920
0.689960
0.690000
0.690000
0.690040
0.690080
0.690120
0.690160
0.690200
0.690240
0.690280
0.690320
0.690360
0.690400
0.690440
0.690480
0.690520
0.690520
0.690560
0.690560
0.690600
0.690640
0.690680
0.690680
0.690720
0.690760
0.690800
0.690800
0.690800
0.690840
0.690880
0.690920
0.690960
0.690960
0.691000
0.691000
0.691000
0.691040
0.691080
0.691120
0.691160
0.691200
0.691240
0.691280
0.691280
0.691320
0.691360
0.691360
0.691360
0.691400
0.691440
0.691440
0.691480
0.691520
0.691520
0.691560
0.691600
0.691640
0.691640
0.691680
0.691680
0.691720
0.691760
0.691800
0.691840
0.691880
0.691920
0.691960
0.692000
0.692000
0.692040
0.692080
0.692120
0.692160
0.692200
0.692240
0.692280
0.692320
0.692360
0.692360
0.692400
0.692440
0.692480
0.692520
0.692560
0.692600
0.692640
0.692680
0.692680
0.692720
0.692760
0.692800
0.692840
0.692880
0.692920
0.692960
0.693000
0.693040
0.693080
0.693120
0.693160
0.693200
0.693200
0.693240
0.693280
0.693280
0.693280
0.693320
0.693360
0.693400
0.693440
0.693440
0.693480
0.693520
0.693560
0.693600
0.693640
0.693680
0.693720
0.693760
0.693800
0.693840
0.693880
0.693920
0.693960
0.694000
0.694040
0.694080
0.694120
0.694160
0.694200
0.694240
0.694240
0.694280
0.694320
0.694360
0.694400
0.694440
0.694480
0.694480
0.694480
0.694520
0.694520
0.694560
0.694600
0.694640
0.694640
0.694680
0.694720
0.694760
0.694800
0.694840
0.694880
0.694920
0.694960
0.695000
0.695040
0.695080
0.695080
0.695120
0.695160
0.695200
0.695240
0.695280
0.695280
0.695320
0.695360
0.695400
0.695440
0.695480
0.695520
0.695520
0.695560
0.695600
0.695640
0.695680
0.695720
0.695760
0.695800
0.695800
0.695840
0.695880
0.695920
0.695960
0.696000
0.696040
0.696080
0.696120
0.696160
0.696200
0.696200
0.696200
0.696240
0.696240
0.696280
0.696320
0.696360
0.696400
0.696440
0.696480
0.696480
0.696520
0.696560
0.696600
0.696640
0.696680
0.696720
0.696720
0.696720
0.696720
0.696760
0.696800
0.696840
0.696840
0.696880
0.696920
0.696920
0.696960
0.696960
0.697000
0.697040
0.697080
0.697120
0.697160
0.697160
0.697160
0.697200
0.697240
0.697280
0.697280
0.697320
0.697360
0.697360
0.697360
0.697400
0.697400
0.697440
0.697480
0.697520
0.697560
0.697600
0.697640
0.697680
0.697720
0.697720
0.697760
0.697760
0.697800
0.697840
0.697880
0.697920
0.697960
0.698000
0.698000
0.698040
0.698080
0.698120
0.698160
0.698160
0.698200
0.698200
0.698240
0.698280
0.698320
0.698360
0.698360
0.698400
0.698440
0.698480
0.698520
0.698560
0.698600
0.698600
0.698640
0.698640
0.698680
0.698720
0.698760
0.698800
0.698840
0.698880
0.698920
0.698920
0.698960
0.699000
0.699040
0.699080
0.699120
0.699160
0.699200
0.699240
0.699280
0.699320
0.699320
0.699320
0.699320
0.699360
0.699400
0.699440
0.699480
0.699520
0.699560
0.699600
0.699640
0.699680
0.699720
0.699760
0.699800
0.699840
0.699880
0.699920
0.699960
0.700000
0.700040
0.700080
0.700120
0.700120
0.700160
0.700200
0.700240
0.700280
0.700320
0.700360
0.700400
0.700440
0.700440
0.700480
0.700520
0.700560
0.700600
0.700640
0.700680
0.700720
0.700760
0.700800
0.700800
0.700840
0.700840
0.700880
0.700920
0.700960
0.701000
0.701040
0.701040
0.701040
0.701080
0.701120
0.701160
0.701200
0.701240
0.701280
0.701320
0.701360
0.701400
0.701440
0.701480
0.701520
0.701560
0.701600
0.701640
0.701680
0.701720
0.701760
0.701800
0.701800
0.701840
0.701840
0.701880
0.701920
0.701960
0.702000
0.702040
0.702080
0.702120
0.702160
0.702200
0.702240
0.702240
0.702240
0.702280
0.702280
0.702320
0.702320
0.702360
0.702360
0.702400
0.702440
0.702480
0.702520
0.702560
0.702600
0.702600
0.702640
0.702680
0.702680
0.702720
0.702720
0.702720
0.702720
0.702760
0.702760
0.702760
0.702760
0.702800
0.702840
0.702880
0.702920
0.702960
0.703000
0.703000
0.703000
0.703040
0.703080
0.703120
0.703120
0.703120
0.703120
0.703160
0.703160
0.703200
0.703240
0.703280
0.703320
0.703360
0.703400
0.703440
0.703480
0.703520
0.703560
0.703600
0.703640
0.703680
0.703720
0.703760
0.703760
0.703800
0.703840
0.703880
0.703880
0.703920
0.703960
0.704000
0.704040
0.704080
0.704120
0.704160
0.704160
0.704200
0.704240
0.704280
0.704320
0.704360
0.704400
0.704440
0.704440
0.704440
0.704480
0.704480
0.704520
0.704560
0.704600
0.704640
0.704680
0.704720
0.704760
0.704760
0.704800
0.704840
0.704880
0.704880
0.704920
0.704960
0.705000
0.705040
0.705080
0.705080
0.705080
0.705120
0.705160
0.705160
0.705200
0.705240
0.705280
0.705320
0.705360
0.705400
0.705400
0.705440
0.705480
0.705520
0.705560
0.705600
0.705640
0.705680
0.705720
0.705760
0.705760
0.705760
0.705800
0.705840
0.705840
0.705880
0.705920
0.705960
0.706000
0.706040
0.706040
0.706080
0.706120
0.706120
0.706160
0.706200
0.706240
0.706280
0.706320
0.706360
0.706360
0.706400
0.706440
0.706480
0.706520
0.706520
0.706560
0.706600
0.706640
0.706680
0.706720
0.706760
0.706800
0.706840
0.706880
0.706920
0.706960
0.707000
0.707040
0.707080
0.707120
0.707160
0.707200
0.707240
0.707280
0.707320
0.707360
0.707400
0.707440
0.707480
0.707480
0.707520
0.707560
0.707600
0.707640
0.707680
0.707720
0.707760
0.707800
0.707840
0.707880
0.707920
0.707960
0.708000
0.708040
0.708080
0.708120
0.708160
0.708200
0.708240
0.708280
0.708280
0.708280
0.708320
0.708360
0.708400
0.708400
0.708440
0.708480
0.708480
0.708520
0.708560
0.708600
0.708640
0.708640
0.708680
0.708720
0.708760
0.708800
0.708840
0.708880
0.708880
0.708920
0.708920
0.708960
0.709000
0.709000
0.709040
0.709080
0.709120
0.709160
0.709200
0.709240
0.709280
0.709320
0.709360
0.709360
0.709400
0.709400
0.709400
0.709440
0.709480
0.709520
0.709560
0.709560
0.709600
0.709640
0.709640
0.709640
0.709680
0.709720
0.709760
0.709760
0.709800
0.709840
0.709880
0.709920
0.709960
0.710000
0.710040
0.710080
0.710120
0.710160
0.710200
0.710240
0.710240
0.710240
0.710280
0.710320
0.710360
0.710360
0.710360
0.710400
0.710440
0.710480
0.710520
0.710560
0.710600
0.710640
0.710680
0.710720
0.710760
0.710760
0.710800
0.710800
0.710840
0.710880
0.710880
0.710880
0.710920
0.710960
0.711000
0.711040
0.711040
0.711080
0.711080
0.711120
0.711160
0.711200
0.711200
0.711200
0.711240
0.711280
0.711320
0.711360
0.711400
0.711440
0.711480
0.711520
0.711560
0.711600
0.711640
0.711680
0.711720
0.711760
0.711800
0.711840
0.711880
0.711920
0.711960
0.712000
0.712000
0.712040
0.712040
0.712080
0.712120
0.712160
0.712200
0.712240
0.712280
0.712320
0.712360
0.712360
0.712400
0.712440
0.712480
0.712520
0.712560
0.712600
0.712640
0.712680
0.712720
0.712720
0.712760
0.712800
0.712840
0.712880
0.712880
0.712920
0.712960
0.713000
0.713000
0.713040
0.713080
0.713120
0.713160
0.713200
0.713240
0.713240
0.713280
0.713320
0.713320
0.713360
0.713400
0.713440
0.713480
0.713520
0.713560
0.713560
0.713560
0.713600
0.713640
0.713680
0.713720
0.713760
0.713800
0.713840
0.713840
0.713880
0.713920
0.713960
0.714000
0.714040
0.714080
0.714080
0.714080
0.714120
0.714160
0.714200
0.714240
0.714280
0.714320
0.714360
0.714400
0.714440
0.714440
0.714440
0.714440
0.714480
0.714520
0.714560
0.714600
0.714640
0.714680
0.714680
0.714720
0.714760
0.714760
0.714760
0.714760
0.714800
0.714840
0.714880
0.714920
0.714920
0.714960
0.715000
0.715040
0.715080
0.715080
0.715120
0.715160
0.715200
0.715240
0.715240
0.715280
0.715320
0.715360
0.715400
0.715440
0.715480
0.715520
0.715560
0.715560
0.715600
0.715600
0.715600
0.715600
0.715640
0.715680
0.715720
0.715720
0.715760
0.715760
0.715800
0.715800
0.715840
0.715880
0.715880
0.715920
0.715960
0.715960
0.716000
0.716000
0.716000
0.716040
0.716080
0.716120
0.716160
0.716160
0.716160
0.716160
0.716160
0.716200
0.716240
0.716280
0.716320
0.716360
0.716400
0.716440
0.716480
0.716520
0.716560
0.716560
0.716600
0.716640
0.716680
0.716720
0.716760
0.716800
0.716840
0.716880
0.716880
0.716920
0.716960
0.716960
0.717000
0.717000
0.717000
0.717040
0.717080
0.717120
0.717120
0.717120
0.717120
0.717160
0.717200
0.717240
0.717280
0.717280
0.717320
0.717360
0.717400
0.717440
0.717480
0.717520
0.717560
0.717600
0.717640
0.717640
0.717680
0.717720
0.717720
0.717760
0.717760
0.717760
0.717800
0.717840
0.717880
0.717920
0.717960
0.717960
0.718000
0.718040
0.718080
0.718120
0.718160
0.718160
0.718200
0.718240
0.718240
0.718280
0.718280
0.718320
0.718360
0.718400
0.718440
0.718480
0.718520
0.718560
0.718600
0.718640
0.718680
0.718720
0.718760
0.718800
0.718840
0.718880
0.718880
0.718920
0.718920
0.718960
0.719000
0.719000
0.719040
0.719080
0.719120
0.719120
0.719160
0.719200
0.719240
0.719280
0.719280
0.719280
0.719320
0.719360
0.719400
0.719440
0.719480
0.719520
0.719560
0.719600
0.719640
0.719680
0.719720
0.719760
0.719800
0.719840
0.719880
0.719880
0.719920
0.719960
0.720000
0.720000
0.720040
0.720040
0.720080
0.720120
0.720160
0.720200
0.720240
0.720280
0.720320
0.720360
0.720400
0.720400
0.720440
0.720440
0.720480
0.720520
0.720560
0.720600
0.720600
0.720640
0.720680
0.720720
0.720760
0.720800
0.720840
0.720880
0.720920
0.720960
0.721000
0.721040
0.721080
0.721120
0.721160
0.721200
0.721240
0.721280
0.721320
0.721320
0.721360
0.721400
0.721440
0.721480
0.721520
0.721560
0.721600
0.721640
0.721680
0.721720
0.721760
0.721800
0.721800
0.721840
0.721880
0.721920
0.721960
0.721960
0.722000
0.722000
0.722040
0.722080
0.722120
0.722160
0.722160
0.722200
0.722240
0.722280
0.722320
0.722360
0.722400
0.722440
0.722480
0.722480
0.722520
0.722560
0.722560
0.722600
0.722640
0.722680
0.722720
0.722720
0.722720
0.722760
0.722800
0.722840
0.722840
0.722880
0.722880
0.722920
0.722960
0.723000
0.723040
0.723080
0.723120
0.723160
0.723160
0.723200
0.723240
0.723280
0.723320
0.723360
0.723400
0.723440
0.723480
0.723520
0.723560
0.723600
0.723640
0.723680
0.723680
0.723720
0.723760
0.723800
0.723840
0.723880
0.723920
0.723920
0.723960
0.724000
0.724000
0.724040
0.724080
0.724120
0.724160
0.724200
0.724240
0.724280
0.724320
0.724360
0.724400
0.724400
0.724440
0.724480
0.724520
0.724560
0.724600
0.724640
0.724680
0.724720
0.724720
0.724760
0.724800
0.724840
0.724880
0.724920
0.724960
0.725000
0.725040
0.725040
0.725080
0.725120
0.725120
0.725160
0.725200
0.725240
0.725280
0.725320
0.725360
0.725400
0.725440
0.725480
0.725480
0.725520
0.725560
0.725560
0.725600
0.725640
0.725680
0.725720
0.725720
0.725760
0.725760
0.725800
0.725840
0.725840
0.725840
0.725880
0.725920
0.725960
0.725960
0.726000
0.726040
0.726080
0.726120
0.726160
0.726200
0.726240
0.726280
0.726320
0.726360
0.726400
0.726440
0.726480
0.726480
0.726480
0.726520
0.726520
0.726560
0.726600
0.726640
0.726680
0.726720
0.726760
0.726800
0.726800
0.726800
0.726800
0.726840
0.726880
0.726920
0.726960
0.727000
0.727000
0.727040
0.727080
0.727120
0.727160
0.727200
0.727240
0.727280
0.727280
0.727320
0.727360
0.727400
0.727440
0.727480
0.727520
0.727560
0.727600
0.727640
0.727640
0.727680
0.727680
0.727720
0.727760
0.727760
0.727800
0.727840
0.727880
0.727920
0.727960
0.727960
0.728000
0.728040
0.728080
0.728120
0.728160
0.728200
0.728200
0.728240
0.728280
0.728320
0.728360
0.728400
0.728440
0.728480
0.728520
0.728560
0.728600
0.728640
0.728680
0.728680
0.728680
0.728720
0.728760
0.728760
0.728800
0.728840
0.728880
0.728920
0.728960
0.728960
0.729000
0.729040
0.729080
0.729120
0.729160
0.729200
0.729240
0.729280
0.729320
0.729360
0.729400
0.729440
0.729440
0.729480
0.729520
0.729560
0.729600
0.729600
0.729640
0.729680
0.729720
0.729760
0.729800
0.729840
0.729880
0.729920
0.729960
0.730000
0.730040
0.730040
0.730040
0.730080
0.730120
0.730160
0.730160
0.730200
0.730240
0.730280
0.730320
0.730320
0.730360
0.730360
0.730400
0.730440
0.730440
0.730480
0.730480
0.730520
0.730560
0.730600
0.730640
0.730640
0.730680
0.730720
0.730760
0.730800
0.730840
0.730880
0.730880
0.730880
0.730920
0.730960
0.731000
0.731040
0.731040
0.731040
0.731080
0.731120
0.731160
0.731160
0.731200
0.731240
0.731280
0.731320
0.731320
0.731320
0.731320
0.731320
0.731320
0.731360
0.731400
0.731440
0.731480
0.731520
0.731560
0.731560
0.731560
0.731600
0.731640
0.731680
0.731720
0.731760
0.731760
0.731800
0.731840
0.731880
0.731920
0.731960
0.732000
0.732040
0.732080
0.732080
0.732120
0.732160
0.732200
0.732240
0.732280
0.732320
0.732320
0.732320
0.732360
0.732400
0.732440
0.732480
0.732520
0.732560
0.732600
0.732640
0.732680
0.732720
0.732760
0.732800
0.732840
0.732880
0.732920
0.732920
0.732960
0.733000
0.733000
0.733040
0.733080
0.733120
0.733160
0.733160
0.733200
0.733240
0.733240
0.733280
0.733320
0.733320
0.733360
0.733400
0.733440
0.733480
0.733520
0.733560
0.733600
0.733640
0.733680
0.733720
0.733720
0.733760
0.733760
0.733800
0.733840
0.733880
0.733920
0.733960
0.733960
0.734000
0.734040
0.734080
0.734120
0.734120
0.734160
0.734200
0.734200
0.734240
0.734280
0.734320
0.734360
0.734400
0.734440
0.734480
0.734520
0.734560
0.734560
0.734600
0.734640
0.734680
0.734720
0.734720
0.734760
0.734800
0.734840
0.734840
0.734880
0.734880
0.734880
0.734920
0.734960
0.735000
0.735040
0.735080
0.735120
0.735160
0.735200
0.735240
0.735280
0.735320
0.735320
0.735360
0.735400
0.735440
0.735480
0.735520
0.735560
0.735600
0.735640
0.735640
0.735680
0.735720
0.735760
0.735800
0.735840
0.735880
0.735920
0.735960
0.736000
0.736000
0.736040
0.736080
0.736120
0.736160
0.736200
0.736240
0.736280
0.736320
0.736360
0.736400
0.736400
0.736440
0.736440
0.736480
0.736520
0.736520
0.736560
0.736600
0.736640
0.736680
0.736720
0.736720
0.736760
0.736800
0.736840
0.736880
0.736920
0.736960
0.737000
0.737040
0.737040
0.737080
0.737080
0.737120
0.737160
0.737160
0.737160
0.737200
0.737240
0.737280
0.737320
0.737360
0.737360
0.737400
0.737440
0.737440
0.737440
0.737440
0.737480
0.737520
0.737520
0.737520
0.737560
0.737560
0.737560
0.737600
0.737640
0.737680
0.737720
0.737760
0.737800
0.737840
0.737880
0.737880
0.737920
0.737960
0.738000
0.738040
0.738040
0.738080
0.738120
0.738120
0.738160
0.738200
0.738240
0.738280
0.738280
0.738320
0.738360
0.738400
0.738400
0.738440
0.738480
0.738520
0.738560
0.738600
0.738640
0.738640
0.738680
0.738720
0.738720
0.738760
0.738800
0.738840
0.738880
0.738880
0.738920
0.738960
0.739000
0.739040
0.739080
0.739120
0.739120
0.739160
0.739200
0.739240
0.739280
0.739280
0.739320
0.739360
0.739360
0.739360
0.739400
0.739440
0.739480
0.739480
0.739520
0.739560
0.739560
0.739600
0.739600
0.739640
0.739680
0.739720
0.739760
0.739800
0.739840
0.739840
0.739840
0.739840
0.739880
0.739920
0.739920
0.739920
0.739960
0.740000
0.740040
0.740080
0.740120
0.740120
0.740160
0.740160
0.740160
0.740160
0.740160
0.740200
0.740240
0.740280
0.740320
0.740360
0.740360
0.740400
0.740440
0.740480
0.740520
0.740560
0.740600
0.740600
0.740640
0.740680
0.740720
0.740760
0.740800
0.740800
0.740840
0.740840
0.740880
0.740920
0.740960
0.741000
0.741000
0.741000
0.741040
0.741040
0.741080
0.741120
0.741160
0.741200
0.741240
0.741280
0.741320
0.741320
0.741360
0.741400
0.741440
0.741440
0.741480
0.741520
0.741560
0.741600
0.741600
0.741640
0.741680
0.741720
0.741720
0.741760
0.741800
0.741840
0.741880
0.741920
0.741960
0.741960
0.742000
0.742040
0.742080
0.742080
0.742120
0.742160
0.742200
0.742240
0.742280
0.742280
0.742320
0.742360
0.742400
0.742400
0.742400
0.742400
0.742440
0.742440
0.742480
0.742520
0.742560
0.742600
0.742640
0.742680
0.742720
0.742760
0.742800
0.742840
0.742880
0.742920
0.742960
0.743000
0.743040
0.743080
0.743120
0.743160
0.743160
0.743200
0.743240
0.743280
0.743320
0.743360
0.743400
0.743440
0.743480
0.743520
0.743520
0.743520
0.743560
0.743600
0.743640
0.743680
0.743720
0.743760
0.743800
0.743840
0.743880
0.743920
0.743960
0.744000
0.744000
0.744040
0.744080
0.744080
0.744120
0.744160
0.744200
0.744240
0.744280
0.744280
0.744320
0.744360
0.744400
0.744440
0.744440
0.744480
0.744520
0.744560
0.744600
0.744640
0.744680
0.744720
0.744760
0.744800
0.744840
0.744880
0.744920
0.744960
0.745000
0.745040
0.745080
0.745080
0.745120
0.745160
0.745200
0.745240
0.745240
0.745280
0.745320
0.745320
0.745320
0.745360
0.745400
0.745440
0.745440
0.745480
0.745520
0.745560
0.745560
0.745600
0.745640
0.745680
0.745680
0.745720
0.745760
0.745800
0.745840
0.745880
0.745920
0.745920
0.745960
0.746000
0.746040
0.746080
0.746080
0.746120
0.746160
0.746160
0.746200
0.746200
0.746240
0.746280
0.746320
0.746360
0.746400
0.746400
0.746440
0.746440
0.746480
0.746520
0.746560
0.746600
0.746640
0.746680
0.746720
0.746720
0.746760
0.746800
0.746840
0.746880
0.746920
0.746960
0.746960
0.746960
0.746960
0.747000
0.747040
0.747080
0.747120
0.747160
0.747200
0.747240
0.747280
0.747320
0.747360
0.747360
0.747400
0.747440
0.747480
0.747520
0.747560
0.747600
0.747640
0.747680
0.747720
0.747760
0.747800
0.747840
0.747880
0.747920
0.747960
0.747960
0.748000
0.748000
0.748000
0.748040
0.748040
0.748080
0.748120
0.748160
0.748200
0.748240
0.748280
0.748320
0.748360
0.748400
0.748400
0.748440
0.748480
0.748480
0.748520
0.748560
0.748600
0.748640
0.748680
0.748720
0.748760
0.748760
0.748760
0.748760
0.748800
0.748840
0.748880
0.748920
0.748960
0.749000
0.749040
0.749080
0.749120
0.749160
0.749200
0.749240
0.749280
0.749320
0.749360
0.749400
0.749400
0.749440
0.749480
0.749520
0.749520
0.749560
0.749600
0.749640
0.749680
0.749720
0.749760
0.749760
0.749760
0.749800
0.749800
0.749840
0.749880
0.749920
0.749960
0.750000
0.750000
0.750040
0.750080
0.750120
0.750160
0.750200
0.750200
0.750200
0.750240
0.750280
0.750320
0.750320
0.750360
0.750400
0.750440
0.750480
0.750520
0.750560
0.750560
0.750560
0.750600
0.750640
0.750680
0.750720
0.750760
0.750800
0.750840
0.750880
0.750920
0.750920
0.750960
0.751000
0.751040
0.751040
0.751080
0.751120
0.751160
0.751160
0.751200
0.751240
0.751240
0.751240
0.751280
0.751320
0.751360
0.751400
0.751440
0.751440
0.751480
0.751520
0.751560
0.751600
0.751640
0.751680
0.751720
0.751720
0.751760
0.751800
0.751840
0.751880
0.751920
0.751960
0.752000
0.752040
0.752080
0.752120
0.752120
0.752160
0.752200
0.752240
0.752280
0.752320
0.752320
0.752320
0.752360
0.752400
0.752400
0.752440
0.752480
0.752520
0.752560
0.752600
0.752640
0.752680
0.752680
0.752720
0.752720
0.752760
0.752800
0.752840
0.752880
0.752920
0.752960
0.753000
0.753040
0.753080
0.753120
0.753160
0.753200
0.753240
0.753280
0.753320
0.753360
0.753360
0.753400
0.753440
0.753480
0.753520
0.753560
0.753600
0.753600
0.753640
0.753680
0.753680
0.753720
0.753760
0.753800
0.753800
0.753840
0.753880
0.753920
0.753920
0.753920
0.753960
0.754000
0.754040
0.754080
0.754120
0.754160
0.754200
0.754240
0.754280
0.754320
0.754360
0.754400
0.754400
0.754440
0.754440
0.754440
0.754480
0.754520
0.754560
0.754560
0.754560
0.754600
0.754600
0.754640
0.754680
0.754720
0.754720
0.754760
0.754800
0.754840
0.754880
0.754920
0.754960
0.754960
0.755000
0.755040
0.755040
0.755080
0.755120
0.755120
0.755120
0.755160
0.755200
0.755240
0.755280
0.755320
0.755360
0.755400
0.755440
0.755480
0.755480
0.755520
0.755560
0.755600
0.755640
0.755680
0.755720
0.755760
0.755800
0.755840
0.755880
0.755880
0.755920
0.755960
0.756000
0.756040
0.756040
0.756080
0.756120
0.756120
0.756120
0.756120
0.756160
0.756200
0.756200
0.756240
0.756280
0.756320
0.756360
0.756400
0.756400
0.756400
0.756400
0.756440
0.756480
0.756520
0.756560
0.756600
0.756640
0.756680
0.756680
0.756720
0.756760
0.756800
0.756840
0.756880
0.756920
0.756960
0.757000
0.757040
0.757080
0.757120
0.757160
0.757160
0.757200
0.757240
0.757240
0.757280
0.757320
0.757360
0.757400
0.757440
0.757480
0.757480
0.757520
0.757560
0.757600
0.757640
0.757680
0.757720
0.757760
0.757800
0.757840
0.757880
0.757920
0.757960
0.758000
0.758000
0.758040
0.758040
0.758040
0.758080
0.758120
0.758160
0.758200
0.758240
0.758280
0.758320
0.758360
0.758360
0.758400
0.758440
0.758480
0.758520
0.758560
0.758600
0.758640
0.758640
0.758680
0.758720
0.758760
0.758800
0.758800
0.758840
0.758880
0.758920
0.758960
0.759000
0.759040
0.759080
0.759120
0.759160
0.759160
0.759200
0.759240
0.759240
0.759240
0.759280
0.759280
0.759320
0.759320
0.759320
0.759320
0.759360
0.759400
0.759440
0.759440
0.759480
0.759520
0.759560
0.759600
0.759640
0.759680
0.759720
0.759760
0.759800
0.759840
0.759880
0.759920
0.759960
0.760000
0.760040
0.760080
0.760120
0.760160
0.760200
0.760240
0.760280
0.760320
0.760320
0.760360
0.760360
0.760360
0.760400
0.760440
0.760480
0.760520
0.760560
0.760600
0.760640
0.760680
0.760720
0.760760
0.760800
0.760840
0.760880
0.760920
0.760960
0.761000
0.761040
0.761080
0.761120
0.761160
0.761200
0.761200
0.761240
0.761280
0.761320
0.761320
0.761360
0.761400
0.761440
0.761480
0.761480
0.761520
0.761560
0.761560
0.761600
0.761640
0.761680
0.761720
0.761760
0.761800
0.761800
0.761840
0.761840
0.761880
0.761920
0.761960
0.762000
0.762040
0.762080
0.762120
0.762120
0.762160
0.762200
0.762240
0.762240
0.762280
0.762280
0.762320
0.762360
0.762400
0.762440
0.762440
0.762480
0.762520
0.762520
0.762560
0.762560
0.762600
0.762640
0.762680
0.762680
0.762720
0.762760
0.762800
0.762840
0.762880
0.762880
0.762920
0.762960
0.763000
0.763040
0.763080
0.763120
0.763160
0.763200
0.763200
0.763200
0.763240
0.763240
0.763280
0.763320
0.763360
0.763400
0.763440
0.763480
0.763480
0.763520
0.763520
0.763560
0.763600
0.763640
0.763680
0.763720
0.763760
0.763800
0.763840
0.763880
0.763920
0.763960
0.764000
0.764040
0.764080
0.764120
0.764160
0.764200
0.764240
0.764280
0.764320
0.764320
0.764360
0.764360
0.764400
0.764440
0.764480
0.764520
0.764560
0.764600
0.764640
0.764680
0.764680
0.764720
0.764760
0.764800
0.764840
0.764880
0.764920
0.764960
0.765000
0.765040
0.765040
0.765080
0.765120
0.765160
0.765200
0.765200
0.765240
0.765240
0.765280
0.765320
0.765320
0.765360
0.765400
0.765440
0.765480
0.765480
0.765520
0.765560
0.765600
0.765640
0.765680
0.765720
0.765760
0.765800
0.765840
0.765840
0.765880
0.765920
0.765960
0.766000
0.766040
0.766040
0.766080
0.766120
0.766120
0.766160
0.766200
0.766240
0.766240
0.766280
0.766320
0.766360
0.766400
0.766440
0.766440
0.766480
0.766520
0.766560
0.766560
0.766560
0.766600
0.766640
0.766680
0.766720
0.766720
0.766760
0.766760
0.766800
0.766840
0.766840
0.766880
0.766920
0.766960
0.766960
0.767000
0.767000
0.767040
0.767080
0.767120
0.767160
0.767200
0.767200
0.767240
0.767280
0.767320
0.767360
0.767400
0.767400
0.767440
0.767480
0.767520
0.767520
0.767560
0.767600
0.767640
0.767680
0.767720
0.767720
0.767720
0.767760
0.767800
0.767840
0.767880
0.767880
0.767920
0.767960
0.767960
0.767960
0.767960
0.768000
0.768000
0.768000
0.768000
0.768040
0.768080
0.768120
0.768160
0.768200
0.768240
0.768280
0.768320
0.768360
0.768400
0.768400
0.768440
0.768440
0.768480
0.768520
0.768560
0.768600
0.768640
0.768680
0.768680
0.768680
0.768720
0.768720
0.768760
0.768800
0.768800
0.768840
0.768880
0.768880
0.768880
0.768880
0.768920
0.768960
0.769000
0.769040
0.769080
0.769080
0.769120
0.769120
0.769160
0.769200
0.769200
0.769240
0.769240
0.769280
0.769320
0.769360
0.769400
0.769440
0.769480
0.769520
0.769560
0.769600
0.769600
0.769640
0.769680
0.769720
0.769760
0.769800
0.769800
0.769840
0.769880
0.769920
0.769960
0.769960
0.770000
0.770040
0.770080
0.770120
0.770160
0.770160
0.770200
0.770240
0.770280
0.770320
0.770320
0.770360
0.770400
0.770440
0.770480
0.770520
0.770520
0.770560
0.770600
0.770640
0.770680
0.770720
0.770760
0.770760
0.770800
0.770840
0.770840
0.770880
0.770880
0.770920
0.770920
0.770920
0.770960
0.771000
0.771000
0.771040
0.771080
0.771120
0.771160
0.771200
0.771240
0.771240
0.771280
0.771320
0.771360
0.771400
0.771400
0.771440
0.771480
0.771520
0.771560
0.771600
0.771600
0.771640
0.771680
0.771680
0.771680
0.771720
0.771760
0.771760
0.771800
0.771840
0.771880
0.771920
0.771920
0.771960
0.772000
0.772040
0.772080
0.772120
0.772120
0.772160
0.772200
0.772200
0.772240
0.772280
0.772320
0.772320
0.772360
0.772360
0.772400
0.772440
0.772480
0.772520
0.772560
0.772600
0.772640
0.772680
0.772680
0.772720
0.772760
0.772800
0.772800
0.772840
0.772880
0.772920
0.772960
0.773000
0.773040
0.773080
0.773080
0.773120
0.773160
0.773200
0.773240
0.773280
0.773320
0.773360
0.773400
0.773440
0.773480
0.773480
0.773520
0.773560
0.773600
0.773640
0.773640
0.773680
0.773680
0.773720
0.773760
0.773760
0.773800
0.773840
0.773880
0.773920
0.773960
0.774000
0.774040
0.774080
0.774120
0.774160
0.774200
0.774240
0.774240
0.774240
0.774280
0.774280
0.774320
0.774360
0.774400
0.774440
0.774480
0.774520
0.774560
0.774600
0.774640
0.774680
0.774720
0.774760
0.774760
0.774800
0.774840
0.774880
0.774920
0.774960
0.775000
0.775040
0.775040
0.775040
0.775080
0.775080
0.775120
0.775160
0.775160
0.775160
0.775200
0.775240
0.775280
0.775320
0.775360
0.775400
0.775400
0.775440
0.775480
0.775480
0.775520
0.775520
0.775520
0.775560
0.775600
0.775640
0.775680
0.775720
0.775760
0.775760
0.775800
0.775840
0.775880
0.775920
0.775960
0.776000
0.776000
0.776040
0.776080
0.776120
0.776160
0.776200
0.776240
0.776240
0.776280
0.776320
0.776360
0.776400
0.776440
0.776480
0.776520
0.776520
0.776560
0.776600
0.776640
0.776640
0.776680
0.776720
0.776720
0.776760
0.776800
0.776800
0.776800
0.776840
0.776880
0.776880
0.776920
0.776960
0.776960
0.777000
0.777040
0.777040
0.777080
0.777080
0.777120
0.777160
0.777160
0.777200
0.777200
0.777200
0.777200
0.777240
0.777280
0.777320
0.777320
0.777360
0.777400
0.777400
0.777440
0.777480
0.777480
0.777520
0.777520
0.777560
0.777560
0.777600
0.777640
0.777680
0.777720
0.777760
0.777800
0.777840
0.777840
0.777880
0.777920
0.777960
0.778000
0.778000
0.778040
0.778080
0.778120
0.778160
0.778160
0.778160
0.778160
0.778160
0.778200
0.778240
0.778280
0.778320
0.778360
0.778400
0.778440
0.778480
0.778520
0.778560
0.778600
0.778600
0.778640
0.778680
0.778720
0.778720
0.778760
0.778800
0.778840
0.778880
0.778920
0.778960
0.779000
0.779000
0.779040
0.779080
0.779120
0.779160
0.779160
0.779200
0.779240
0.779280
0.779320
0.779320
0.779360
0.779360
0.779400
0.779440
0.779480
0.779480
0.779520
0.779560
0.779600
0.779600
0.779640
0.779680
0.779720
0.779760
0.779800
0.779840
0.779880
0.779920
0.779960
0.780000
0.780000
0.780040
0.780080
0.780120
0.780160
0.780160
0.780200
0.780240
0.780280
0.780320
0.780360
0.780400
0.780400
0.780400
0.780440
0.780480
0.780480
0.780520
0.780560
0.780600
0.780640
0.780680
0.780720
0.780760
0.780800
0.780840
0.780880
0.780920
0.780960
0.781000
0.781000
0.781040
0.781080
0.781120
0.781120
0.781120
0.781120
0.781160
0.781160
0.781160
0.781160
0.781200
0.781240
0.781240
0.781280
0.781320
0.781360
0.781400
0.781400
0.781440
0.781480
0.781520
0.781520
0.781560
0.781600
0.781600
0.781640
0.781640
0.781680
0.781720
0.781760
0.781800
0.781800
0.781840
0.781840
0.781880
0.781920
0.781920
0.781960
0.782000
0.782040
0.782040
0.782080
0.782120
0.782160
0.782200
0.782240
0.782280
0.782320
0.782360
0.782400
0.782440
0.782480
0.782520
0.782560
0.782600
0.782600
0.782640
0.782640
0.782640
0.782680
0.782720
0.782760
0.782800
0.782840
0.782880
0.782920
0.782960
0.782960
0.782960
0.782960
0.783000
0.783040
0.783080
0.783120
0.783160
0.783200
0.783200
0.783200
0.783240
0.783280
0.783320
0.783360
0.783400
0.783400
0.783400
0.783440
0.783480
0.783520
0.783560
0.783600
0.783640
0.783680
0.783720
0.783760
0.783800
0.783840
0.783880
0.783920
0.783960
0.784000
0.784040
0.784080
0.784120
0.784160
0.784200
0.784240
0.784280
0.784320
0.784320
0.784320
0.784360
0.784400
0.784440
0.784480
0.784520
0.784560
0.784600
0.784600
0.784640
0.784680
0.784720
0.784720
0.784720
0.784760
0.784800
0.784840
0.784880
0.784880
0.784920
0.784960
0.785000
0.785040
0.785080
0.785120
0.785160
0.785200
0.785240
0.785280
0.785320
0.785360
0.785400
0.785400
0.785440
0.785480
0.785520
0.785560
0.785600
0.785600
0.785640
0.785680
0.785680
0.785680
0.785720
0.785760
0.785800
0.785840
0.785880
0.785920
0.785920
0.785960
0.786000
0.786040
0.786080
0.786120
0.786120
0.786120
0.786120
0.786160
0.786200
0.786240
0.786280
0.786320
0.786360
0.786400
0.786440
0.786480
0.786480
0.786520
0.786520
0.786520
0.786520
0.786560
0.786600
0.786640
0.786640
0.786640
0.786680
0.786720
0.786760
0.786800
0.786840
0.786880
0.786920
0.786960
0.787000
0.787000
0.787040
0.787040
0.787040
0.787080
0.787120
0.787120
0.787160
0.787200
0.787240
0.787240
0.787280
0.787320
0.787360
0.787400
0.787440
0.787440
0.787480
0.787520
0.787560
0.787600
0.787640
0.787680
0.787720
0.787760
0.787800
0.787840
0.787880
0.787920
0.787960
0.788000
0.788040
0.788080
0.788120
0.788160
0.788200
0.788240
0.788280
0.788320
0.788360
0.788400
0.788400
0.788440
0.788480
0.788520
0.788520
0.788560
0.788600
0.788640
0.788640
0.788640
0.788640
0.788680
0.788720
0.788760
0.788800
0.788840
0.788880
0.788920
0.788920
0.788960
0.788960
0.789000
0.789040
0.789080
0.789120
0.789160
0.789200
0.789240
0.789280
0.789280
0.789280
0.789320
0.789360
0.789400
0.789400
0.789400
0.789400
0.789440
0.789440
0.789480
0.789520
0.789560
0.789600
0.789640
0.789680
0.789720
0.789760
0.789800
0.789840
0.789880
0.789920
0.789960
0.789960
0.790000
0.790040
0.790080
0.790120
0.790160
0.790200
0.790200
0.790200
0.790240
0.790280
0.790320
0.790360
0.790400
0.790440
0.790480
0.790520
0.790520
0.790560
0.790600
0.790600
0.790640
0.790680
0.790720
0.790760
0.790800
0.790840
0.790840
0.790880
0.790920
0.790960
0.791000
0.791000
0.791040
0.791080
0.791120
0.791160
0.791200
0.791240
0.791280
0.791320
0.791360
0.791400
0.791440
0.791480
0.791520
0.791560
0.791600
0.791640
0.791680
0.791680
0.791720
0.791720
0.791760
0.791800
0.791840
0.791880
0.791880
0.791920
0.791960
0.792000
0.792000
0.792040
0.792080
0.792120
0.792160
0.792200
0.792240
0.792280
0.792280
0.792280
0.792320
0.792360
0.792360
0.792400
0.792440
0.792480
0.792480
0.792520
0.792520
0.792560
0.792600
0.792640
0.792680
0.792720
0.792760
0.792800
0.792800
0.792840
0.792880
0.792920
0.792960
0.793000
0.793000
0.793040
0.793080
0.793120
0.793160
0.793200
0.793240
0.793280
0.793320
0.793360
0.793360
0.793360
0.793400
0.793440
0.793480
0.793520
0.793560
0.793600
0.793600
0.793640
0.793680
0.793680
0.793720
0.793760
0.793800
0.793840
0.793880
0.793920
0.793960
0.794000
0.794040
0.794080
0.794120
0.794120
0.794120
0.794120
0.794120
0.794120
0.794120
0.794160
0.794200
0.794240
0.794280
0.794320
0.794360
0.794400
0.794440
0.794480
0.794520
0.794560
0.794560
0.794560
0.794600
0.794640
0.794680
0.794720
0.794760
0.794800
0.794840
0.794840
0.794880
0.794920
0.794960
0.795000
0.795040
0.795080
0.795080
0.795080
0.795120
0.795160
0.795160
0.795200
0.795240
0.795280
0.795320
0.795320
0.795360
0.795400
0.795400
0.795440
0.795480
0.795520
0.795560
0.795600
0.795640
0.795680
0.795720
0.795760
0.795800
0.795840
0.795840
0.795880
0.795880
0.795920
0.795960
0.796000
0.796000
0.796040
0.796040
0.796080
0.796080
0.796120
0.796120
0.796120
0.796160
0.796200
0.796200
0.796240
0.796280
0.796320
0.796360
0.796400
0.796440
0.796480
0.796480
0.796520
0.796560
0.796600
0.796640
0.796680
0.796720
0.796760
0.796800
0.796840
0.796880
0.796880
0.796920
0.796920
0.796960
0.796960
0.797000
0.797000
0.797000
0.797040
0.797040
0.797080
0.797120
0.797160
0.797160
0.797160
0.797160
0.797160
0.797200
0.797240
0.797280
0.797320
0.797360
0.797400
0.797440
0.797480
0.797520
0.797520
0.797560
0.797560
0.797560
0.797600
0.797640
0.797680
0.797720
0.797760
0.797800
0.797840
0.797840
0.797840
0.797880
0.797880
0.797920
0.797920
0.797960
0.797960
0.798000
0.798000
0.798000
0.798040
0.798040
0.798080
0.798120
0.798160
0.798200
0.798240
0.798280
0.798320
0.798360
0.798400
0.798440
0.798480
0.798520
0.798560
0.798600
0.798640
0.798680
0.798720
0.798760
0.798800
0.798800
0.798840
0.798880
0.798880
0.798920
0.798960
0.799000
0.799040
0.799080
0.799080
0.799120
0.799120
0.799160
0.799200
0.799240
0.799280
0.799320
0.799360
0.799400
0.799440
0.799480
0.799520
0.799520
0.799560
0.799560
0.799560
0.799600
0.799600
0.799640
0.799680
0.799720
0.799760
0.799800
0.799840
0.799880
0.799920
0.799960
0.800000
0.800040
0.800040
0.800080
0.800120
0.800160
0.800200
0.800240
0.800280
0.800280
0.800320
0.800320
0.800320
0.800360
0.800360
0.800400
0.800440
0.800480
0.800520
0.800560
0.800600
0.800640
0.800680
0.800680
0.800720
0.800760
0.800800
0.800840
0.800840
0.800840
0.800840
0.800840
0.800880
0.800920
0.800920
0.800960
0.800960
0.801000
0.801040
0.801040
0.801080
0.801120
0.801160
0.801200
0.801240
0.801280
0.801320
0.801320
0.801320
0.801360
0.801400
0.801440
0.801440
0.801440
0.801480
0.801520
0.801520
0.801560
0.801600
0.801640
0.801680
0.801720
0.801760
0.801800
0.801800
0.801840
0.801880
0.801920
0.801960
0.801960
0.802000
0.802040
0.802080
0.802120
0.802120
0.802160
0.802160
0.802200
0.802200
0.802240
0.802280
0.802320
0.802360
0.802400
0.802440
0.802480
0.802520
0.802520
0.802560
0.802600
0.802640
0.802640
0.802680
0.802720
0.802720
0.802760
0.802800
0.802840
0.802880
0.802920
0.802960
0.803000
0.803040
0.803080
0.803120
0.803160
0.803200
0.803240
0.803280
0.803280
0.803320
0.803360
0.803400
0.803440
0.803480
0.803520
0.803560
0.803600
0.803640
0.803640
0.803680
0.803680
0.803720
0.803760
0.803800
0.803840
0.803880
0.803920
0.803960
0.804000
0.804040
0.804080
0.804120
0.804160
0.804200
0.804240
0.804280
0.804320
0.804320
0.804360
0.804400
0.804440
0.804480
0.804520
0.804560
0.804560
0.804600
0.804640
0.804680
0.804720
0.804760
0.804800
0.804840
0.804880
0.804920
0.804960
0.804960
0.805000
0.805040
0.805080
0.805080
0.805080
0.805120
0.805160
0.805200
0.805240
0.805280
0.805320
0.805320
0.805360
0.805400
0.805440
0.805480
0.805480
0.805520
0.805560
0.805600
0.805640
0.805680
0.805680
0.805720
0.805760
0.805800
0.805800
0.805840
0.805840
0.805880
0.805920
0.805960
0.805960
0.806000
0.806040
0.806080
0.806080
0.806120
0.806160
0.806200
0.806240
0.806280
0.806320
0.806360
0.806400
0.806440
0.806480
0.806480
0.806520
0.806560
0.806560
0.806600
0.806640
0.806680
0.806720
0.806760
0.806800
0.806840
0.806880
0.806920
0.806960
0.807000
0.807040
0.807080
0.807120
0.807160
0.807160
0.807200
0.807240
0.807280
0.807320
0.807320
0.807360
0.807400
0.807440
0.807480
0.807520
0.807560
0.807600
0.807640
0.807680
0.807720
0.807760
0.807800
0.807840
0.807880
0.807920
0.807960
0.808000
0.808040
0.808040
0.808080
0.808080
0.808080
0.808120
0.808160
0.808200
0.808240
0.808280
0.808280
0.808280
0.808320
0.808360
0.808400
0.808440
0.808480
0.808480
0.808480
0.808520
0.808560
0.808600
0.808640
0.808680
0.808720
0.808760
0.808760
0.808800
0.808800
0.808840
0.808840
0.808840
0.808880
0.808920
0.808960
0.808960
0.808960
0.809000
0.809040
0.809080
0.809120
0.809160
0.809200
0.809240
0.809240
0.809280
0.809320
0.809360
0.809360
0.809400
0.809440
0.809480
0.809520
0.809560
0.809560
0.809600
0.809640
0.809680
0.809720
0.809760
0.809800
0.809800
0.809840
0.809840
0.809840
0.809880
0.809920
0.809920
0.809920
0.809960
0.810000
0.810040
0.810080
0.810120
0.810160
0.810200
0.810240
0.810280
0.810320
0.810360
0.810360
0.810400
0.810440
0.810480
0.810520
0.810560
0.810600
0.810640
0.810680
0.810720
0.810760
0.810800
0.810840
0.810880
0.810920
0.810960
0.810960
0.810960
0.811000
0.811040
0.811080
0.811120
0.811160
0.811200
0.811200
0.811240
0.811280
0.811320
0.811360
0.811400
0.811440
0.811440
0.811480
0.811520
0.811560
0.811560
0.811600
0.811640
0.811680
0.811720
0.811760
0.811800
0.811840
0.811880
0.811920
0.811960
0.811960
0.812000
0.812000
0.812040
0.812080
0.812120
0.812160
0.812160
0.812200
0.812200
0.812240
0.812280
0.812320
0.812320
0.812360
0.812400
0.812440
0.812480
0.812520
0.812560
0.812600
0.812640
0.812680
0.812720
0.812760
0.812800
0.812800
0.812840
0.812880
0.812880
0.812920
0.812960
0.813000
0.813040
0.813080
0.813120
0.813120
0.813160
0.813200
0.813240
0.813280
0.813320
0.813360
0.813400
0.813440
0.813480
0.813520
0.813520
0.813520
0.813520
0.813560
0.813600
0.813600
0.813640
0.813680
0.813720
0.813760
0.813760
0.813800
0.813840
0.813880
0.813920
0.813960
0.814000
0.814040
0.814080
0.814120
0.814160
0.814160
0.814200
0.814240
0.814280
0.814320
0.814360
0.814400
0.814440
0.814480
0.814520
0.814560
0.814600
0.814600
0.814640
0.814680
0.814720
0.814720
0.814760
0.814800
0.814840
0.814880
0.814920
0.814960
0.815000
0.815000
0.815000
0.815040
0.815080
0.815120
0.815120
0.815160
0.815200
0.815240
0.815280
0.815280
0.815320
0.815360
0.815400
0.815400
0.815400
0.815440
0.815480
0.815480
0.815520
0.815560
0.815600
0.815640
0.815680
0.815680
0.815720
0.815720
0.815760
0.815800
0.815800
0.815840
0.815880
0.815920
0.815960
0.816000
0.816040
0.816080
0.816120
0.816120
0.816160
0.816200
0.816240
0.816280
0.816320
0.816360
0.816400
0.816400
0.816440
0.816480
0.816520
0.816560
0.816560
0.816600
0.816640
0.816680
0.816720
0.816760
0.816800
0.816800
0.816840
0.816840
0.816880
0.816920
0.816960
0.817000
0.817000
0.817040
0.817040
0.817080
0.817120
0.817120
0.817160
0.817200
0.817240
0.817280
0.817280
0.817280
0.817280
0.817320
0.817360
0.817360
0.817400
0.817440
0.817480
0.817520
0.817560
0.817560
0.817600
0.817600
0.817640
0.817680
0.817720
0.817760
0.817800
0.817800
0.817840
0.817880
0.817920
0.817960
0.818000
0.818040
0.818080
0.818120
0.818160
0.818200
0.818240
0.818280
0.818320
0.818360
0.818400
0.818440
0.818440
0.818480
0.818520
0.818560
0.818600
0.818600
0.818640
0.818640
0.818680
0.818720
0.818720
0.818720
0.818760
0.818800
0.818800
0.818840
0.818880
0.818920
0.818960
0.819000
0.819040
0.819080
0.819080
0.819120
0.819160
0.819200
0.819200
0.819240
0.819280
0.819280
0.819280
0.819320
0.819360
0.819400
0.819440
0.819480
0.819520
0.819560
0.819600
0.819640
0.819680
0.819680
0.819720
0.819760
0.819800
0.819840
0.819880
0.819920
0.819960
0.820000
0.820040
0.820040
0.820080
0.820120
0.820120
0.820160
0.820200
0.820200
0.820240
0.820240
0.820280
0.820280
0.820320
0.820360
0.820400
0.820440
0.820480
0.820520
0.820560
0.820600
0.820640
0.820680
0.820680
0.820720
0.820760
0.820760
0.820760
0.820760
0.820800
0.820840
0.820880
0.820920
0.820960
0.821000
0.821040
0.821080
0.821120
0.821160
0.821160
0.821160
0.821200
0.821240
0.821280
0.821320
0.821320
0.821360
0.821400
0.821440
0.821480
0.821520
0.821560
0.821560
0.821600
0.821640
0.821640
0.821680
0.821720
0.821760
0.821760
0.821800
0.821840
0.821880
0.821920
0.821960
0.822000
0.822040
0.822040
0.822080
0.822120
0.822120
0.822120
0.822160
0.822200
0.822240
0.822280
0.822320
0.822360
0.822400
0.822440
0.822440
0.822440
0.822480
0.822520
0.822520
0.822560
0.822560
0.822560
0.822600
0.822640
0.822680
0.822720
0.822760
0.822800
0.822840
0.822880
0.822880
0.822920
0.822960
0.823000
0.823000
0.823040
0.823040
0.823080
0.823120
0.823160
0.823200
0.823240
0.823280
0.823280
0.823280
0.823320
0.823320
0.823360
0.823360
0.823360
0.823400
0.823440
0.823480
0.823520
0.823520
0.823560
0.823600
0.823640
0.823680
0.823720
0.823760
0.823800
0.823840
0.823880
0.823920
0.823960
0.824000
0.824040
0.824080
0.824080
0.824080
0.824120
0.824120
0.824120
0.824160
0.824200
0.824200
0.824240
0.824280
0.824320
0.824360
0.824400
0.824440
0.824480
0.824520
0.824560
0.824600
0.824640
0.824680
0.824720
0.824760
0.824800
0.824840
0.824880
0.824920
0.824960
0.824960
0.825000
0.825040
0.825040
0.825080
0.825120
0.825160
0.825200
0.825240
0.825280
0.825320
0.825360
0.825360
0.825400
0.825400
0.825440
0.825480
0.825520
0.825560
0.825600
0.825640
0.825680
0.825720
0.825760
0.825800
0.825840
0.825880
0.825920
0.825920
0.825960
0.825960
0.825960
0.826000
0.826040
0.826080
0.826120
0.826120
0.826120
0.826160
0.826160
0.826160
0.826200
0.826240
0.826280
0.826320
0.826360
0.826400
0.826400
0.826400
0.826440
0.826480
0.826520
0.826560
0.826600
0.826600
0.826640
0.826680
0.826680
0.826680
0.826720
0.826720
0.826760
0.826800
0.826840
0.826880
0.826920
0.826960
0.826960
0.827000
0.827000
0.827040
0.827080
0.827080
0.827120
0.827160
0.827200
0.827240
0.827280
0.827320
0.827360
0.827400
0.827440
0.827440
0.827440
0.827480
0.827520
0.827560
0.827600
0.827640
0.827680
0.827720
0.827760
0.827800
0.827800
0.827840
0.827880
0.827920
0.827920
0.827960
0.828000
0.828040
0.828080
0.828080
0.828120
0.828160
0.828200
0.828240
0.828280
0.828280
0.828320
0.828360
0.828400
0.828400
0.828440
0.828480
0.828520
0.828560
0.828600
0.828600
0.828600
0.828640
0.828680
0.828720
0.828760
0.828800
0.828840
0.828880
0.828920
0.828960
0.829000
0.829040
0.829080
0.829080
0.829080
0.829120
0.829160
0.829160
0.829160
0.829200
0.829200
0.829240
0.829240
0.829240
0.829240
0.829280
0.829320
0.829360
0.829400
0.829440
0.829480
0.829520
0.829560
0.829600
0.829640
0.829640
0.829640
0.829680
0.829680
0.829720
0.829760
0.829800
0.829840
0.829880
0.829920
0.829960
0.830000
0.830040
0.830080
0.830120
0.830160
0.830200
0.830240
0.830280
0.830280
0.830320
0.830320
0.830320
0.830320
0.830360
0.830400
0.830440
0.830480
0.830520
0.830560
0.830600
0.830600
0.830640
0.830680
0.830680
0.830720
0.830720
0.830760
0.830760
0.830800
0.830800
0.830840
0.830880
0.830920
0.830960
0.831000
0.831040
0.831080
0.831080
0.831080
0.831120
0.831120
0.831120
0.831160
0.831160
0.831200
0.831240
0.831280
0.831280
0.831320
0.831360
0.831400
0.831440
0.831480
0.831520
0.831560
0.831600
0.831640
0.831640
0.831680
0.831680
0.831720
0.831760
0.831800
0.831840
0.831880
0.831920
0.831920
0.831960
0.831960
0.832000
0.832040
0.832080
0.832080
0.832120
0.832120
0.832160
0.832200
0.832240
0.832280
0.832320
0.832320
0.832320
0.832320
0.832360
0.832400
0.832440
0.832440
0.832480
0.832520
0.832520
0.832560
0.832600
0.832640
0.832640
0.832680
0.832720
0.832760
0.832800
0.832840
0.832840
0.832840
0.832880
0.832920
0.832960
0.833000
0.833040
0.833040
0.833080
0.833080
0.833120
0.833160
0.833200
0.833200
0.833240
0.833280
0.833320
0.833320
0.833320
0.833360
0.833400
0.833440
0.833480
0.833520
0.833520
0.833560
0.833600
0.833640
0.833640
0.833680
0.833720
0.833720
0.833760
0.833800
0.833840
0.833880
0.833920
0.833960
0.833960
0.834000
0.834040
0.834080
0.834120
0.834160
0.834200
0.834240
0.834280
0.834320
0.834360
0.834400
0.834440
0.834480
0.834480
0.834520
0.834520
0.834560
0.834600
0.834640
0.834680
0.834720
0.834760
0.834760
0.834800
0.834840
0.834840
0.834880
0.834920
0.834960
0.835000
0.835000
0.835040
0.835080
0.835120
0.835120
0.835160
0.835200
0.835240
0.835280
0.835320
0.835320
0.835360
0.835400
0.835440
0.835440
0.835480
0.835520
0.835560
0.835600
0.835640
0.835680
0.835720
0.835760
0.835800
0.835840
0.835840
0.835880
0.835920
0.835960
0.836000
0.836040
0.836080
0.836120
0.836160
0.836200
0.836240
0.836280
0.836280
0.836280
0.836320
0.836360
0.836360
0.836400
0.836440
0.836480
0.836520
0.836520
0.836560
0.836560
0.836600
0.836640
0.836680
0.836720
0.836760
0.836800
0.836840
0.836840
0.836880
0.836920
0.836960
0.837000
0.837040
0.837080
0.837120
0.837160
0.837200
0.837240
0.837280
0.837280
0.837320
0.837360
0.837400
0.837400
0.837400
0.837440
0.837480
0.837520
0.837520
0.837560
0.837560
0.837560
0.837560
0.837600
0.837640
0.837680
0.837720
0.837760
0.837800
0.837840
0.837880
0.837920
0.837960
0.837960
0.837960
0.838000
0.838000
0.838000
0.838040
0.838040
0.838080
0.838120
0.838160
0.838200
0.838240
0.838240
0.838280
0.838320
0.838360
0.838400
0.838440
0.838480
0.838520
0.838560
0.838600
0.838640
0.838680
0.838720
0.838760
0.838800
0.838840
0.838880
0.838920
0.838960
0.839000
0.839040
0.839080
0.839120
0.839160
0.839160
0.839200
0.839240
0.839280
0.839320
0.839360
0.839400
0.839440
0.839480
0.839480
0.839520
0.839520
0.839560
0.839600
0.839600
0.839640
0.839680
0.839720
0.839720
0.839760
0.839760
0.839800
0.839840
0.839880
0.839880
0.839920
0.839920
0.839960
0.840000
0.840040
0.840080
0.840120
0.840160
0.840200
0.840240
0.840280
0.840280
0.840320
0.840360
0.840400
0.840440
0.840480
0.840520
0.840520
0.840560
0.840560
0.840560
0.840600
0.840640
0.840640
0.840680
0.840720
0.840720
0.840760
0.840800
0.840840
0.840880
0.840920
0.840920
0.840920
0.840920
0.840960
0.840960
0.841000
0.841040
0.841080
0.841120
0.841120
0.841160
0.841200
0.841240
0.841280
0.841320
0.841360
0.841400
0.841440
0.841480
0.841520
0.841560
0.841600
0.841600
0.841600
0.841640
0.841680
0.841680
0.841680
0.841720
0.841760
0.841800
0.841840
0.841880
0.841920
0.841960
0.842000
0.842040
0.842040
0.842080
0.842120
0.842160
0.842160
0.842200
0.842240
0.842280
0.842280
0.842280
0.842280
0.842320
0.842360
0.842400
0.842440
0.842440
0.842480
0.842480
0.842520
0.842560
0.842600
0.842640
0.842680
0.842720
0.842720
0.842720
0.842760
0.842800
0.842840
0.842880
0.842920
0.842960
0.842960
0.842960
0.842960
0.843000
0.843000
0.843040
0.843080
0.843120
0.843160
0.843200
0.843240
0.843280
0.843320
0.843360
0.843400
0.843440
0.843480
0.843520
0.843560
0.843600
0.843640
0.843640
0.843640
0.843680
0.843720
0.843760
0.843800
0.843840
0.843880
0.843920
0.843960
0.844000
0.844040
0.844080
0.844120
0.844160
0.844200
0.844200
0.844240
0.844280
0.844320
0.844360
0.844360
0.844400
0.844440
0.844480
0.844480
0.844520
0.844560
0.844600
0.844640
0.844680
0.844720
0.844720
0.844760
0.844800
0.844800
0.844800
0.844840
0.844880
0.844920
0.844960
0.844960
0.845000
0.845040
0.845080
0.845120
0.845160
0.845200
0.845240
0.845240
0.845240
0.845280
0.845320
0.845360
0.845360
0.845360
0.845400
0.845400
0.845440
0.845440
0.845480
0.845520
0.845560
0.845560
0.845600
0.845600
0.845640
0.845640
0.845680
0.845720
0.845720
0.845760
0.845800
0.845840
0.845880
0.845920
0.845960
0.846000
0.846040
0.846040
0.846040
0.846080
0.846120
0.846120
0.846160
0.846160
0.846160
0.846200
0.846240
0.846280
0.846320
0.846360
0.846360
0.846400
0.846440
0.846480
0.846480
0.846520
0.846520
0.846560
0.846600
0.846640
0.846680
0.846720
0.846760
0.846800
0.846840
0.846880
0.846920
0.846960
0.846960
0.846960
0.847000
0.847040
0.847080
0.847120
0.847160
0.847200
0.847240
0.847240
0.847240
0.847280
0.847320
0.847360
0.847400
0.847440
0.847480
0.847480
0.847480
0.847520
0.847560
0.847600
0.847640
0.847640
0.847680
0.847720
0.847760
0.847800
0.847840
0.847840
0.847840
0.847880
0.847920
0.847960
0.848000
0.848040
0.848080
0.848120
0.848120
0.848160
0.848200
0.848240
0.848280
0.848320
0.848360
0.848400
0.848440
0.848440
0.848480
0.848520
0.848560
0.848600
0.848640
0.848680
0.848720
0.848760
0.848800
0.848840
0.848880
0.848920
0.848960
0.849000
0.849040
0.849080
0.849120
0.849160
0.849200
0.849200
0.849240
0.849280
0.849320
0.849320
0.849360
0.849400
0.849400
0.849440
0.849480
0.849520
0.849560
0.849600
0.849600
0.849640
0.849680
0.849720
0.849760
0.849800
0.849840
0.849840
0.849840
0.849880
0.849880
0.849920
0.849960
0.850000
0.850000
0.850000
0.850000
0.850040
0.850080
0.850120
0.850160
0.850200
0.850240
0.850280
0.850320
0.850360
0.850400
0.850440
0.850480
0.850520
0.850560
0.850560
0.850600
0.850600
0.850640
0.850640
0.850680
0.850720
0.850720
0.850720
0.850760
0.850800
0.850840
0.850880
0.850920
0.850920
0.850960
0.850960
0.850960
0.851000
0.851040
0.851040
0.851040
0.851040
0.851080
0.851120
0.851160
0.851200
0.851200
0.851240
0.851240
0.851240
0.851240
0.851280
0.851280
0.851320
0.851360
0.851400
0.851440
0.851480
0.851520
0.851520
0.851560
0.851600
0.851640
0.851680
0.851720
0.851720
0.851760
0.851800
0.851840
0.851880
0.851920
0.851960
0.852000
0.852040
0.852040
0.852080
0.852120
0.852160
0.852200
0.852240
0.852280
0.852320
0.852360
0.852400
0.852400
0.852440
0.852480
0.852520
0.852560
0.852600
0.852640
0.852640
0.852680
0.852680
0.852720
0.852760
0.852800
0.852840
0.852880
0.852920
0.852960
0.853000
0.853040
0.853040
0.853080
0.853120
0.853160
0.853200
0.853240
0.853280
0.853280
0.853320
0.853360
0.853400
0.853400
0.853440
0.853480
0.853520
0.853560
0.853600
0.853640
0.853680
0.853720
0.853760
0.853760
0.853800
0.853840
0.853880
0.853920
0.853920
0.853960
0.854000
0.854040
0.854080
0.854120
0.854120
0.854160
0.854200
0.854240
0.854240
0.854280
0.854280
0.854320
0.854360
0.854400
0.854440
0.854480
0.854520
0.854560
0.854600
0.854600
0.854640
0.854680
0.854720
0.854760
0.854800
0.854840
0.854880
0.854920
0.854920
0.854960
0.854960
0.855000
0.855040
0.855080
0.855120
0.855120
0.855160
0.855200
0.855240
0.855280
0.855320
0.855320
0.855360
0.855400
0.855440
0.855480
0.855520
0.855560
0.855560
0.855560
0.855600
0.855600
0.855640
0.855680
0.855720
0.855760
0.855800
0.855800
0.855840
0.855840
0.855880
0.855920
0.855960
0.856000
0.856040
0.856080
0.856120
0.856160
0.856200
0.856200
0.856240
0.856280
0.856280
0.856320
0.856360
0.856400
0.856440
0.856480
0.856480
0.856480
0.856520
0.856520
0.856560
0.856600
0.856600
0.856640
0.856680
0.856720
0.856760
0.856800
0.856840
0.856880
0.856920
0.856960
0.856960
0.857000
0.857040
0.857080
0.857120
0.857160
0.857200
0.857240
0.857280
0.857280
0.857280
0.857320
0.857360
0.857400
0.857440
0.857480
0.857520
0.857560
0.857600
0.857640
0.857680
0.857720
0.857760
0.857800
0.857840
0.857840
0.857840
0.857880
0.857920
0.857960
0.857960
0.857960
0.858000
0.858040
0.858040
0.858080
0.858120
0.858120
0.858160
0.858160
0.858160
0.858200
0.858240
0.858280
0.858320
0.858360
0.858400
0.858400
0.858400
0.858440
0.858480
0.858520
0.858560
0.858600
0.858600
0.858600
0.858600
0.858640
0.858640
0.858680
0.858720
0.858760
0.858800
0.858840
0.858880
0.858920
0.858960
0.859000
0.859040
0.859040
0.859080
0.859120
0.859160
0.859200
0.859240
0.859280
0.859280
0.859280
0.859280
0.859280
0.859320
0.859360
0.859400
0.859440
0.859480
0.859520
0.859560
0.859600
0.859640
0.859680
0.859720
0.859760
0.859800
0.859840
0.859840
0.859880
0.859920
0.859960
0.860000
0.860040
0.860080
0.860080
0.860120
0.860160
0.860160
0.860200
0.860200
0.860200
0.860240
0.860280
0.860320
0.860360
0.860360
0.860400
0.860440
0.860480
0.860520
0.860520
0.860520
0.860560
0.860560
0.860600
0.860600
0.860640
0.860680
0.860720
0.860760
0.860760
0.860800
0.860840
0.860840
0.860880
0.860880
0.860920
0.860960
0.861000
0.861040
0.861080
0.861080
0.861120
0.861120
0.861160
0.861200
0.861240
0.861280
0.861320
0.861360
0.861400
0.861400
0.861440
0.861480
0.861520
0.861520
0.861560
0.861600
0.861640
0.861680
0.861720
0.861760
0.861800
0.861840
0.861880
0.861920
0.861960
0.862000
0.862040
0.862080
0.862120
0.862160
0.862160
0.862200
0.862200
0.862240
0.862280
0.862320
0.862320
0.862360
0.862360
0.862400
0.862440
0.862440
0.862440
0.862480
0.862520
0.862560
0.862600
0.862600
0.862640
0.862680
0.862720
0.862720
0.862760
0.862760
0.862760
0.862800
0.862840
0.862880
0.862920
0.862960
0.863000
0.863040
0.863080
0.863120
0.863120
0.863120
0.863160
0.863200
0.863240
0.863280
0.863320
0.863360
0.863400
0.863440
0.863480
0.863480
0.863520
0.863560
0.863600
0.863600
0.863640
0.863640
0.863680
0.863720
0.863760
0.863800
0.863800
0.863840
0.863880
0.863880
0.863920
0.863960
0.863960
0.863960
0.864000
0.864040
0.864080
0.864120
0.864160
0.864200
0.864240
0.864280
0.864320
0.864360
0.864400
0.864440
0.864480
0.864480
0.864480
0.864520
0.864560
0.864600
0.864640
0.864680
0.864720
0.864720
0.864760
0.864800
0.864840
0.864880
0.864920
0.864960
0.865000
0.865040
0.865080
0.865120
0.865160
0.865200
0.865240
0.865280
0.865280
0.865320
0.865360
0.865400
0.865440
0.865440
0.865480
0.865480
0.865480
0.865520
0.865560
0.865600
0.865600
0.865640
0.865680
0.865720
0.865760
0.865800
0.865840
0.865880
0.865920
0.865960
0.866000
0.866040
0.866080
0.866080
0.866080
0.866120
0.866120
0.866160
0.866200
0.866240
0.866280
0.866320
0.866360
0.866400
0.866440
0.866480
0.866520
0.866520
0.866560
0.866600
0.866640
0.866680
0.866720
0.866760
0.866800
0.866840
0.866880
0.866920
0.866960
0.866960
0.867000
0.867040
0.867080
0.867120
0.867160
0.867200
0.867240
0.867280
0.867320
0.867360
0.867400
0.867440
0.867480
0.867520
0.867520
0.867560
0.867600
0.867600
0.867640
0.867680
0.867680
0.867720
0.867720
0.867760
0.867800
0.867800
0.867840
0.867840
0.867880
0.867920
0.867960
0.868000
0.868000
0.868040
0.868080
0.868080
0.868120
0.868160
0.868200
0.868240
0.868240
0.868280
0.868320
0.868320
0.868360
0.868400
0.868440
0.868480
0.868520
0.868560
0.868600
0.868640
0.868680
0.868720
0.868760
0.868800
0.868800
0.868840
0.868880
0.868880
0.868920
0.868920
0.868960
0.869000
0.869040
0.869080
0.869080
0.869120
0.869160
0.869200
0.869240
0.869280
0.869320
0.869320
0.869360
0.869400
0.869440
0.869480
0.869480
0.869520
0.869560
0.869560
0.869600
0.869640
0.869680
0.869680
0.869720
0.869760
0.869800
0.869840
0.869880
0.869880
0.869920
0.869920
0.869920
0.869920
0.869920
0.869920
0.869920
0.869920
0.869920
0.869920
0.869960
0.869960
0.870000
0.870040
0.870080
0.870120
0.870160
0.870200
0.870240
0.870280
0.870280
0.870320
0.870320
0.870360
0.870400
0.870440
0.870480
0.870520
0.870520
0.870560
0.870600
0.870640
0.870680
0.870720
0.870760
0.870800
0.870840
0.870840
0.870880
0.870880
0.870920
0.870960
0.870960
0.870960
0.871000
0.871040
0.871080
0.871120
0.871160
0.871200
0.871240
0.871240
0.871280
0.871320
0.871360
0.871400
0.871400
0.871440
0.871480
0.871520
0.871560
0.871560
0.871600
0.871640
0.871680
0.871720
0.871760
0.871800
0.871840
0.871880
0.871920
0.871920
0.871920
0.871920
0.871920
0.871960
0.872000
0.872040
0.872040
0.872080
0.872120
0.872120
0.872120
0.872160
0.872200
0.872240
0.872280
0.872280
0.872280
0.872320
0.872320
0.872320
0.872360
0.872400
0.872440
0.872440
0.872440
0.872480
0.872520
0.872560
0.872560
0.872600
0.872640
0.872680
0.872680
0.872720
0.872760
0.872800
0.872800
0.872840
0.872880
0.872920
0.872960
0.873000
0.873040
0.873040
0.873080
0.873120
0.873160
0.873200
0.873200
0.873200
0.873240
0.873280
0.873320
0.873360
0.873400
0.873440
0.873480
0.873520
0.873560
0.873600
0.873640
0.873640
0.873640
0.873680
0.873720
0.873760
0.873800
0.873840
0.873880
0.873920
0.873960
0.874000
0.874040
0.874080
0.874120
0.874160
0.874200
0.874200
0.874240
0.874280
0.874320
0.874360
0.874400
0.874440
0.874480
0.874520
0.874520
0.874560
0.874600
0.874640
0.874680
0.874720
0.874760
0.874760
0.874800
0.874840
0.874880
0.874920
0.874960
0.875000
0.875040
0.875080
0.875080
0.875120
0.875160
0.875200
0.875240
0.875280
0.875320
0.875360
0.875400
0.875440
0.875480
0.875520
0.875560
0.875560
0.875600
0.875600
0.875640
0.875680
0.875720
0.875760
0.875800
0.875800
0.875840
0.875880
0.875920
0.875960
0.875960
0.876000
0.876040
0.876080
0.876080
0.876120
0.876160
0.876200
0.876240
0.876280
0.876320
0.876360
0.876360
0.876400
0.876440
0.876480
0.876480
0.876520
0.876520
0.876560
0.876560
0.876600
0.876640
0.876680
0.876720
0.876760
0.876800
0.876840
0.876880
0.876920
0.876960
0.877000
0.877040
0.877040
0.877080
0.877120
0.877160
0.877200
0.877240
0.877240
0.877280
0.877320
0.877360
0.877360
0.877400
0.877440
0.877480
0.877520
0.877560
0.877600
0.877640
0.877680
0.877720
0.877760
0.877800
0.877840
0.877840
0.877880
0.877920
0.877960
0.878000
0.878000
0.878040
0.878080
0.878120
0.878120
0.878120
0.878160
0.878200
0.878240
0.878280
0.878280
0.878280
0.878320
0.878360
0.878400
0.878440
0.878480
0.878520
0.878560
0.878600
0.878640
0.878680
0.878720
0.878720
0.878760
0.878800
0.878840
0.878840
0.878880
0.878920
0.878960
0.879000
0.879000
0.879040
0.879080
0.879120
0.879120
0.879160
0.879200
0.879240
0.879280
0.879280
0.879320
0.879320
0.879360
0.879400
0.879440
0.879480
0.879520
0.879560
0.879600
0.879640
0.879680
0.879680
0.879720
0.879760
0.879800
0.879840
0.879880
0.879920
0.879960
0.879960
0.879960
0.879960
0.880000
0.880040
0.880080
0.880120
0.880120
0.880160
0.880200
0.880240
0.880280
0.880320
0.880320
0.880360
0.880360
0.880400
0.880400
0.880400
0.880440
0.880480
0.880480
0.880520
0.880560
0.880560
0.880600
0.880640
0.880680
0.880680
0.880720
0.880760
0.880800
0.880840
0.880880
0.880920
0.880960
0.881000
0.881040
0.881040
0.881040
0.881040
0.881080
0.881120
0.881160
0.881160
0.881200
0.881200
0.881240
0.881280
0.881320
0.881360
0.881400
0.881440
0.881480
0.881520
0.881560
0.881600
0.881640
0.881680
0.881720
0.881760
0.881800
0.881840
0.881840
0.881840
0.881880
0.881920
0.881960
0.882000
0.882040
0.882080
0.882120
0.882120
0.882120
0.882160
0.882200
0.882240
0.882280
0.882320
0.882360
0.882400
0.882440
0.882480
0.882520
0.882560
0.882600
0.882600
0.882640
0.882680
0.882720
0.882760
0.882760
0.882800
0.882840
0.882880
0.882920
0.882960
0.883000
0.883000
0.883000
0.883000
0.883040
0.883080
0.883120
0.883160
0.883200
0.883200
0.883240
0.883280
0.883320
0.883360
0.883400
0.883440
0.883480
0.883480
0.883520
0.883560
0.883600
0.883600
0.883640
0.883680
0.883720
0.883720
0.883760
0.883800
0.883840
0.883880
0.883920
0.883920
0.883920
0.883960
0.884000
0.884040
0.884080
0.884120
0.884160
0.884200
0.884240
0.884280
0.884320
0.884360
0.884400
0.884440
0.884480
0.884520
0.884560
0.884600
0.884640
0.884680
0.884720
0.884760
0.884760
0.884800
0.884840
0.884840
0.884880
0.884920
0.884960
0.885000
0.885000
0.885040
0.885080
0.885120
0.885120
0.885160
0.885200
0.885200
0.885240
0.885240
0.885280
0.885320
0.885360
0.885400
0.885400
0.885440
0.885480
0.885520
0.885520
0.885560
0.885600
0.885600
0.885640
0.885680
0.885680
0.885680
0.885720
0.885720
0.885760
0.885800
0.885840
0.885880
0.885880
0.885920
0.885960
0.885960
0.886000
0.886040
0.886040
0.886080
0.886080
0.886120
0.886120
0.886160
0.886200
0.886240
0.886280
0.886280
0.886320
0.886360
0.886400
0.886400
0.886440
0.886440
0.886440
0.886440
0.886480
0.886480
0.886520
0.886560
0.886600
0.886640
0.886680
0.886680
0.886720
0.886760
0.886800
0.886840
0.886840
0.886840
0.886880
0.886920
0.886960
0.887000
0.887040
0.887080
0.887120
0.887120
0.887160
0.887200
0.887240
0.887240
0.887240
0.887280
0.887280
0.887320
0.887360
0.887360
0.887400
0.887440
0.887480
0.887520
0.887520
0.887560
0.887600
0.887600
0.887600
0.887640
0.887680
0.887720
0.887760
0.887760
0.887760
0.887760
0.887800
0.887840
0.887880
0.887920
0.887960
0.888000
0.888040
0.888080
0.888080
0.888120
0.888160
0.888200
0.888240
0.888280
0.888280
0.888320
0.888360
0.888400
0.888400
0.888440
0.888480
0.888480
0.888520
0.888560
0.888560
0.888600
0.888640
0.888680
0.888720
0.888760
0.888800
0.888840
0.888880
0.888880
0.888920
0.888920
0.888960
0.888960
0.888960
0.889000
0.889000
0.889040
0.889040
0.889080
0.889080
0.889080
0.889120
0.889160
0.889160
0.889200
0.889240
0.889280
0.889320
0.889320
0.889360
0.889400
0.889440
0.889480
0.889480
0.889520
0.889560
0.889560
0.889600
0.889640
0.889640
0.889680
0.889720
0.889720
0.889760
0.889800
0.889840
0.889880
0.889920
0.889960
0.889960
0.890000
0.890040
0.890080
0.890080
0.890120
0.890160
0.890200
0.890240
0.890240
0.890280
0.890320
0.890320
0.890360
0.890400
0.890400
0.890440
0.890480
0.890520
0.890560
0.890560
0.890600
0.890640
0.890680
0.890720
0.890760
0.890760
0.890800
0.890840
0.890880
0.890880
0.890880
0.890920
0.890960
0.890960
0.891000
0.891040
0.891040
0.891080
0.891120
0.891160
0.891200
0.891240
0.891280
0.891320
0.891360
0.891400
0.891400
0.891440
0.891480
0.891520
0.891560
0.891600
0.891640
0.891680
0.891680
0.891680
0.891720
0.891760
0.891760
0.891800
0.891800
0.891840
0.891880
0.891880
0.891920
0.891960
0.892000
0.892040
0.892080
0.892120
0.892160
0.892200
0.892240
0.892280
0.892320
0.892320
0.892360
0.892360
0.892400
0.892400
0.892440
0.892480
0.892520
0.892560
0.892600
0.892640
0.892680
0.892720
0.892760
0.892800
0.892840
0.892880
0.892920
0.892960
0.893000
0.893040
0.893080
0.893120
0.893120
0.893160
0.893200
0.893240
0.893280
0.893280
0.893320
0.893360
0.893360
0.893400
0.893440
0.893480
0.893520
0.893560
0.893600
0.893640
0.893680
0.893680
0.893720
0.893760
0.893800
0.893840
0.893840
0.893880
0.893920
0.893960
0.893960
0.894000
0.894040
0.894040
0.894080
0.894120
0.894120
0.894120
0.894160
0.894160
0.894200
0.894240
0.894240
0.894280
0.894320
0.894360
0.894360
0.894400
0.894440
0.894480
0.894520
0.894520
0.894560
0.894600
0.894640
0.894680
0.894720
0.894720
0.894720
0.894760
0.894760
0.894800
0.894840
0.894880
0.894920
0.894920
0.894960
0.895000
0.895040
0.895080
0.895120
0.895120
0.895160
0.895200
0.895200
0.895240
0.895240
0.895280
0.895320
0.895360
0.895400
0.895400
0.895440
0.895480
0.895480
0.895520
0.895520
0.895560
0.895600
0.895600
0.895640
0.895680
0.895680
0.895680
0.895720
0.895760
0.895800
0.895800
0.895840
0.895880
0.895920
0.895960
0.896000
0.896040
0.896080
0.896120
0.896160
0.896200
0.896200
0.896240
0.896280
0.896320
0.896360
0.896400
0.896440
0.896480
0.896520
0.896560
0.896600
0.896640
0.896640
0.896680
0.896680
0.896720
0.896760
0.896800
0.896840
0.896880
0.896920
0.896960
0.897000
0.897000
0.897040
0.897080
0.897120
0.897160
0.897160
0.897200
0.897240
0.897240
0.897280
0.897320
0.897320
0.897360
0.897400
0.897400
0.897440
0.897480
0.897520
0.897560
0.897600
0.897640
0.897680
0.897720
0.897760
0.897760
0.897800
0.897800
0.897840
0.897840
0.897880
0.897920
0.897960
0.898000
0.898040
0.898080
0.898120
0.898120
0.898160
0.898200
0.898240
0.898280
0.898320
0.898360
0.898400
0.898440
0.898440
0.898480
0.898480
0.898520
0.898520
0.898560
0.898600
0.898640
0.898680
0.898720
0.898760
0.898800
0.898840
0.898880
0.898920
0.898960
0.899000
0.899000
0.899040
0.899080
0.899120
0.899160
0.899200
0.899240
0.899240
0.899280
0.899320
0.899360
0.899400
0.899440
0.899440
0.899480
0.899520
0.899520
0.899560
0.899600
0.899640
0.899680
0.899720
0.899760
0.899760
0.899800
0.899840
0.899880
0.899880
0.899920
0.899920
0.899920
0.899960
0.900000
0.900040
0.900080
0.900120
0.900120
0.900160
0.900200
0.900200
0.900200
0.900200
0.900240
0.900280
0.900320
0.900360
0.900400
0.900440
0.900480
0.900480
0.900520
0.900560
0.900600
0.900640
0.900680
0.900720
0.900760
0.900760
0.900800
0.900840
0.900880
0.900920
0.900920
0.900960
0.901000
0.901040
0.901080
0.901080
0.901120
0.901160
0.901160
0.901200
0.901240
0.901280
0.901320
0.901360
0.901360
0.901400
0.901440
0.901480
0.901480
0.901520
0.901560
0.901600
0.901640
0.901680
0.901720
0.901720
0.901760
0.901800
0.901840
0.901880
0.901880
0.901920
0.901960
0.902000
0.902000
0.902040
0.902080
0.902080
0.902120
0.902160
0.902160
0.902200
0.902240
0.902280
0.902320
0.902360
0.902400
0.902440
0.902480
0.902520
0.902520
0.902560
0.902600
0.902600
0.902600
0.902640
0.902680
0.902720
0.902760
0.902800
0.902840
0.902880
0.902880
0.902920
0.902960
0.903000
0.903040
0.903080
0.903080
0.903120
0.903160
0.903200
0.903240
0.903280
0.903320
0.903360
0.903400
0.903440
0.903480
0.903520
0.903560
0.903600
0.903640
0.903640
0.903680
0.903680
0.903720
0.903760
0.903800
0.903840
0.903880
0.903920
0.903960
0.904000
0.904040
0.904040
0.904080
0.904120
0.904160
0.904160
0.904160
0.904200
0.904240
0.904280
0.904320
0.904360
0.904400
0.904440
0.904480
0.904520
0.904560
0.904600
0.904640
0.904680
0.904720
0.904720
0.904760
0.904760
0.904760
0.904760
0.904760
0.904760
0.904800
0.904840
0.904840
0.904880
0.904920
0.904960
0.904960
0.905000
0.905040
0.905080
0.905120
0.905160
0.905200
0.905240
0.905240
0.905280
0.905280
0.905320
0.905320
0.905360
0.905400
0.905440
0.905440
0.905480
0.905520
0.905560
0.905560
0.905560
0.905560
0.905560
0.905600
0.905640
0.905680
0.905680
0.905720
0.905760
0.905800
0.905840
0.905880
0.905920
0.905960
0.906000
0.906040
0.906080
0.906080
0.906120
0.906160
0.906200
0.906240
0.906280
0.906320
0.906360
0.906400
0.906440
0.906480
0.906520
0.906560
0.906600
0.906640
0.906680
0.906680
0.906720
0.906760
0.906760
0.906800
0.906840
0.906880
0.906920
0.906960
0.906960
0.907000
0.907040
0.907080
0.907120
0.907160
0.907200
0.907200
0.907240
0.907280
0.907320
0.907320
0.907360
0.907400
0.907440
0.907480
0.907520
0.907560
0.907600
0.907640
0.907680
0.907680
0.907720
0.907720
0.907760
0.907800
0.907840
0.907840
0.907880
0.907920
0.907920
0.907960
0.908000
0.908040
0.908080
0.908120
0.908160
0.908200
0.908240
0.908280
0.908320
0.908360
0.908400
0.908440
0.908480
0.908480
0.908480
0.908520
0.908560
0.908600
0.908600
0.908600
0.908640
0.908680
0.908720
0.908760
0.908800
0.908840
0.908880
0.908920
0.908960
0.909000
0.909040
0.909080
0.909120
0.909160
0.909200
0.909240
0.909280
0.909280
0.909320
0.909360
0.909400
0.909440
0.909480
0.909520
0.909520
0.909560
0.909600
0.909640
0.909680
0.909680
0.909680
0.909720
0.909760
0.909760
0.909800
0.909840
0.909880
0.909920
0.909920
0.909960
0.909960
0.910000
0.910040
0.910040
0.910040
0.910080
0.910080
0.910080
0.910120
0.910120
0.910160
0.910200
0.910240
0.910280
0.910320
0.910360
0.910400
0.910440
0.910480
0.910520
0.910520
0.910560
0.910600
0.910640
0.910680
0.910720
0.910760
0.910800
0.910840
0.910880
0.910920
0.910960
0.911000
0.911040
0.911080
0.911080
0.911080
0.911120
0.911160
0.911200
0.911240
0.911280
0.911320
0.911360
0.911400
0.911400
0.911440
0.911480
0.911480
0.911480
0.911520
0.911520
0.911560
0.911560
0.911600
0.911640
0.911680
0.911720
0.911760
0.911800
0.911840
0.911880
0.911920
0.911960
0.912000
0.912040
0.912080
0.912120
0.912160
0.912200
0.912240
0.912280
0.912320
0.912320
0.912360
0.912400
0.912400
0.912440
0.912480
0.912520
0.912520
0.912560
0.912600
0.912640
0.912680
0.912720
0.912760
0.912800
0.912840
0.912880
0.912920
0.912960
0.913000
0.913000
0.913040
0.913080
0.913120
0.913120
0.913120
0.913160
0.913200
0.913240
0.913280
0.913280
0.913320
0.913360
0.913400
0.913440
0.913480
0.913520
0.913520
0.913560
0.913600
0.913640
0.913680
0.913720
0.913760
0.913800
0.913800
0.913840
0.913880
0.913920
0.913960
0.913960
0.914000
0.914040
0.914080
0.914120
0.914160
0.914200
0.914240
0.914280
0.914320
0.914360
0.914360
0.914400
0.914440
0.914480
0.914520
0.914560
0.914600
0.914600
0.914640
0.914680
0.914680
0.914720
0.914760
0.914760
0.914760
0.914800
0.914840
0.914880
0.914920
0.914960
0.914960
0.914960
0.914960
0.915000
0.915040
0.915080
0.915120
0.915120
0.915120
0.915160
0.915200
0.915240
0.915240
0.915240
0.915280
0.915320
0.915360
0.915400
0.915440
0.915440
0.915480
0.915520
0.915560
0.915560
0.915560
0.915600
0.915640
0.915640
0.915640
0.915680
0.915720
0.915720
0.915760
0.915800
0.915840
0.915880
0.915920
0.915960
0.916000
0.916040
0.916040
0.916040
0.916040
0.916040
0.916080
0.916120
0.916160
0.916200
0.916240
0.916280
0.916280
0.916280
0.916320
0.916360
0.916400
0.916440
0.916480
0.916520
0.916560
0.916560
0.916600
0.916640
0.916680
0.916720
0.916720
0.916720
0.916760
0.916800
0.916840
0.916880
0.916920
0.916960
0.917000
0.917040
0.917080
0.917080
0.917120
0.917120
0.917160
0.917200
0.917240
0.917280
0.917320
0.917360
0.917360
0.917400
0.917440
0.917480
0.917520
0.917560
0.917560
0.917600
0.917600
0.917640
0.917640
0.917680
0.917680
0.917720
0.917760
0.917800
0.917800
0.917840
0.917880
0.917920
0.917960
0.918000
0.918040
0.918040
0.918080
0.918080
0.918120
0.918160
0.918160
0.918200
0.918240
0.918280
0.918320
0.918360
0.918400
0.918440
0.918440
0.918480
0.918520
0.918560
0.918600
0.918600
0.918640
0.918680
0.918680
0.918680
0.918680
0.918680
0.918720
0.918760
0.918800
0.918840
0.918880
0.918920
0.918960
0.919000
0.919040
0.919040
0.919080
0.919080
0.919120
0.919120
0.919120
0.919160
0.919160
0.919200
0.919240
0.919240
0.919280
0.919320
0.919360
0.919400
0.919440
0.919480
0.919520
0.919560
0.919560
0.919600
0.919640
0.919680
0.919680
0.919720
0.919760
0.919800
0.919840
0.919880
0.919920
0.919960
0.919960
0.920000
0.920040
0.920040
0.920080
0.920080
0.920120
0.920160
0.920200
0.920200
0.920240
0.920280
0.920320
0.920360
0.920400
0.920400
0.920440
0.920440
0.920440
0.920480
0.920520
0.920560
0.920600
0.920640
0.920680
0.920720
0.920760
0.920800
0.920840
0.920880
0.920920
0.920960
0.921000
0.921040
0.921080
0.921120
0.921120
0.921160
0.921200
0.921200
0.921240
0.921240
0.921280
0.921320
0.921360
0.921360
0.921400
0.921400
0.921440
0.921480
0.921520
0.921560
0.921560
0.921600
0.921640
0.921640
0.921680
0.921720
0.921760
0.921800
0.921840
0.921880
0.921920
0.921920
0.921960
0.922000
0.922000
0.922040
0.922080
0.922120
0.922160
0.922200
0.922240
0.922280
0.922280
0.922320
0.922360
0.922360
0.922400
0.922440
0.922480
0.922520
0.922520
0.922560
0.922560
0.922600
0.922640
0.922640
0.922640
0.922640
0.922680
0.922720
0.922720
0.922760
0.922800
0.922800
0.922840
0.922880
0.922920
0.922960
0.923000
0.923040
0.923080
0.923120
0.923120
0.923160
0.923200
0.923240
0.923280
0.923320
0.923360
0.923360
0.923400
0.923440
0.923480
0.923480
0.923520
0.923520
0.923520
0.923560
0.923600
0.923600
0.923640
0.923680
0.923720
0.923760
0.923800
0.923800
0.923800
0.923840
0.923880
0.923920
0.923960
0.924000
0.924000
0.924040
0.924040
0.924080
0.924080
0.924120
0.924160
0.924200
0.924240
0.924280
0.924320
0.924360
0.924360
0.924400
0.924440
0.924480
0.924520
0.924520
0.924560
0.924560
0.924600
0.924600
0.924640
0.924640
0.924680
0.924720
0.924720
0.924760
0.924800
0.924840
0.924840
0.924880
0.924920
0.924960
0.924960
0.925000
0.925040
0.925080
0.925120
0.925160
0.925200
0.925240
0.925240
0.925280
0.925320
0.925320
0.925360
0.925400
0.925400
0.925400
0.925440
0.925480
0.925480
0.925520
0.925560
0.925600
0.925640
0.925680
0.925680
0.925720
0.925760
0.925800
0.925840
0.925840
0.925880
0.925880
0.925920
0.925920
0.925960
0.925960
0.926000
0.926040
0.926080
0.926080
0.926080
0.926080
0.926120
0.926160
0.926200
0.926240
0.926280
0.926280
0.926320
0.926360
0.926400
0.926440
0.926480
0.926520
0.926520
0.926560
0.926600
0.926640
0.926680
0.926720
0.926760
0.926800
0.926840
0.926840
0.926840
0.926880
0.926920
0.926960
0.927000
0.927040
0.927080
0.927120
0.927160
0.927160
0.927160
0.927200
0.927240
0.927280
0.927280
0.927320
0.927360
0.927400
0.927440
0.927440
0.927440
0.927480
0.927520
0.927520
0.927560
0.927600
0.927640
0.927680
0.927720
0.927760
0.927800
0.927840
0.927880
0.927920
0.927960
0.928000
0.928040
0.928040
0.928080
0.928120
0.928120
0.928160
0.928200
0.928240
0.928280
0.928320
0.928360
0.928400
0.928400
0.928440
0.928480
0.928520
0.928560
0.928600
0.928640
0.928640
0.928640
0.928680
0.928720
0.928720
0.928720
0.928760
0.928800
0.928840
0.928840
0.928880
0.928920
0.928960
0.928960
0.929000
0.929000
0.929040
0.929080
0.929120
0.929160
0.929200
0.929240
0.929240
0.929280
0.929320
0.929320
0.929360
0.929400
0.929440
0.929440
0.929480
0.929480
0.929520
0.929520
0.929560
0.929560
0.929600
0.929640
0.929680
0.929680
0.929680
0.929720
0.929760
0.929800
0.929800
0.929840
0.929880
0.929920
0.929920
0.929920
0.929960
0.930000
0.930040
0.930080
0.930120
0.930160
0.930200
0.930240
0.930240
0.930240
0.930280
0.930320
0.930320
0.930360
0.930400
0.930400
0.930440
0.930480
0.930480
0.930480
0.930480
0.930480
0.930520
0.930560
0.930600
0.930640
0.930680
0.930720
0.930760
0.930800
0.930840
0.930840
0.930840
0.930840
0.930840
0.930880
0.930920
0.930920
0.930960
0.931000
0.931040
0.931080
0.931080
0.931120
0.931160
0.931160
0.931200
0.931240
0.931280
0.931320
0.931360
0.931360
0.931360
0.931400
0.931440
0.931480
0.931520
0.931560
0.931600
0.931600
0.931640
0.931680
0.931720
0.931760
0.931800
0.931800
0.931840
0.931880
0.931920
0.931960
0.931960
0.932000
0.932040
0.932080
0.932080
0.932120
0.932160
0.932200
0.932240
0.932280
0.932320
0.932360
0.932400
0.932440
0.932480
0.932480
0.932520
0.932560
0.932600
0.932640
0.932640
0.932640
0.932680
0.932720
0.932720
0.932760
0.932800
0.932840
0.932880
0.932880
0.932920
0.932960
0.933000
0.933000
0.933040
0.933080
0.933120
0.933160
0.933200
0.933240
0.933280
0.933320
0.933360
0.933400
0.933440
0.933480
0.933520
0.933560
0.933600
0.933640
0.933680
0.933720
0.933760
0.933800
0.933800
0.933840
0.933880
0.933920
0.933960
0.934000
0.934040
0.934080
0.934120
0.934160
0.934200
0.934200
0.934240
0.934280
0.934280
0.934320
0.934360
0.934400
0.934440
0.934480
0.934520
0.934520
0.934560
0.934600
0.934640
0.934680
0.934680
0.934720
0.934760
0.934760
0.934800
0.934840
0.934880
0.934920
0.934920
0.934960
0.935000
0.935000
0.935040
0.935080
0.935120
0.935160
0.935200
0.935200
0.935240
0.935280
0.935320
0.935360
0.935360
0.935400
0.935440
0.935480
0.935520
0.935560
0.935560
0.935600
0.935640
0.935640
0.935680
0.935720
0.935760
0.935800
0.935840
0.935880
0.935920
0.935960
0.935960
0.935960
0.936000
0.936000
0.936040
0.936080
0.936120
0.936160
0.936200
0.936240
0.936280
0.936280
0.936320
0.936360
0.936400
0.936440
0.936480
0.936520
0.936560
0.936560
0.936600
0.936640
0.936640
0.936680
0.936720
0.936760
0.936800
0.936800
0.936840
0.936880
0.936880
0.936920
0.936960
0.937000
0.937040
0.937080
0.937120
0.937160
0.937200
0.937200
0.937240
0.937280
0.937320
0.937360
0.937400
0.937440
0.937440
0.937480
0.937520
0.937520
0.937560
0.937600
0.937640
0.937680
0.937720
0.937760
0.937800
0.937800
0.937840
0.937880
0.937920
0.937960
0.938000
0.938040
0.938080
0.938120
0.938120
0.938160
0.938200
0.938200
0.938240
0.938280
0.938320
0.938360
0.938400
0.938440
0.938480
0.938480
0.938520
0.938560
0.938600
0.938640
0.938680
0.938720
0.938760
0.938800
0.938840
0.938880
0.938920
0.938960
0.938960
0.939000
0.939040
0.939080
0.939120
0.939120
0.939160
0.939160
0.939200
0.939240
0.939240
0.939280
0.939320
0.939360
0.939400
0.939440
0.939480
0.939520
0.939520
0.939560
0.939600
0.939640
0.939680
0.939720
0.939720
0.939760
0.939800
0.939840
0.939840
0.939880
0.939920
0.939960
0.939960
0.940000
0.940040
0.940080
0.940120
0.940160
0.940200
0.940240
0.940280
0.940280
0.940320
0.940360
0.940400
0.940440
0.940480
0.940520
0.940560
0.940600
0.940640
0.940680
0.940720
0.940720
0.940760
0.940760
0.940800
0.940840
0.940880
0.940880
0.940920
0.940960
0.941000
0.941040
0.941080
0.941120
0.941160
0.941200
0.941200
0.941200
0.941240
0.941280
0.941320
0.941360
0.941400
0.941440
0.941440
0.941440
0.941480
0.941520
0.941560
0.941600
0.941640
0.941680
0.941720
0.941760
0.941760
0.941800
0.941840
0.941880
0.941920
0.941960
0.942000
0.942040
0.942080
0.942120
0.942160
0.942160
0.942200
0.942240
0.942280
0.942320
0.942360
0.942360
0.942400
0.942440
0.942480
0.942480
0.942520
0.942560
0.942600
0.942640
0.942680
0.942720
0.942760
0.942800
0.942800
0.942840
0.942880
0.942920
0.942920
0.942960
0.943000
0.943040
0.943080
0.943120
0.943160
0.943200
0.943240
0.943280
0.943320
0.943360
0.943400
0.943440
0.943480
0.943520
0.943560
0.943560
0.943600
0.943640
0.943640
0.943680
0.943680
0.943720
0.943760
0.943800
0.943840
0.943840
0.943880
0.943920
0.943960
0.943960
0.943960
0.944000
0.944000
0.944040
0.944080
0.944120
0.944160
0.944160
0.944200
0.944240
0.944280
0.944320
0.944360
0.944400
0.944440
0.944480
0.944520
0.944560
0.944600
0.944600
0.944640
0.944680
0.944720
0.944760
0.944800
0.944840
0.944880
0.944920
0.944960
0.944960
0.944960
0.945000
0.945040
0.945080
0.945120
0.945160
0.945200
0.945200
0.945240
0.945280
0.945320
0.945360
0.945400
0.945440
0.945480
0.945480
0.945480
0.945520
0.945520
0.945560
0.945600
0.945640
0.945680
0.945720
0.945760
0.945800
0.945840
0.945880
0.945920
0.945920
0.945960
0.946000
0.946040
0.946080
0.946120
0.946160
0.946200
0.946240
0.946280
0.946320
0.946360
0.946360
0.946400
0.946440
0.946440
0.946480
0.946520
0.946560
0.946600
0.946600
0.946600
0.946640
0.946680
0.946720
0.946720
0.946760
0.946800
0.946840
0.946880
0.946880
0.946920
0.946960
0.947000
0.947040
0.947080
0.947080
0.947120
0.947160
0.947160
0.947200
0.947240
0.947240
0.947240
0.947240
0.947280
0.947320
0.947360
0.947400
0.947440
0.947440
0.947480
0.947520
0.947520
0.947560
0.947600
0.947640
0.947680
0.947720
0.947760
0.947800
0.947840
0.947880
0.947920
0.947960
0.947960
0.948000
0.948040
0.948080
0.948120
0.948120
0.948160
0.948200
0.948240
0.948280
0.948320
0.948360
0.948400
0.948400
0.948440
0.948440
0.948480
0.948520
0.948520
0.948520
0.948520
0.948520
0.948520
0.948560
0.948560
0.948560
0.948600
0.948600
0.948600
0.948600
0.948640
0.948680
0.948720
0.948760
0.948800
0.948840
0.948880
0.948920
0.948920
0.948960
0.949000
0.949040
0.949080
0.949120
0.949160
0.949200
0.949240
0.949280
0.949320
0.949360
0.949360
0.949360
0.949360
0.949400
0.949440
0.949480
0.949520
0.949560
0.949560
0.949560
0.949600
0.949600
0.949600
0.949640
0.949680
0.949680
0.949720
0.949760
0.949800
0.949840
0.949880
0.949920
0.949960
0.950000
0.950040
0.950080
0.950080
0.950080
0.950080
0.950080
0.950120
0.950160
0.950160
0.950160
0.950200
0.950200
0.950240
0.950280
0.950320
0.950360
0.950400
0.950440
0.950480
0.950520
0.950560
0.950600
0.950640
0.950680
0.950720
0.950760
0.950800
0.950840
0.950840
0.950840
0.950880
0.950880
0.950920
0.950960
0.951000
0.951040
0.951080
0.951080
0.951120
0.951120
0.951120
0.951120
0.951160
0.951200
0.951240
0.951280
0.951320
0.951360
0.951400
0.951440
0.951440
0.951480
0.951480
0.951520
0.951520
0.951560
0.951600
0.951640
0.951680
0.951720
0.951760
0.951760
0.951800
0.951840
0.951880
0.951920
0.951960
0.951960
0.951960
0.952000
0.952040
0.952080
0.952120
0.952160
0.952200
0.952240
0.952240
0.952280
0.952280
0.952280
0.952320
0.952360
0.952400
0.952440
0.952440
0.952480
0.952520
0.952560
0.952600
0.952640
0.952680
0.952680
0.952720
0.952760
0.952760
0.952760
0.952800
0.952840
0.952880
0.952920
0.952960
0.953000
0.953000
0.953040
0.953080
0.953120
0.953160
0.953200
0.953240
0.953280
0.953280
0.953320
0.953360
0.953400
0.953440
0.953440
0.953480
0.953520
0.953560
0.953600
0.953640
0.953680
0.953720
0.953760
0.953800
0.953840
0.953840
0.953880
0.953920
0.953960
0.953960
0.954000
0.954040
0.954080
0.954120
0.954160
0.954160
0.954160
0.954200
0.954240
0.954240
0.954240
0.954240
0.954280
0.954320
0.954360
0.954400
0.954440
0.954480
0.954520
0.954560
0.954600
0.954640
0.954680
0.954720
0.954720
0.954760
0.954800
0.954840
0.954880
0.954920
0.954960
0.955000
0.955040
0.955080
0.955120
0.955120
0.955120
0.955160
0.955200
0.955240
0.955280
0.955280
0.955320
0.955360
0.955400
0.955440
0.955480
0.955520
0.955520
0.955560
0.955560
0.955600
0.955600
0.955640
0.955680
0.955720
0.955760
0.955800
0.955840
0.955880
0.955920
0.955960
0.956000
0.956000
0.956040
0.956080
0.956120
0.956160
0.956200
0.956240
0.956280
0.956320
0.956360
0.956360
0.956400
0.956400
0.956440
0.956480
0.956480
0.956480
0.956520
0.956560
0.956600
0.956640
0.956640
0.956680
0.956720
0.956760
0.956800
0.956840
0.956880
0.956920
0.956960
0.956960
0.957000
0.957040
0.957080
0.957120
0.957160
0.957200
0.957240
0.957280
0.957280
0.957320
0.957360
0.957360
0.957360
0.957400
0.957440
0.957440
0.957480
0.957520
0.957560
0.957600
0.957640
0.957680
0.957720
0.957760
0.957800
0.957840
0.957880
0.957880
0.957920
0.957920
0.957960
0.958000
0.958000
0.958000
0.958040
0.958080
0.958120
0.958120
0.958160
0.958200
0.958240
0.958280
0.958280
0.958320
0.958360
0.958400
0.958440
0.958480
0.958520
0.958560
0.958600
0.958600
0.958640
0.958640
0.958640
0.958680
0.958720
0.958760
0.958800
0.958840
0.958880
0.958880
0.958920
0.958960
0.959000
0.959040
0.959080
0.959120
0.959160
0.959200
0.959240
0.959280
0.959320
0.959320
0.959360
0.959400
0.959440
0.959480
0.959520
0.959560
0.959600
0.959640
0.959680
0.959680
0.959720
0.959720
0.959760
0.959800
0.959800
0.959840
0.959840
0.959880
0.959920
0.959960
0.960000
0.960040
0.960080
0.960120
0.960160
0.960200
0.960240
0.960280
0.960320
0.960320
0.960320
0.960360
0.960360
0.960360
0.960400
0.960440
0.960440
0.960480
0.960520
0.960560
0.960560
0.960560
0.960600
0.960640
0.960640
0.960680
0.960720
0.960760
0.960800
0.960840
0.960880
0.960920
0.960960
0.961000
0.961040
0.961080
0.961120
0.961120
0.961120
0.961120
0.961120
0.961160
0.961200
0.961240
0.961280
0.961320
0.961320
0.961360
0.961400
0.961440
0.961440
0.961480
0.961520
0.961560
0.961600
0.961640
0.961640
0.961680
0.961720
0.961760
0.961800
0.961840
0.961840
0.961880
0.961920
0.961920
0.961960
0.962000
0.962040
0.962080
0.962080
0.962120
0.962160
0.962200
0.962200
0.962240
0.962280
0.962320
0.962360
0.962400
0.962440
0.962440
0.962480
0.962520
0.962520
0.962520
0.962560
0.962560
0.962600
0.962640
0.962680
0.962720
0.962760
0.962800
0.962840
0.962880
0.962920
0.962920
0.962960
0.963000
0.963040
0.963080
0.963120
0.963160
0.963200
0.963240
0.963280
0.963320
0.963360
0.963360
0.963400
0.963400
0.963440
0.963480
0.963520
0.963560
0.963600
0.963600
0.963600
0.963640
0.963680
0.963720
0.963720
0.963760
0.963760
0.963800
0.963840
0.963880
0.963880
0.963920
0.963960
0.964000
0.964040
0.964080
0.964120
0.964160
0.964200
0.964240
0.964240
0.964280
0.964320
0.964360
0.964360
0.964400
0.964440
0.964480
0.964480
0.964520
0.964520
0.964560
0.964600
0.964640
0.964680
0.964720
0.964760
0.964800
0.964840
0.964880
0.964920
0.964960
0.965000
0.965040
0.965040
0.965080
0.965120
0.965120
0.965160
0.965200
0.965240
0.965280
0.965320
0.965360
0.965360
0.965400
0.965440
0.965440
0.965480
0.965520
0.965560
0.965600
0.965600
0.965640
0.965680
0.965680
0.965680
0.965720
0.965760
0.965760
0.965760
0.965800
0.965840
0.965880
0.965920
0.965920
0.965960
0.966000
0.966040
0.966040
0.966080
0.966120
0.966160
0.966160
0.966200
0.966240
0.966280
0.966320
0.966360
0.966400
0.966440
0.966480
0.966480
0.966520
0.966560
0.966600
0.966640
0.966680
0.966680
0.966720
0.966760
0.966800
0.966840
0.966880
0.966920
0.966960
0.967000
0.967040
0.967080
0.967120
0.967160
0.967160
0.967200
0.967240
0.967280
0.967320
0.967360
0.967400
0.967440
0.967480
0.967520
0.967520
0.967560
0.967600
0.967640
0.967680
0.967720
0.967720
0.967760
0.967800
0.967840
0.967880
0.967920
0.967960
0.968000
0.968040
0.968080
0.968120
0.968160
0.968200
0.968240
0.968280
0.968320
0.968360
0.968400
0.968400
0.968440
0.968440
0.968480
0.968480
0.968520
0.968520
0.968560
0.968560
0.968600
0.968640
0.968680
0.968720
0.968760
0.968800
0.968840
0.968840
0.968880
0.968880
0.968920
0.968960
0.969000
0.969000
0.969040
0.969080
0.969120
0.969160
0.969160
0.969160
0.969200
0.969240
0.969240
0.969280
0.969320
0.969360
0.969400
0.969440
0.969440
0.969480
0.969480
0.969480
0.969520
0.969560
0.969600
0.969640
0.969680
0.969680
0.969720
0.969760
0.969800
0.969840
0.969880
0.969920
0.969960
0.970000
0.970000
0.970040
0.970080
0.970120
0.970160
0.970200
0.970240
0.970280
0.970320
0.970360
0.970360
0.970400
0.970440
0.970480
0.970520
0.970560
0.970600
0.970640
0.970680
0.970720
0.970760
0.970800
0.970800
0.970800
0.970840
0.970840
0.970880
0.970920
0.970960
0.971000
0.971040
0.971080
0.971080
0.971080
0.971120
0.971160
0.971200
0.971240
0.971280
0.971280
0.971320
0.971360
0.971400
0.971400
0.971440
0.971480
0.971480
0.971520
0.971560
0.971600
0.971600
0.971640
0.971640
0.971680
0.971720
0.971720
0.971720
0.971760
0.971800
0.971840
0.971880
0.971920
0.971960
0.972000
0.972040
0.972080
0.972120
0.972160
0.972200
0.972240
0.972280
0.972320
0.972360
0.972400
0.972440
0.972480
0.972520
0.972560
0.972600
0.972640
0.972680
0.972720
0.972760
0.972800
0.972840
0.972840
0.972880
0.972920
0.972920
0.972960
0.973000
0.973000
0.973040
0.973080
0.973120
0.973160
0.973200
0.973240
0.973280
0.973280
0.973320
0.973360
0.973360
0.973400
0.973440
0.973440
0.973480
0.973520
0.973560
0.973600
0.973640
0.973680
0.973680
0.973720
0.973760
0.973800
0.973840
0.973880
0.973880
0.973920
0.973960
0.974000
0.974000
0.974040
0.974080
0.974120
0.974120
0.974160
0.974200
0.974240
0.974280
0.974320
0.974360
0.974360
0.974400
0.974400
0.974440
0.974480
0.974520
0.974560
0.974600
0.974600
0.974640
0.974680
0.974720
0.974760
0.974800
0.974800
0.974800
0.974840
0.974880
0.974880
0.974920
0.974960
0.975000
0.975000
0.975000
0.975000
0.975040
0.975040
0.975080
0.975120
0.975120
0.975160
0.975200
0.975240
0.975280
0.975320
0.975320
0.975360
0.975400
0.975440
0.975480
0.975520
0.975560
0.975600
0.975640
0.975680
0.975680
0.975720
0.975760
0.975760
0.975800
0.975840
0.975880
0.975920
0.975920
0.975960
0.976000
0.976040
0.976080
0.976080
0.976120
0.976160
0.976200
0.976240
0.976240
0.976280
0.976320
0.976360
0.976360
0.976360
0.976400
0.976400
0.976440
0.976480
0.976520
0.976520
0.976560
0.976600
0.976640
0.976680
0.976720
0.976760
0.976800
0.976840
0.976880
0.976880
0.976920
0.976960
0.977000
0.977040
0.977040
0.977080
0.977080
0.977120
0.977160
0.977160
0.977200
0.977240
0.977280
0.977320
0.977320
0.977320
0.977360
0.977360
0.977400
0.977440
0.977480
0.977520
0.977560
0.977560
0.977600
0.977600
0.977640
0.977680
0.977720
0.977760
0.977800
0.977800
0.977840
0.977840
0.977880
0.977920
0.977920
0.977960
0.978000
0.978000
0.978040
0.978080
0.978120
0.978160
0.978200
0.978240
0.978280
0.978320
0.978360
0.978400
0.978440
0.978440
0.978440
0.978440
0.978480
0.978520
0.978560
0.978600
0.978640
0.978680
0.978720
0.978760
0.978800
0.978840
0.978880
0.978920
0.978960
0.979000
0.979040
0.979080
0.979120
0.979160
0.979200
0.979240
0.979280
0.979280
0.979280
0.979320
0.979360
0.979400
0.979400
0.979440
0.979440
0.979480
0.979520
0.979560
0.979560
0.979600
0.979640
0.979640
0.979680
0.979720
0.979760
0.979800
0.979840
0.979840
0.979880
0.979880
0.979920
0.979960
0.980000
0.980040
0.980040
0.980080
0.980120
0.980160
0.980160
0.980200
0.980200
0.980240
0.980280
0.980320
0.980360
0.980360
0.980400
0.980440
0.980480
0.980520
0.980560
0.980600
0.980640
0.980680
0.980720
0.980760
0.980800
0.980840
0.980880
0.980920
0.980960
0.981000
0.981040
0.981040
0.981080
0.981120
0.981160
0.981200
0.981240
0.981280
0.981320
0.981360
0.981360
0.981360
0.981400
0.981440
0.981480
0.981520
0.981560
0.981600
0.981640
0.981680
0.981680
0.981720
0.981760
0.981760
0.981760
0.981800
0.981800
0.981840
0.981880
0.981920
0.981960
0.981960
0.982000
0.982000
0.982000
0.982000
0.982040
0.982080
0.982120
0.982160
0.982200
0.982240
0.982280
0.982320
0.982320
0.982360
0.982400
0.982440
0.982480
0.982520
0.982520
0.982560
0.982560
0.982600
0.982640
0.982680
0.982720
0.982760
0.982800
0.982800
0.982800
0.982800
0.982840
0.982880
0.982920
0.982960
0.983000
0.983040
0.983080
0.983120
0.983160
0.983200
0.983240
0.983280
0.983320
0.983320
0.983320
0.983360
0.983400
0.983440
0.983480
0.983520
0.983560
0.983600
0.983640
0.983680
0.983720
0.983760
0.983800
0.983800
0.983800
0.983840
0.983880
0.983920
0.983960
0.984000
0.984040
0.984040
0.984080
0.984080
0.984120
0.984160
0.984160
0.984200
0.984240
0.984280
0.984320
0.984360
0.984360
0.984400
0.984440
0.984440
0.984480
0.984520
0.984560
0.984600
0.984640
0.984640
0.984680
0.984720
0.984760
0.984800
0.984840
0.984880
0.984920
0.984960
0.985000
0.985040
0.985040
0.985080
0.985120
0.985120
0.985160
0.985200
0.985240
0.985280
0.985320
0.985360
0.985400
0.985440
0.985480
0.985520
0.985560
0.985600
0.985640
0.985680
0.985720
0.985760
0.985760
0.985800
0.985800
0.985840
0.985880
0.985920
0.985960
0.986000
0.986040
0.986080
0.986120
0.986160
0.986160
0.986200
0.986240
0.986280
0.986320
0.986360
0.986400
0.986400
0.986440
0.986480
0.986480
0.986520
0.986560
0.986600
0.986640
0.986680
0.986720
0.986760
0.986800
0.986840
0.986880
0.986920
0.986920
0.986960
0.987000
0.987040
0.987080
0.987120
0.987120
0.987160
0.987200
0.987240
0.987240
0.987280
0.987280
0.987320
0.987320
0.987320
0.987360
0.987400
0.987440
0.987480
0.987520
0.987560
0.987560
0.987600
0.987640
0.987680
0.987680
0.987720
0.987760
0.987800
0.987840
0.987840
0.987840
0.987880
0.987920
0.987960
0.988000
0.988040
0.988080
0.988120
0.988160
0.988200
0.988240
0.988240
0.988280
0.988280
0.988320
0.988320
0.988360
0.988360
0.988400
0.988440
0.988480
0.988520
0.988520
0.988520
0.988560
0.988600
0.988640
0.988680
0.988720
0.988760
0.988800
0.988800
0.988840
0.988880
0.988920
0.988920
0.988960
0.988960
0.989000
0.989040
0.989040
0.989040
0.989040
0.989040
0.989080
0.989120
0.989160
0.989160
0.989200
0.989240
0.989280
0.989320
0.989360
0.989360
0.989400
0.989440
0.989480
0.989480
0.989520
0.989560
0.989600
0.989600
0.989640
0.989640
0.989680
0.989720
0.989720
0.989720
0.989760
0.989800
0.989840
0.989840
0.989880
0.989920
0.989960
0.989960
0.990000
0.990000
0.990000
0.990040
0.990080
0.990120
0.990160
0.990200
0.990240
0.990240
0.990280
0.990320
0.990360
0.990400
0.990440
0.990440
0.990480
0.990480
0.990520
0.990560
0.990600
0.990640
0.990640
0.990680
0.990720
0.990760
0.990800
0.990840
0.990880
0.990880
0.990920
0.990920
0.990960
0.991000
0.991040
0.991080
0.991120
0.991160
0.991160
0.991200
0.991200
0.991200
0.991200
0.991240
0.991280
0.991320
0.991360
0.991400
0.991400
0.991440
0.991480
0.991520
0.991520
0.991560
0.991600
0.991640
0.991680
0.991720
0.991760
0.991800
0.991840
0.991880
0.991920
0.991960
0.992000
0.992040
0.992080
0.992080
0.992120
0.992160
0.992160
0.992200
0.992200
0.992240
0.992280
0.992280
0.992320
0.992320
0.992360
0.992400
0.992440
0.992480
0.992480
0.992520
0.992560
0.992600
0.992600
0.992600
0.992640
0.992680
0.992720
0.992760
0.992800
0.992840
0.992840
0.992840
0.992840
0.992840
0.992880
0.992920
0.992960
0.993000
0.993040
0.993080
0.993120
0.993160
0.993200
0.993240
0.993280
0.993280
0.993320
0.993360
0.993400
0.993400
0.993400
0.993400
0.993440
0.993480
0.993520
0.993560
0.993600
0.993600
0.993600
0.993640
0.993680
0.993720
0.993760
0.993800
0.993800
0.993800
0.993840
0.993880
0.993920
0.993960
0.994000
0.994040
0.994080
0.994080
0.994120
0.994160
0.994160
0.994200
0.994240
0.994280
0.994320
0.994360
0.994400
0.994440
0.994480
0.994520
0.994560
0.994560
0.994560
0.994600
0.994600
0.994640
0.994680
0.994720
0.994760
0.994800
0.994840
0.994880
0.994920
0.994960
0.995000
0.995040
0.995080
0.995120
0.995160
0.995200
0.995200
0.995240
0.995280
0.995320
0.995320
0.995360
0.995400
0.995440
0.995480
0.995520
0.995560
0.995600
0.995640
0.995640
0.995680
0.995720
0.995760
0.995800
0.995840
0.995880
0.995920
0.995920
0.995960
0.996000
0.996040
0.996040
0.996080
0.996120
0.996160
0.996200
0.996240
0.996280
0.996320
0.996360
0.996400
0.996440
0.996480
0.996520
0.996560
0.996600
0.996640
0.996680
0.996720
0.996760
0.996800
0.996840
0.996840
0.996880
0.996920
0.996960
0.997000
0.997040
0.997080
0.997120
0.997160
0.997200
0.997240
0.997280
0.997320
0.997360
0.997400
0.997440
0.997480
0.997520
0.997560
0.997600
0.997640
0.997680
0.997720
0.997760
0.997800
0.997840
0.997840
0.997880
0.997880
0.997920
0.997960
0.997960
0.998000
0.998000
0.998040
0.998040
0.998040
0.998080
0.998120
0.998120
0.998160
0.998200
0.998240
0.998280
0.998320
0.998360
0.998400
0.998440
0.998480
0.998520
0.998560
0.998600
0.998640
0.998680
0.998720
0.998760
0.998800
0.998840
0.998880
0.998920
0.998960
0.999000
0.999040
0.999080
0.999120
0.999120
0.999160
0.999160
0.999200
0.999240
0.999280
0.999320
0.999360
0.999400
0.999440
0.999480
0.999520
0.999560
0.999600
0.999640
0.999680
0.999720
0.999760
0.999760
0.999760
0.999800
0.999800
0.999840
0.999880
0.999920
0.999960
1.000000
1.000000
1.000040
1.000040
1.000080
1.000120
1.000160
1.000160
1.000200
1.000240
1.000280
1.000320
1.000360
1.000360
1.000400
1.000440
1.000480
1.000520
1.000560
1.000600
1.000640
1.000680
1.000720
1.000760
1.000800
1.000840
1.000880
1.000880
1.000920
1.000960
1.001000
1.001040
1.001080
1.001120
1.001160
1.001200
1.001240
1.001280
1.001320
1.001360
1.001360
1.001400
1.001400
1.001440
1.001480
1.001520
1.001560
1.001600
1.001640
1.001680
1.001680
1.001720
1.001760
1.001800
1.001840
1.001840
1.001880
1.001880
1.001880
1.001920
1.001960
1.002000
1.002000
1.002040
1.002080
1.002120
1.002160
1.002200
1.002240
1.002280
1.002320
1.002360
1.002400
1.002440
1.002480
1.002480
1.002520
1.002560
1.002600
1.002640
1.002680
1.002720
1.002760
1.002800
1.002840
1.002880
1.002880
1.002920
1.002960
1.002960
1.003000
1.003040
1.003080
1.003120
1.003160
1.003200
1.003240
1.003280
1.003280
1.003320
1.003360
1.003400
1.003440
1.003480
1.003480
1.003480
1.003480
1.003520
1.003560
1.003600
1.003640
1.003640
1.003640
1.003680
1.003720
1.003720
1.003760
1.003760
1.003760
1.003800
1.003800
1.003800
1.003840
1.003880
1.003920
1.003960
1.004000
1.004040
1.004080
1.004120
1.004160
1.004200
1.004240
1.004240
1.004280
1.004320
1.004360
1.004400
1.004400
1.004400
1.004400
1.004440
1.004480
1.004480
1.004520
1.004520
1.004560
1.004560
1.004560
1.004600
1.004640
1.004680
1.004680
1.004680
1.004680
1.004720
1.004720
1.004760
1.004800
1.004840
1.004880
1.004880
1.004920
1.004960
1.005000
1.005040
1.005040
1.005080
1.005120
1.005160
1.005160
1.005200
1.005200
1.005200
1.005240
1.005280
1.005280
1.005320
1.005360
1.005400
1.005440
1.005480
1.005520
1.005520
1.005560
1.005600
1.005640
1.005680
1.005720
1.005760
1.005800
1.005840
1.005880
1.005920
1.005960
1.006000
1.006040
1.006080
1.006080
1.006120
1.006160
1.006200
1.006240
1.006280
1.006280
1.006320
1.006320
1.006320
1.006360
1.006400
1.006440
1.006480
1.006520
1.006560
1.006560
1.006600
1.006600
1.006640
1.006640
1.006680
1.006680
1.006680
1.006680
1.006720
1.006760
1.006800
1.006840
1.006840
1.006880
1.006920
1.006960
1.006960
1.007000
1.007040
1.007040
1.007040
1.007040
1.007040
1.007080
1.007120
1.007120
1.007160
1.007160
1.007160
1.007200
1.007240
1.007280
1.007320
1.007360
1.007400
1.007440
1.007480
1.007520
1.007560
1.007600
1.007600
1.007640
1.007680
1.007720
1.007720
1.007720
1.007760
1.007800
1.007840
1.007840
1.007880
1.007920
1.007960
1.007960
1.008000
1.008040
1.008040
1.008080
1.008120
1.008160
1.008200
1.008240
1.008280
1.008280
1.008320
1.008320
1.008360
1.008400
1.008440
1.008480
1.008520
1.008560
1.008600
1.008640
1.008680
1.008720
1.008720
1.008760
1.008760
1.008800
1.008840
1.008880
1.008880
1.008920
1.008960
1.009000
1.009040
1.009080
1.009080
1.009120
1.009120
1.009160
1.009200
1.009240
1.009280
1.009320
1.009320
1.009360
1.009400
1.009440
1.009480
1.009480
1.009520
1.009560
1.009600
1.009640
1.009680
1.009720
1.009720
1.009760
1.009760
1.009760
1.009800
1.009840
1.009880
1.009880
1.009920
1.009960
1.009960
1.009960
1.010000
1.010000
1.010040
1.010080
1.010120
1.010160
1.010200
1.010200
1.010240
1.010280
1.010280
1.010320
1.010360
1.010400
1.010440
1.010480
1.010480
1.010520
1.010560
1.010600
1.010640
1.010680
1.010720
1.010760
1.010800
1.010840
1.010880
1.010920
1.010920
1.010960
1.011000
1.011000
1.011040
1.011080
1.011080
1.011120
1.011160
1.011200
1.011240
1.011280
1.011320
1.011360
1.011400
1.011440
1.011440
1.011480
1.011520
1.011560
1.011560
1.011600
1.011640
1.011640
1.011680
1.011720
1.011720
1.011760
1.011800
1.011840
1.011840
1.011880
1.011920
1.011960
1.011960
1.012000
1.012040
1.012080
1.012080
1.012120
1.012160
1.012200
1.012240
1.012280
1.012280
1.012320
1.012320
1.012360
1.012400
1.012400
1.012440
1.012480
1.012520
1.012560
1.012600
1.012640
1.012640
1.012680
1.012720
1.012720
1.012720
1.012760
1.012800
1.012840
1.012880
1.012880
1.012920
1.012920
1.012960
1.013000
1.013040
1.013080
1.013120
1.013120
1.013160
1.013200
1.013200
1.013200
1.013240
1.013240
1.013240
1.013280
1.013320
1.013360
1.013400
1.013440
1.013480
1.013520
1.013560
1.013600
1.013640
1.013680
1.013720
1.013760
1.013800
1.013840
1.013880
1.013880
1.013920
1.013960
1.014000
1.014040
1.014040
1.014080
1.014120
1.014120
1.014160
1.014160
1.014200
1.014240
1.014280
1.014280
1.014280
1.014320
1.014360
1.014400
1.014440
1.014480
1.014520
1.014560
1.014600
1.014640
1.014680
1.014720
1.014760
1.014800
1.014840
1.014840
1.014880
1.014920
1.014920
1.014960
1.015000
1.015040
1.015080
1.015120
1.015160
1.015200
1.015240
1.015240
1.015280
1.015320
1.015360
1.015400
1.015440
1.015480
1.015520
1.015560
1.015600
1.015640
1.015680
1.015720
1.015720
1.015760
1.015760
1.015800
1.015840
1.015880
1.015880
1.015880
1.015880
1.015920
1.015960
1.016000
1.016040
1.016080
1.016120
1.016120
1.016160
1.016160
1.016200
1.016240
1.016280
1.016280
1.016280
1.016320
1.016320
1.016320
1.016320
1.016360
1.016400
1.016400
1.016440
1.016440
1.016440
1.016480
1.016520
1.016520
1.016520
1.016560
1.016600
1.016640
1.016680
1.016720
1.016760
1.016760
1.016760
1.016800
1.016840
1.016880
1.016920
1.016920
1.016960
1.017000
1.017040
1.017080
1.017080
1.017120
1.017160
1.017200
1.017240
1.017280
1.017320
1.017360
1.017400
1.017440
1.017480
1.017520
1.017560
1.017600
1.017640
1.017680
1.017720
1.017760
1.017800
1.017840
1.017840
1.017880
1.017920
1.017960
1.018000
1.018040
1.018080
1.018080
1.018080
1.018120
1.018160
1.018200
1.018240
1.018280
1.018320
1.018360
1.018400
1.018440
1.018480
1.018520
1.018560
1.018560
1.018600
1.018640
1.018680
1.018720
1.018720
1.018760
1.018800
1.018840
1.018880
1.018880
1.018880
1.018920
1.018960
1.018960
1.018960
1.019000
1.019040
1.019080
1.019080
1.019120
1.019160
1.019200
1.019200
1.019240
1.019280
1.019320
1.019360
1.019400
1.019400
1.019440
1.019480
1.019520
1.019560
1.019600
1.019640
1.019640
1.019680
1.019720
1.019760
1.019800
1.019800
1.019840
1.019880
1.019880
1.019920
1.019960
1.020000
1.020040
1.020080
1.020080
1.020120
1.020160
1.020200
1.020240
1.020280
1.020320
1.020320
1.020360
1.020400
1.020440
1.020480
1.020520
1.020560
1.020560
1.020600
1.020640
1.020680
1.020720
1.020760
1.020800
1.020840
1.020880
1.020920
1.020960
1.021000
1.021000
1.021000
1.021040
1.021080
1.021120
1.021160
1.021200
1.021240
1.021280
1.021280
1.021320
1.021360
1.021400
1.021440
1.021480
1.021520
1.021560
1.021600
1.021640
1.021680
1.021720
1.021720
1.021720
1.021760
1.021800
1.021840
1.021880
1.021920
1.021920
1.021960
1.022000
1.022040
1.022040
1.022080
1.022120
1.022160
1.022200
1.022240
1.022280
1.022280
1.022320
1.022360
1.022400
1.022440
1.022480
1.022520
1.022560
1.022600
1.022640
1.022680
1.022720
1.022760
1.022800
1.022840
1.022880
1.022920
1.022960
1.023000
1.023040
1.023080
1.023080
1.023120
1.023120
1.023160
1.023160
1.023200
1.023240
1.023280
1.023320
1.023320
1.023360
1.023400
1.023400
1.023400
1.023440
1.023480
1.023520
1.023560
1.023600
1.023640
1.023680
1.023720
1.023760
1.023800
1.023840
1.023840
1.023880
1.023920
1.023960
1.024000
1.024040
1.024080
1.024120
1.024120
1.024160
1.024200
1.024240
1.024280
1.024320
1.024360
1.024400
1.024440
1.024480
1.024520
1.024560
1.024600
1.024640
1.024680
1.024720
1.024760
1.024760
1.024760
1.024760
1.024800
1.024840
1.024880
1.024920
1.024920
1.024960
1.025000
1.025040
1.025080
1.025120
1.025120
1.025160
1.025200
1.025240
1.025280
1.025320
1.025360
1.025400
1.025440
1.025480
1.025520
1.025520
1.025560
1.025560
1.025560
1.025600
1.025600
1.025640
1.025680
1.025720
1.025760
1.025800
1.025840
1.025880
1.025880
1.025920
1.025960
1.026000
1.026000
1.026040
1.026040
1.026080
1.026120
1.026160
1.026200
1.026240
1.026280
1.026320
1.026320
1.026360
1.026400
1.026440
1.026480
1.026520
1.026560
1.026600
1.026640
1.026680
1.026680
1.026720
1.026720
1.026760
1.026800
1.026840
1.026880
1.026880
1.026880
1.026920
1.026960
1.027000
1.027040
1.027080
1.027120
1.027120
1.027160
1.027200
1.027200
1.027240
1.027280
1.027320
1.027360
1.027400
1.027440
1.027440
1.027480
1.027520
1.027520
1.027560
1.027600
1.027600
1.027600
1.027640
1.027680
1.027720
1.027760
1.027760
1.027800
1.027840
1.027880
1.027920
1.027960
1.028000
1.028040
1.028080
1.028120
1.028120
1.028160
1.028200
1.028240
1.028280
1.028320
1.028360
1.028400
1.028440
1.028480
1.028520
1.028560
1.028560
1.028560
1.028600
1.028640
1.028640
1.028680
1.028720
1.028760
1.028800
1.028800
1.028800
1.028800
1.028800
1.028840
1.028880
1.028880
1.028920
1.028960
1.029000
1.029040
1.029040
1.029080
1.029120
1.029160
1.029200
1.029240
1.029280
1.029320
1.029360
1.029400
1.029440
1.029480
1.029480
1.029520
1.029560
1.029600
1.029640
1.029680
1.029720
1.029720
1.029720
1.029760
1.029800
1.029840
1.029840
1.029880
1.029920
1.029960
1.030000
1.030040
1.030040
1.030080
1.030120
1.030160
1.030200
1.030240
1.030240
1.030280
1.030320
1.030360
1.030400
1.030400
1.030440
1.030480
1.030520
1.030560
1.030600
1.030600
1.030640
1.030640
1.030680
1.030680
1.030720
1.030760
1.030800
1.030800
1.030840
1.030880
1.030920
1.030920
1.030960
1.030960
1.031000
1.031040
1.031040
1.031080
1.031120
1.031160
1.031160
1.031200
1.031240
1.031240
1.031240
1.031280
1.031320
1.031360
1.031400
1.031440
1.031480
1.031520
1.031520
1.031520
1.031560
1.031600
1.031640
1.031680
1.031680
1.031720
1.031760
1.031760
1.031800
1.031840
1.031840
1.031880
1.031920
1.031960
1.032000
1.032040
1.032080
1.032120
1.032160
1.032200
1.032240
1.032280
1.032280
1.032280
1.032320
1.032320
1.032360
1.032400
1.032440
1.032480
1.032480
1.032480
1.032520
1.032560
1.032560
1.032600
1.032640
1.032680
1.032720
1.032760
1.032800
1.032840
1.032840
1.032880
1.032920
1.032960
1.033000
1.033040
1.033080
1.033120
1.033160
1.033160
1.033200
1.033240
1.033280
1.033320
1.033360
1.033360
1.033400
1.033400
1.033400
1.033440
1.033480
1.033480
1.033520
1.033560
1.033560
1.033600
1.033640
1.033680
1.033720
1.033720
1.033760
1.033800
1.033840
1.033840
1.033880
1.033920
1.033920
1.033960
1.034000
1.034000
1.034040
1.034080
1.034120
1.034160
1.034160
1.034200
1.034240
1.034280
1.034320
1.034360
1.034360
1.034400
1.034400
1.034440
1.034480
1.034520
1.034560
1.034600
1.034640
1.034680
1.034720
1.034760
1.034800
1.034840
1.034880
1.034920
1.034960
1.035000
1.035040
1.035080
1.035120
1.035160
1.035160
1.035160
1.035160
1.035200
1.035240
1.035280
1.035320
1.035360
1.035360
1.035360
1.035400
1.035440
1.035480
1.035520
1.035560
1.035600
1.035640
1.035680
1.035720
1.035760
1.035760
1.035800
1.035840
1.035880
1.035920
1.035960
1.036000
1.036040
1.036080
1.036120
1.036160
1.036200
1.036240
1.036280
1.036320
1.036360
1.036360
1.036400
1.036440
1.036440
1.036480
1.036520
1.036560
1.036600
1.036640
1.036680
1.036720
1.036720
1.036760
1.036800
1.036840
1.036880
1.036880
1.036880
1.036920
1.036920
1.036960
1.037000
1.037000
1.037040
1.037080
1.037120
1.037160
1.037200
1.037240
1.037280
1.037320
1.037360
1.037400
1.037440
1.037480
1.037520
1.037560
1.037600
1.037640
1.037640
1.037680
1.037720
1.037720
1.037760
1.037760
1.037760
1.037800
1.037840
1.037880
1.037880
1.037920
1.037960
1.038000
1.038000
1.038040
1.038080
1.038120
1.038120
1.038160
1.038200
1.038240
1.038280
1.038280
1.038280
1.038320
1.038360
1.038400
1.038440
1.038480
1.038480
1.038520
1.038560
1.038600
1.038600
1.038600
1.038640
1.038680
1.038720
1.038760
1.038800
1.038840
1.038880
1.038920
1.038960
1.039000
1.039040
1.039080
1.039120
1.039160
1.039200
1.039240
1.039280
1.039320
1.039360
1.039400
1.039440
1.039440
1.039480
1.039520
1.039560
1.039600
1.039640
1.039680
1.039680
1.039680
1.039720
1.039760
1.039800
1.039800
1.039800
1.039840
1.039880
1.039920
1.039960
1.040000
1.040040
1.040080
1.040120
1.040160
1.040160
1.040200
1.040240
1.040240
1.040280
1.040280
1.040320
1.040360
1.040400
1.040400
1.040440
1.040480
1.040520
1.040560
1.040560
1.040600
1.040640
1.040640
1.040680
1.040680
1.040680
1.040720
1.040760
1.040800
1.040840
1.040840
1.040880
1.040920
1.040920
1.040920
1.040960
1.041000
1.041040
1.041040
1.041040
1.041040
1.041080
1.041120
1.041160
1.041200
1.041240
1.041280
1.041320
1.041360
1.041400
1.041440
1.041440
1.041480
1.041520
1.041560
1.041560
1.041560
1.041600
1.041640
1.041680
1.041720
1.041760
1.041800
1.041840
1.041880
1.041920
1.041920
1.041960
1.042000
1.042040
1.042080
1.042120
1.042160
1.042200
1.042240
1.042240
1.042280
1.042320
1.042360
1.042400
1.042440
1.042440
1.042480
1.042520
1.042560
1.042560
1.042600
1.042640
1.042680
1.042720
1.042760
1.042800
1.042800
1.042840
1.042880
1.042920
1.042960
1.043000
1.043040
1.043080
1.043120
1.043160
1.043200
1.043240
1.043240
1.043280
1.043320
1.043360
1.043400
1.043440
1.043480
1.043520
1.043560
1.043600
1.043640
1.043640
1.043680
1.043720
1.043720
1.043720
1.043720
1.043760
1.043800
1.043800
1.043840
1.043840
1.043880
1.043920
1.043960
1.044000
1.044000
1.044040
1.044080
1.044120
1.044160
1.044200
1.044240
1.044280
1.044320
1.044360
1.044400
1.044440
1.044480
1.044480
1.044520
1.044520
1.044520
1.044560
1.044600
1.044600
1.044640
1.044680
1.044720
1.044760
1.044800
1.044840
1.044840
1.044880
1.044920
1.044920
1.044960
1.044960
1.045000
1.045040
1.045080
1.045120
1.045160
1.045160
1.045160
1.045200
1.045240
1.045280
1.045280
1.045320
1.045360
1.045360
1.045400
1.045440
1.045440
1.045440
1.045480
1.045520
1.045520
1.045560
1.045600
1.045640
1.045680
1.045720
1.045760
1.045800
1.045800
1.045840
1.045880
1.045920
1.045960
1.046000
1.046040
1.046080
1.046120
1.046160
1.046200
1.046240
1.046280
1.046280
1.046320
1.046360
1.046360
1.046360
1.046400
1.046440
1.046480
1.046520
1.046560
1.046600
1.046640
1.046680
1.046720
1.046760
1.046800
1.046840
1.046880
1.046920
1.046960
1.046960
1.046960
1.047000
1.047040
1.047080
1.047120
1.047120
1.047160
1.047200
1.047240
1.047280
1.047320
1.047320
1.047360
1.047400
1.047440
1.047480
1.047520
1.047560
1.047600
1.047640
1.047680
1.047720
1.047760
1.047760
1.047760
1.047800
1.047840
1.047880
1.047920
1.047960
1.047960
1.048000
1.048040
1.048080
1.048080
1.048120
1.048160
1.048200
1.048240
1.048280
1.048280
1.048320
1.048320
1.048360
1.048400
1.048400
1.048440
1.048480
1.048520
1.048520
1.048560
1.048600
1.048600
1.048600
1.048640
1.048680
1.048720
1.048760
1.048800
1.048840
1.048880
1.048920
1.048960
1.048960
1.049000
1.049040
1.049080
1.049120
1.049160
1.049200
1.049200
1.049240
1.049280
1.049280
1.049320
1.049360
1.049360
1.049400
1.049440
1.049480
1.049520
1.049560
1.049560
1.049600
1.049600
1.049640
1.049680
1.049720
1.049720
1.049760
1.049800
1.049840
1.049840
1.049840
1.049840
1.049880
1.049920
1.049960
1.050000
1.050000
1.050000
1.050040
1.050080
1.050120
1.050160
1.050200
1.050240
1.050280
1.050280
1.050280
1.050320
1.050360
1.050360
1.050400
1.050440
1.050440
1.050480
1.050520
1.050520
1.050560
1.050600
1.050640
1.050680
1.050720
1.050720
1.050760
1.050800
1.050840
1.050840
1.050880
1.050880
1.050880
1.050920
1.050920
1.050960
1.051000
1.051040
1.051080
1.051120
1.051160
1.051200
1.051240
1.051280
1.051280
1.051320
1.051360
1.051400
1.051400
1.051440
1.051440
1.051480
1.051480
1.051520
1.051560
1.051600
1.051600
1.051640
1.051680
1.051680
1.051720
1.051760
1.051800
1.051840
1.051840
1.051880
1.051880
1.051920
1.051960
1.052000
1.052000
1.052040
1.052040
1.052040
1.052080
1.052120
1.052160
1.052200
1.052240
1.052240
1.052280
1.052320
1.052360
1.052360
1.052360
1.052400
1.052400
1.052440
1.052480
1.052520
1.052560
1.052560
1.052560
1.052600
1.052640
1.052680
1.052720
1.052760
1.052800
1.052800
1.052800
1.052840
1.052840
1.052880
1.052920
1.052960
1.053000
1.053040
1.053080
1.053120
1.053160
1.053200
1.053240
1.053280
1.053320
1.053360
1.053400
1.053400
1.053440
1.053480
1.053520
1.053560
1.053600
1.053640
1.053680
1.053720
1.053760
1.053800
1.053800
1.053840
1.053880
1.053920
1.053960
1.054000
1.054000
1.054040
1.054080
1.054080
1.054120
1.054160
1.054200
1.054240
1.054280
1.054320
1.054360
1.054400
1.054440
1.054480
1.054520
1.054520
1.054560
1.054560
1.054600
1.054640
1.054680
1.054720
1.054760
1.054760
1.054800
1.054800
1.054840
1.054840
1.054880
1.054880
1.054880
1.054880
1.054920
1.054960
1.055000
1.055040
1.055080
1.055080
1.055120
1.055160
1.055200
1.055240
1.055280
1.055280
1.055320
1.055360
1.055400
1.055440
1.055440
1.055480
1.055520
1.055560
1.055560
1.055600
1.055640
1.055680
1.055720
1.055760
1.055800
1.055840
1.055880
1.055920
1.055960
1.056000
1.056040
1.056080
1.056080
1.056120
1.056120
1.056160
1.056200
1.056240
1.056280
1.056280
1.056320
1.056360
1.056400
1.056440
1.056480
1.056480
1.056520
1.056560
1.056600
1.056600
1.056640
1.056680
1.056720
1.056760
1.056800
1.056800
1.056800
1.056840
1.056880
1.056880
1.056920
1.056960
1.057000
1.057040
1.057080
1.057120
1.057160
1.057200
1.057200
1.057240
1.057280
1.057320
1.057360
1.057400
1.057440
1.057480
1.057480
1.057520
1.057520
1.057520
1.057560
1.057600
1.057640
1.057680
1.057720
1.057760
1.057760
1.057800
1.057840
1.057840
1.057880
1.057920
1.057960
1.058000
1.058040
1.058080
1.058080
1.058120
1.058120
1.058160
1.058200
1.058240
1.058280
1.058280
1.058320
1.058360
1.058400
1.058440
1.058480
1.058520
1.058520
1.058520
1.058560
1.058560
1.058600
1.058640
1.058680
1.058720
1.058760
1.058800
1.058800
1.058840
1.058840
1.058880
1.058920
1.058960
1.059000
1.059000
1.059000
1.059000
1.059040
1.059080
1.059120
1.059160
1.059200
1.059240
1.059240
1.059280
1.059280
1.059280
1.059320
1.059360
1.059400
1.059400
1.059440
1.059440
1.059480
1.059520
1.059560
1.059600
1.059640
1.059680
1.059680
1.059680
1.059680
1.059720
1.059760
1.059800
1.059840
1.059880
1.059920
1.059960
1.060000
1.060040
1.060080
1.060120
1.060160
1.060200
1.060240
1.060240
1.060280
1.060320
1.060360
1.060400
1.060440
1.060480
1.060520
1.060560
1.060600
1.060640
1.060680
1.060680
1.060720
1.060760
1.060760
1.060800
1.060840
1.060840
1.060880
1.060920
1.060960
1.060960
1.061000
1.061040
1.061080
1.061120
1.061160
1.061200
1.061240
1.061280
1.061320
1.061360
1.061400
1.061440
1.061440
1.061480
1.061520
1.061520
1.061520
1.061560
1.061560
1.061600
1.061640
1.061680
1.061720
1.061760
1.061760
1.061800
1.061840
1.061880
1.061920
1.061960
1.062000
1.062000
1.062040
1.062080
1.062080
1.062120
1.062160
1.062200
1.062240
1.062280
1.062280
1.062320
1.062360
1.062400
1.062440
1.062480
1.062480
1.062480
1.062480
1.062520
1.062560
1.062560
1.062600
1.062640
1.062680
1.062720
1.062760
1.062800
1.062840
1.062840
1.062840
1.062840
1.062840
1.062880
1.062920
1.062960
1.063000
1.063040
1.063080
1.063120
1.063160
1.063200
1.063200
1.063240
1.063280
1.063320
1.063320
1.063360
1.063360
1.063360
1.063360
1.063400
1.063440
1.063480
1.063480
1.063480
1.063520
1.063560
1.063560
1.063600
1.063600
1.063640
1.063680
1.063720
1.063760
1.063800
1.063840
1.063880
1.063880
1.063920
1.063960
1.064000
1.064040
1.064040
1.064040
1.064080
1.064120
1.064160
1.064200
1.064200
1.064240
1.064280
1.064320
1.064360
1.064400
1.064440
1.064440
1.064480
1.064480
1.064520
1.064560
1.064600
1.064600
1.064640
1.064680
1.064720
1.064760
1.064800
1.064840
1.064880
1.064880
1.064920
1.064960
1.065000
1.065000
1.065040
1.065080
1.065080
1.065120
1.065160
1.065200
1.065240
1.065280
1.065320
1.065360
1.065400
1.065440
1.065480
1.065520
1.065560
1.065600
1.065640
1.065640
1.065680
1.065680
1.065680
1.065720
1.065760
1.065800
1.065840
1.065880
1.065880
1.065920
1.065960
1.065960
1.065960
1.066000
1.066040
1.066080
1.066120
1.066160
1.066200
1.066240
1.066280
1.066320
1.066360
1.066400
1.066440
1.066480
1.066520
1.066520
1.066560
1.066600
1.066640
1.066680
1.066720
1.066760
1.066800
1.066800
1.066840
1.066840
1.066880
1.066920
1.066960
1.067000
1.067040
1.067040
1.067040
1.067040
1.067080
1.067120
1.067160
1.067200
1.067200
1.067200
1.067240
1.067240
1.067280
1.067280
1.067320
1.067360
1.067400
1.067440
1.067480
1.067520
1.067560
1.067560
1.067560
1.067560
1.067600
1.067640
1.067680
1.067680
1.067680
1.067720
1.067760
1.067800
1.067840
1.067880
1.067880
1.067920
1.067920
1.067960
1.068000
1.068040
1.068080
1.068120
1.068120
1.068120
1.068160
1.068160
1.068200
1.068240
1.068280
1.068280
1.068320
1.068360
1.068400
1.068440
1.068480
1.068520
1.068520
1.068520
1.068520
1.068560
1.068600
1.068640
1.068680
1.068720
1.068760
1.068800
1.068840
1.068880
1.068880
1.068920
1.068960
1.069000
1.069040
1.069080
1.069080
1.069120
1.069160
1.069200
1.069240
1.069280
1.069320
1.069360
1.069400
1.069440
1.069440
1.069480
1.069480
1.069480
1.069520
1.069560
1.069560
1.069600
1.069640
1.069680
1.069720
1.069760
1.069800
1.069840
1.069840
1.069880
1.069920
1.069960
1.070000
1.070040
1.070080
1.070120
1.070160
1.070200
1.070240
1.070280
1.070320
1.070360
1.070400
1.070400
1.070440
1.070440
1.070480
1.070520
1.070560
1.070600
1.070640
1.070680
1.070720
1.070760
1.070800
1.070840
1.070840
1.070880
1.070920
1.070960
1.071000
1.071000
1.071040
1.071080
1.071120
1.071120
1.071160
1.071200
1.071240
1.071280
1.071320
1.071360
1.071400
1.071440
1.071480
1.071520
1.071560
1.071600
1.071640
1.071680
1.071680
1.071720
1.071760
1.071800
1.071800
1.071840
1.071880
1.071920
1.071960
1.072000
1.072040
1.072080
1.072120
1.072120
1.072160
1.072160
1.072200
1.072200
1.072240
1.072280
1.072320
1.072320
1.072360
1.072400
1.072440
1.072440
1.072480
1.072520
1.072560
1.072560
1.072600
1.072640
1.072680
1.072680
1.072720
1.072760
1.072800
1.072800
1.072800
1.072840
1.072880
1.072920
1.072960
1.073000
1.073040
1.073080
1.073120
1.073120
1.073160
1.073200
1.073200
1.073240
1.073280
1.073320
1.073360
1.073360
1.073360
1.073400
1.073440
1.073480
1.073480
1.073520
1.073520
1.073560
1.073560
1.073600
1.073640
1.073680
1.073720
1.073720
1.073720
1.073760
1.073760
1.073760
1.073800
1.073840
1.073880
1.073920
1.073960
1.074000
1.074000
1.074040
1.074080
1.074120
1.074160
1.074160
1.074160
1.074200
1.074200
1.074240
1.074280
1.074320
1.074360
1.074400
1.074440
1.074440
1.074480
1.074520
1.074560
1.074600
1.074640
1.074680
1.074680
1.074680
1.074720
1.074720
1.074760
1.074800
1.074800
1.074840
1.074840
1.074880
1.074920
1.074960
1.075000
1.075040
1.075080
1.075120
1.075160
1.075200
1.075240
1.075280
1.075320
1.075360
1.075400
1.075440
1.075440
1.075480
1.075520
1.075560
1.075600
1.075640
1.075680
1.075720
1.075720
1.075760
1.075800
1.075840
1.075840
1.075880
1.075920
1.075920
1.075960
1.075960
1.076000
1.076040
1.076040
1.076040
1.076080
1.076120
1.076160
1.076200
1.076200
1.076240
1.076280
1.076320
1.076360
1.076400
1.076400
1.076440
1.076480
1.076520
1.076560
1.076600
1.076600
1.076640
1.076680
1.076720
1.076760
1.076800
1.076840
1.076880
1.076920
1.076960
1.077000
1.077040
1.077080
1.077120
1.077160
1.077160
1.077200
1.077200
1.077240
1.077280
1.077280
1.077320
1.077360
1.077360
1.077400
1.077440
1.077480
1.077520
1.077560
1.077600
1.077640
1.077640
1.077640
1.077680
1.077720
1.077720
1.077760
1.077800
1.077840
1.077840
1.077880
1.077880
1.077920
1.077960
1.078000
1.078040
1.078080
1.078120
1.078160
1.078200
1.078200
1.078240
1.078280
1.078320
1.078360
1.078400
1.078440
1.078440
1.078480
1.078520
1.078520
1.078560
1.078560
1.078600
1.078640
1.078680
1.078720
1.078760
1.078800
1.078840
1.078880
1.078880
1.078880
1.078880
1.078920
1.078960
1.079000
1.079040
1.079080
1.079120
1.079160
1.079200
1.079240
1.079280
1.079280
1.079320
1.079360
1.079400
1.079440
1.079480
1.079520
1.079560
1.079600
1.079640
1.079680
1.079680
1.079720
1.079760
1.079800
1.079840
1.079880
1.079920
1.079960
1.080000
1.080040
1.080040
1.080080
1.080080
1.080080
1.080080
1.080120
1.080160
1.080200
1.080200
1.080240
1.080280
1.080320
1.080360
1.080400
1.080440
1.080440
1.080440
1.080480
1.080520
1.080520
1.080560
1.080600
1.080640
1.080680
1.080720
1.080720
1.080720
1.080760
1.080800
1.080840
1.080880
1.080920
1.080960
1.081000
1.081040
1.081080
1.081120
1.081120
1.081160
1.081200
1.081200
1.081200
1.081240
1.081280
1.081280
1.081320
1.081360
1.081400
1.081440
1.081480
1.081520
1.081560
1.081600
1.081640
1.081680
1.081720
1.081760
1.081800
1.081840
1.081880
1.081880
1.081920
1.081960
1.082000
1.082040
1.082080
1.082120
1.082120
1.082160
1.082200
1.082240
1.082280
1.082320
1.082360
1.082400
1.082440
1.082440
1.082480
1.082520
1.082560
1.082600
1.082640
1.082680
1.082680
1.082720
1.082760
1.082800
1.082800
1.082840
1.082880
1.082880
1.082920
1.082960
1.083000
1.083040
1.083080
1.083120
1.083160
1.083200
1.083240
1.083280
1.083280
1.083320
1.083320
1.083320
1.083320
1.083360
1.083400
1.083440
1.083480
1.083520
1.083560
1.083600
1.083600
1.083640
1.083680
1.083720
1.083760
1.083800
1.083840
1.083880
1.083920
1.083920
1.083960
1.084000
1.084040
1.084040
1.084080
1.084120
1.084160
1.084160
1.084200
1.084240
1.084280
1.084320
1.084360
1.084400
1.084400
1.084440
1.084440
1.084440
1.084480
1.084520
1.084520
1.084560
1.084600
1.084640
1.084640
1.084680
1.084720
1.084720
1.084760
1.084800
1.084840
1.084880
1.084880
1.084920
1.084960
1.084960
1.085000
1.085040
1.085080
1.085120
1.085160
1.085160
1.085200
1.085240
1.085280
1.085280
1.085320
1.085320
1.085360
1.085400
1.085440
1.085440
1.085480
1.085520
1.085520
1.085560
1.085600
1.085600
1.085640
1.085640
1.085680
1.085720
1.085760
1.085800
1.085840
1.085880
1.085920
1.085960
1.085960
1.086000
1.086040
1.086080
1.086080
1.086120
1.086160
1.086160
1.086200
1.086200
1.086240
1.086280
1.086320
1.086360
1.086400
1.086440
1.086440
1.086480
1.086520
1.086560
1.086600
1.086640
1.086680
1.086720
1.086760
1.086760
1.086800
1.086840
1.086880
1.086920
1.086960
1.087000
1.087040
1.087080
1.087120
1.087160
1.087200
1.087240
1.087280
1.087320
1.087360
1.087400
1.087400
1.087440
1.087480
1.087520
1.087560
1.087560
1.087560
1.087560
1.087600
1.087640
1.087680
1.087720
1.087760
1.087800
1.087840
1.087840
1.087880
1.087920
1.087960
1.088000
1.088000
1.088000
1.088040
1.088080
1.088120
1.088160
1.088200
1.088200
1.088240
1.088280
1.088320
1.088360
1.088360
1.088400
1.088440
1.088480
1.088520
1.088560
1.088600
1.088600
1.088600
1.088640
1.088640
1.088680
1.088720
1.088720
1.088760
1.088800
1.088840
1.088880
1.088920
1.088960
1.089000
1.089040
1.089040
1.089040
1.089040
1.089040
1.089080
1.089080
1.089120
1.089160
1.089200
1.089240
1.089280
1.089320
1.089360
1.089360
1.089400
1.089440
1.089480
1.089520
1.089560
1.089600
1.089640
1.089680
1.089720
1.089760
1.089760
1.089760
1.089800
1.089800
1.089800
1.089840
1.089840
1.089840
1.089880
1.089880
1.089920
1.089960
1.090000
1.090040
1.090080
1.090120
1.090160
1.090200
1.090240
1.090280
1.090320
1.090360
1.090400
1.090440
1.090480
1.090520
1.090560
1.090600
1.090600
1.090640
1.090640
1.090680
1.090720
1.090760
1.090800
1.090840
1.090880
1.090920
1.090920
1.090960
1.091000
1.091040
1.091080
1.091120
1.091160
1.091200
1.091200
1.091240
1.091280
1.091320
1.091360
1.091360
1.091400
1.091440
1.091480
1.091520
1.091560
1.091560
1.091600
1.091640
1.091640
1.091640
1.091680
1.091720
1.091720
1.091760
1.091800
1.091840
1.091840
1.091880
1.091920
1.091960
1.092000
1.092040
1.092040
1.092040
1.092040
1.092080
1.092120
1.092160
1.092200
1.092240
1.092240
1.092280
1.092320
1.092360
1.092360
1.092400
1.092440
1.092480
1.092480
1.092520
1.092560
1.092560
1.092600
1.092600
1.092640
1.092680
1.092720
1.092760
1.092800
1.092800
1.092840
1.092880
1.092920
1.092960
1.093000
1.093040
1.093080
1.093080
1.093080
1.093080
1.093120
1.093160
1.093200
1.093200
1.093240
1.093280
1.093280
1.093320
1.093320
1.093360
1.093400
1.093440
1.093480
1.093520
1.093560
1.093600
1.093640
1.093680
1.093720
1.093720
1.093760
1.093760
1.093760
1.093760
1.093800
1.093840
1.093880
1.093880
1.093920
1.093960
1.093960
1.093960
1.094000
1.094040
1.094080
1.094120
1.094160
1.094200
1.094240
1.094280
1.094320
1.094320
1.094360
1.094400
1.094400
1.094440
1.094480
1.094520
1.094520
1.094560
1.094600
1.094640
1.094680
1.094720
1.094760
1.094800
1.094840
1.094880
1.094920
1.094960
1.095000
1.095040
1.095080
1.095120
1.095160
1.095200
1.095240
1.095280
1.095320
1.095360
1.095400
1.095440
1.095480
1.095520
1.095520
1.095560
1.095600
1.095600
1.095640
1.095680
1.095720
1.095760
1.095800
1.095840
1.095840
1.095880
1.095880
1.095880
1.095920
1.095960
1.096000
1.096040
1.096080
1.096080
1.096120
1.096160
1.096200
1.096200
1.096240
1.096280
1.096320
1.096360
1.096400
1.096440
1.096480
1.096520
1.096560
1.096600
1.096640
1.096680
1.096720
1.096720
1.096760
1.096800
1.096840
1.096880
1.096920
1.096960
1.097000
1.097000
1.097000
1.097000
1.097040
1.097080
1.097120
1.097160
1.097200
1.097240
1.097280
1.097320
1.097360
1.097360
1.097400
1.097440
1.097480
1.097520
1.097560
1.097600
1.097640
1.097640
1.097640
1.097680
1.097720
1.097720
1.097760
1.097800
1.097840
1.097880
1.097920
1.097920
1.097960
1.098000
1.098000
1.098040
1.098080
1.098080
1.098120
1.098160
1.098160
1.098200
1.098200
1.098240
1.098280
1.098320
1.098360
1.098400
1.098400
1.098400
1.098440
1.098480
1.098480
1.098480
1.098520
1.098560
1.098600
1.098640
1.098680
1.098680
1.098680
1.098720
1.098760
1.098800
1.098840
1.098880
1.098880
1.098920
1.098960
1.099000
1.099000
1.099040
1.099080
1.099120
1.099120
1.099160
1.099200
1.099240
1.099280
1.099280
1.099320
1.099360
1.099400
1.099440
1.099480
1.099520
1.099560
1.099560
1.099600
1.099640
1.099640
1.099680
1.099720
1.099760
1.099800
1.099840
1.099880
1.099920
1.099960
1.100000
1.100000
1.100040
1.100080
1.100120
1.100160
1.100200
1.100200
1.100240
1.100280
1.100320
1.100360
1.100400
1.100440
1.100480
1.100520
1.100560
1.100600
1.100640
1.100680
1.100720
1.100720
1.100760
1.100800
1.100800
1.100840
1.100880
1.100920
1.100960
1.101000
1.101000
1.101040
1.101040
1.101080
1.101120
1.101120
1.101160
1.101200
1.101240
1.101280
1.101320
1.101360
1.101400
1.101440
1.101480
1.101480
1.101480
1.101520
1.101560
1.101560
1.101600
1.101640
1.101680
1.101680
1.101720
1.101720
1.101720
1.101720
1.101720
1.101760
1.101800
1.101800
1.101840
1.101880
1.101920
1.101960
1.102000
1.102040
1.102080
1.102080
1.102120
1.102160
1.102200
1.102240
1.102280
1.102320
1.102360
1.102360
1.102360
1.102400
1.102440
1.102440
1.102480
1.102520
1.102560
1.102560
1.102600
1.102640
1.102680
1.102680
1.102720
1.102760
1.102800
1.102840
1.102840
1.102840
1.102880
1.102920
1.102960
1.103000
1.103040
1.103080
1.103120
1.103160
1.103200
1.103240
1.103280
1.103280
1.103320
1.103360
1.103400
1.103440
1.103480
1.103480
1.103520
1.103560
1.103600
1.103640
1.103680
1.103720
1.103760
1.103800
1.103800
1.103840
1.103840
1.103840
1.103880
1.103920
1.103960
1.104000
1.104040
1.104080
1.104120
1.104160
1.104200
1.104240
1.104280
1.104320
1.104360
1.104400
1.104440
1.104480
1.104520
1.104560
1.104600
1.104640
1.104680
1.104680
1.104680
1.104680
1.104680
1.104680
1.104680
1.104680
1.104720
1.104760
1.104760
1.104800
1.104840
1.104880
1.104920
1.104960
1.105000
1.105000
1.105040
1.105080
1.105120
1.105120
1.105160
1.105200
1.105240
1.105280
1.105280
1.105280
1.105320
1.105360
1.105360
1.105400
1.105440
1.105480
1.105520
1.105560
1.105600
1.105640
1.105680
1.105720
1.105760
1.105800
1.105840
1.105880
1.105920
1.105960
1.106000
1.106040
1.106040
1.106080
1.106120
1.106160
1.106200
1.106200
1.106240
1.106280
1.106320
1.106360
1.106400
1.106440
1.106480
1.106520
1.106520
1.106560
1.106600
1.106640
1.106680
1.106720
1.106760
1.106800
1.106840
1.106880
1.106920
1.106960
1.107000
1.107040
1.107080
1.107120
1.107160
1.107200
1.107240
1.107240
1.107280
1.107280
1.107280
1.107280
1.107320
1.107360
1.107400
1.107440
1.107440
1.107480
1.107520
1.107560
1.107600
1.107640
1.107680
1.107720
1.107760
1.107760
1.107800
1.107800
1.107840
1.107840
1.107840
1.107880
1.107880
1.107920
1.107960
1.108000
1.108040
1.108080
1.108120
1.108160
1.108200
1.108200
1.108240
1.108280
1.108320
1.108360
1.108400
1.108440
1.108480
1.108520
1.108560
1.108600
1.108640
1.108640
1.108680
1.108720
1.108760
1.108800
1.108840
1.108880
1.108920
1.108960
1.109000
1.109000
1.109040
1.109080
1.109120
1.109160
1.109200
1.109240
1.109280
1.109320
1.109360
1.109400
1.109400
1.109440
1.109480
1.109520
1.109560
1.109600
1.109640
1.109680
1.109720
1.109760
1.109760
1.109800
1.109840
1.109880
1.109920
1.109960
1.110000
1.110040
1.110080
1.110120
1.110160
1.110160
1.110200
1.110240
1.110240
1.110240
1.110280
1.110280
1.110320
1.110360
1.110400
1.110440
1.110480
1.110520
1.110560
1.110600
1.110640
1.110680
1.110720
1.110760
1.110800
1.110800
1.110840
1.110880
1.110920
1.110960
1.111000
1.111040
1.111080
1.111120
1.111160
1.111200
1.111200
1.111240
1.111280
1.111280
1.111320
1.111320
1.111360
1.111400
1.111440
1.111440
1.111480
1.111520
1.111560
1.111600
1.111640
1.111680
1.111720
1.111720
1.111760
1.111800
1.111840
1.111840
1.111880
1.111920
1.111960
1.112000
1.112040
1.112040
1.112080
1.112120
1.112120
1.112120
1.112160
1.112200
1.112240
1.112240
1.112280
1.112320
1.112360
1.112360
1.112400
1.112440
1.112480
1.112520
1.112560
1.112560
1.112600
1.112640
1.112680
1.112680
1.112720
1.112760
1.112760
1.112760
1.112800
1.112800
1.112840
1.112880
1.112880
1.112880
1.112920
1.112920
1.112960
1.112960
1.113000
1.113000
1.113000
1.113040
1.113080
1.113080
1.113120
1.113120
1.113120
1.113160
1.113160
1.113200
1.113240
1.113280
1.113280
1.113320
1.113360
1.113400
1.113440
1.113440
1.113480
1.113480
1.113480
1.113520
1.113560
1.113600
1.113640
1.113680
1.113720
1.113720
1.113760
1.113800
1.113840
1.113880
1.113920
1.113960
1.114000
1.114040
1.114040
1.114080
1.114120
1.114160
1.114200
1.114240
1.114280
1.114320
1.114360
1.114360
1.114360
1.114400
1.114440
1.114440
1.114480
1.114480
1.114520
1.114560
1.114600
1.114640
1.114680
1.114720
1.114760
1.114800
1.114800
1.114840
1.114880
1.114880
1.114880
1.114920
1.114960
1.114960
1.115000
1.115040
1.115080
1.115120
1.115160
1.115160
1.115200
1.115240
1.115280
1.115320
1.115360
1.115400
1.115440
1.115480
1.115520
1.115560
1.115600
1.115640
1.115640
1.115680
1.115720
1.115720
1.115760
1.115760
1.115800
1.115840
1.115880
1.115920
1.115960
1.116000
1.116000
1.116040
1.116040
1.116040
1.116080
1.116120
1.116160
1.116200
1.116240
1.116240
1.116280
1.116320
1.116360
1.116360
1.116360
1.116400
1.116440
1.116480
1.116520
1.116560
1.116600
1.116640
1.116680
1.116720
1.116760
1.116760
1.116800
1.116840
1.116880
1.116920
1.116920
1.116920
1.116960
1.116960
1.117000
1.117040
1.117080
1.117120
1.117160
1.117200
1.117240
1.117240
1.117240
1.117280
1.117320
1.117360
1.117400
1.117440
1.117480
1.117520
1.117520
1.117560
1.117600
1.117640
1.117680
1.117720
1.117720
1.117760
1.117800
1.117800
1.117840
1.117880
1.117880
1.117920
1.117960
1.118000
1.118040
1.118080
1.118080
1.118120
1.118160
1.118160
1.118200
1.118200
1.118200
1.118240
1.118280
1.118320
1.118360
1.118400
1.118440
1.118480
1.118480
1.118520
1.118560
1.118600
1.118640
1.118680
1.118720
1.118760
1.118800
1.118840
1.118880
1.118920
1.118960
1.119000
1.119040
1.119080
1.119120
1.119120
1.119160
1.119200
1.119240
1.119280
1.119280
1.119320
1.119360
1.119400
1.119440
1.119480
1.119480
1.119520
1.119560
1.119560
1.119600
1.119640
1.119680
1.119720
1.119760
1.119800
1.119840
1.119840
1.119880
1.119920
1.119960
1.120000
1.120040
1.120080
1.120120
1.120160
1.120200
1.120240
1.120280
1.120320
1.120360
1.120360
1.120400
1.120440
1.120480
1.120520
1.120560
1.120600
1.120640
1.120680
1.120720
1.120720
1.120720
1.120760
1.120760
1.120800
1.120840
1.120880
1.120920
1.120960
1.121000
1.121000
1.121040
1.121080
1.121120
1.121160
1.121200
1.121240
1.121280
1.121320
1.121320
1.121360
1.121400
1.121440
1.121480
1.121520
1.121520
1.121520
1.121520
1.121560
1.121600
1.121640
1.121680
1.121720
1.121760
1.121760
1.121800
1.121840
1.121880
1.121920
1.121960
1.121960
1.121960
1.122000
1.122040
1.122080
1.122120
1.122160
1.122160
1.122160
1.122200
1.122240
1.122280
1.122320
1.122360
1.122400
1.122440
1.122480
1.122520
1.122520
1.122560
1.122600
1.122640
1.122680
1.122720
1.122760
1.122800
1.122840
1.122880
1.122920
1.122920
1.122920
1.122920
1.122960
1.123000
1.123040
1.123080
1.123120
1.123120
1.123120
1.123160
1.123160
1.123160
1.123200
1.123240
1.123280
1.123280
1.123320
1.123360
1.123400
1.123400
1.123400
1.123440
1.123480
1.123520
1.123560
1.123560
1.123600
1.123640
1.123680
1.123720
1.123760
1.123800
1.123840
1.123840
1.123880
1.123880
1.123880
1.123880
1.123920
1.123960
1.124000
1.124040
1.124080
1.124080
1.124080
1.124120
1.124160
1.124200
1.124240
1.124280
1.124320
1.124360
1.124400
1.124440
1.124480
1.124520
1.124520
1.124560
1.124600
1.124640
1.124680
1.124680
1.124720
1.124760
1.124760
1.124800
1.124840
1.124880
1.124920
1.124960
1.125000
1.125040
1.125080
1.125120
1.125160
1.125200
1.125200
1.125240
1.125280
1.125280
1.125320
1.125360
1.125360
1.125400
1.125440
1.125480
1.125520
1.125560
1.125560
1.125600
1.125640
1.125680
1.125680
1.125720
1.125720
1.125760
1.125760
1.125760
1.125760
1.125760
1.125800
1.125840
1.125880
1.125920
1.125960
1.126000
1.126000
1.126000
1.126040
1.126080
1.126120
1.126160
1.126200
1.126240
1.126240
1.126280
1.126320
1.126360
1.126360
1.126400
1.126440
1.126480
1.126520
1.126560
1.126600
1.126640
1.126680
1.126720
1.126760
1.126800
1.126800
1.126840
1.126880
1.126920
1.126960
1.127000
1.127040
1.127080
1.127080
1.127120
1.127120
1.127160
1.127200
1.127240
1.127280
1.127320
1.127360
1.127400
1.127440
1.127480
1.127480
1.127520
1.127560
1.127600
1.127640
1.127680
1.127720
1.127720
1.127720
1.127760
1.127800
1.127840
1.127880
1.127920
1.127960
1.128000
1.128040
1.128080
1.128080
1.128080
1.128120
1.128160
1.128160
1.128160
1.128160
1.128200
1.128240
1.128240
1.128280
1.128320
1.128320
1.128320
1.128360
1.128400
1.128440
1.128480
1.128520
1.128560
1.128600
1.128640
1.128680
1.128720
1.128760
1.128800
1.128840
1.128880
1.128920
1.128960
1.128960
1.129000
1.129000
1.129000
1.129040
1.129080
1.129080
1.129120
1.129160
1.129200
1.129240
1.129280
1.129320
1.129360
1.129400
1.129440
1.129480
1.129520
1.129560
1.129600
1.129640
1.129680
1.129720
1.129760
1.129800
1.129840
1.129880
1.129920
1.129960
1.130000
1.130040
1.130080
1.130120
1.130160
1.130200
1.130240
1.130280
1.130320
1.130360
1.130400
1.130440
1.130480
1.130480
1.130520
1.130560
1.130600
1.130600
1.130600
1.130640
1.130680
1.130720
1.130760
1.130800
1.130840
1.130840
1.130880
1.130920
1.130960
1.131000
1.131040
1.131080
1.131120
1.131160
1.131160
1.131200
1.131240
1.131280
1.131320
1.131320
1.131360
1.131400
1.131400
1.131440
1.131480
1.131520
1.131560
1.131600
1.131640
1.131640
1.131680
1.131720
1.131760
1.131800
1.131800
1.131840
1.131880
1.131920
1.131960
1.132000
1.132040
1.132040
1.132080
1.132120
1.132120
1.132160
1.132200
1.132240
1.132240
1.132280
1.132320
1.132360
1.132360
1.132360
1.132400
1.132440
1.132480
1.132520
1.132520
1.132560
1.132600
1.132600
1.132640
1.132680
1.132720
1.132760
1.132800
1.132800
1.132840
1.132840
1.132880
1.132880
1.132920
1.132960
1.132960
1.132960
1.133000
1.133000
1.133040
1.133080
1.133120
1.133120
1.133160
1.133200
1.133200
1.133240
1.133280
1.133320
1.133360
1.133360
1.133400
1.133440
1.133480
1.133480
1.133520
1.133560
1.133600
1.133640
1.133680
1.133680
1.133680
1.133720
1.133760
1.133800
1.133840
1.133840
1.133880
1.133920
1.133960
1.133960
1.134000
1.134040
1.134080
1.134120
1.134160
1.134200
1.134200
1.134200
1.134200
1.134200
1.134240
1.134280
1.134280
1.134280
1.134280
1.134320
1.134320
1.134360
1.134400
1.134440
1.134440
1.134480
1.134520
1.134560
1.134600
1.134640
1.134680
1.134720
1.134720
1.134720
1.134760
1.134800
1.134800
1.134840
1.134880
1.134920
1.134960
1.134960
1.135000
1.135040
1.135080
1.135080
1.135120
1.135120
1.135160
1.135200
1.135200
1.135240
1.135240
1.135280
1.135280
1.135320
1.135360
1.135400
1.135440
1.135440
1.135480
1.135520
1.135560
1.135600
1.135640
1.135640
1.135640
1.135680
1.135720
1.135760
1.135800
1.135840
1.135840
1.135880
1.135920
1.135960
1.136000
1.136040
1.136040
1.136080
1.136120
1.136160
1.136200
1.136200
1.136200
1.136240
1.136240
1.136280
1.136320
1.136320
1.136360
1.136400
1.136400
1.136440
1.136480
1.136520
1.136560
1.136560
1.136600
1.136640
1.136680
1.136680
1.136720
1.136720
1.136760
1.136800
1.136800
1.136800
1.136840
1.136880
1.136880
1.136920
1.136960
1.136960
1.136960
1.136960
1.137000
1.137000
1.137040
1.137080
1.137080
1.137120
1.137120
1.137160
1.137200
1.137240
1.137240
1.137280
1.137320
1.137360
1.137400
1.137440
1.137480
1.137520
1.137560
1.137600
1.137640
1.137640
1.137680
1.137720
1.137760
1.137800
1.137840
1.137880
1.137920
1.137960
1.138000
1.138040
1.138080
1.138120
1.138160
1.138200
1.138240
1.138280
1.138320
1.138360
1.138400
1.138440
1.138440
1.138480
1.138520
1.138520
1.138560
1.138600
1.138640
1.138680
1.138720
1.138760
1.138800
1.138840
1.138880
1.138920
1.138920
1.138920
1.138960
1.139000
1.139040
1.139080
1.139120
1.139160
1.139200
1.139240
1.139280
1.139320
1.139360
1.139400
1.139440
1.139440
1.139480
1.139520
1.139560
1.139600
1.139640
1.139640
1.139640
1.139680
1.139680
1.139680
1.139680
1.139720
1.139760
1.139760
1.139800
1.139840
1.139880
1.139920
1.139960
1.140000
1.140040
1.140080
1.140120
1.140120
1.140160
1.140200
1.140240
1.140280
1.140320
1.140360
1.140400
1.140440
1.140480
1.140520
1.140520
1.140560
1.140600
1.140640
1.140680
1.140720
1.140720
1.140760
1.140800
1.140840
1.140880
1.140880
1.140920
1.140960
1.141000
1.141040
1.141040
1.141080
1.141120
1.141160
1.141200
1.141240
1.141280
1.141280
1.141320
1.141360
1.141400
1.141400
1.141440
1.141480
1.141520
1.141560
1.141600
1.141640
1.141680
1.141720
1.141720
1.141760
1.141800
1.141840
1.141840
1.141880
1.141920
1.141960
1.142000
1.142000
1.142000
1.142040
1.142080
1.142120
1.142160
1.142200
1.142240
1.142280
1.142320
1.142320
1.142360
1.142360
1.142400
1.142440
1.142480
1.142520
1.142560
1.142600
1.142640
1.142640
1.142680
1.142680
1.142680
1.142720
1.142760
1.142760
1.142800
1.142840
1.142880
1.142920
1.142960
1.143000
1.143040
1.143040
1.143040
1.143080
1.143080
1.143120
1.143160
1.143200
1.143240
1.143280
1.143320
1.143360
1.143400
1.143440
1.143480
1.143520
1.143520
1.143560
1.143600
1.143640
1.143680
1.143720
1.143760
1.143800
1.143840
1.143880
1.143880
1.143920
1.143920
1.143960
1.144000
1.144040
1.144080
1.144120
1.144160
1.144200
1.144240
1.144280
1.144320
1.144360
1.144400
1.144440
1.144480
1.144520
1.144560
1.144600
1.144640
1.144680
1.144720
1.144760
1.144800
1.144840
1.144880
1.144920
1.144960
1.145000
1.145040
1.145040
1.145080
1.145120
1.145120
1.145160
1.145160
1.145200
1.145240
1.145240
1.145240
1.145280
1.145320
1.145360
1.145400
1.145400
1.145440
1.145480
1.145520
1.145560
1.145600
1.145640
1.145680
1.145720
1.145760
1.145800
1.145840
1.145880
1.145920
1.145920
1.145960
1.146000
1.146040
1.146080
1.146120
1.146160
1.146200
1.146200
1.146240
1.146280
1.146320
1.146360
1.146400
1.146440
1.146440
1.146480
1.146520
1.146560
1.146600
1.146640
1.146680
1.146680
1.146720
1.146760
1.146760
1.146760
1.146800
1.146840
1.146840
1.146880
1.146920
1.146960
1.147000
1.147000
1.147040
1.147080
1.147080
1.147120
1.147160
1.147200
1.147240
1.147280
1.147320
1.147360
1.147400
1.147440
1.147440
1.147480
1.147520
1.147520
1.147560
1.147600
1.147640
1.147640
1.147680
1.147680
1.147720
1.147760
1.147800
1.147840
1.147880
1.147920
1.147960
1.148000
1.148040
1.148080
1.148120
1.148160
1.148200
1.148240
1.148280
1.148320
1.148360
1.148400
1.148440
1.148480
1.148520
1.148520
1.148560
1.148600
1.148640
1.148640
1.148680
1.148720
1.148720
1.148760
1.148800
1.148840
1.148880
1.148880
1.148880
1.148920
1.148960
1.149000
1.149040
1.149080
1.149120
1.149160
1.149160
1.149200
1.149240
1.149280
1.149320
1.149360
1.149360
1.149400
1.149440
1.149440
1.149480
1.149520
1.149560
1.149600
1.149640
1.149680
1.149680
1.149720
1.149720
1.149720
1.149720
1.149760
1.149760
1.149800
1.149840
1.149880
1.149920
1.149920
1.149960
1.150000
1.150040
1.150080
1.150120
1.150160
1.150200
1.150240
1.150240
1.150280
1.150320
1.150360
1.150360
1.150400
1.150440
1.150480
1.150480
1.150520
1.150560
1.150600
1.150640
1.150680
1.150680
1.150720
1.150760
1.150800
1.150840
1.150840
1.150880
1.150920
1.150960
1.151000
1.151000
1.151040
1.151040
1.151080
1.151120
1.151120
1.151160
1.151200
1.151240
1.151280
1.151320
1.151360
1.151400
1.151440
1.151480
1.151520
1.151520
1.151520
1.151560
1.151600
1.151640
1.151680
1.151680
1.151720
1.151760
1.151760
1.151800
1.151840
1.151880
1.151920
1.151920
1.151920
1.151960
1.151960
1.152000
1.152040
1.152080
1.152120
1.152160
1.152200
1.152200
1.152240
1.152280
1.152280
1.152320
1.152360
1.152400
1.152440
1.152480
1.152520
1.152560
1.152600
1.152640
1.152680
1.152720
1.152720
1.152760
1.152800
1.152840
1.152880
1.152920
1.152920
1.152960
1.153000
1.153040
1.153080
1.153120
1.153120
1.153120
1.153120
1.153160
1.153200
1.153240
1.153280
1.153320
1.153360
1.153400
1.153440
1.153480
1.153520
1.153560
1.153600
1.153640
1.153680
1.153720
1.153720
1.153760
1.153800
1.153840
1.153880
1.153920
1.153920
1.153960
1.153960
1.154000
1.154040
1.154080
1.154080
1.154120
1.154120
1.154160
1.154160
1.154160
1.154200
1.154200
1.154240
1.154280
1.154320
1.154360
1.154400
1.154400
1.154440
1.154480
1.154520
1.154560
1.154600
1.154640
1.154680
1.154720
1.154760
1.154800
1.154800
1.154840
1.154880
1.154920
1.154960
1.155000
1.155000
1.155040
1.155040
1.155080
1.155120
1.155160
1.155200
1.155240
1.155240
1.155280
1.155320
1.155320
1.155360
1.155400
1.155440
1.155480
1.155520
1.155560
1.155560
1.155560
1.155560
1.155600
1.155600
1.155640
1.155680
1.155720
1.155760
1.155800
1.155800
1.155840
1.155840
1.155880
1.155920
1.155960
1.155960
1.156000
1.156040
1.156040
1.156080
1.156120
1.156120
1.156160
1.156200
1.156200
1.156240
1.156280
1.156320
1.156360
1.156400
1.156400
1.156400
1.156400
1.156440
1.156480
1.156480
1.156520
1.156560
1.156600
1.156640
1.156680
1.156720
1.156760
1.156800
1.156840
1.156880
1.156920
1.156960
1.156960
1.157000
1.157040
1.157080
1.157120
1.157120
1.157160
1.157200
1.157240
1.157280
1.157320
1.157320
1.157360
1.157360
1.157400
1.157440
1.157480
1.157520
1.157560
1.157600
1.157640
1.157680
1.157720
1.157760
1.157800
1.157840
1.157840
1.157840
1.157880
1.157920
1.157920
1.157960
1.158000
1.158040
1.158080
1.158120
1.158120
1.158120
1.158120
1.158120
1.158160
1.158200
1.158240
1.158240
1.158280
1.158320
1.158360
1.158360
1.158400
1.158440
1.158480
1.158480
1.158480
1.158480
1.158520
1.158520
1.158560
1.158600
1.158640
1.158680
1.158720
1.158760
1.158800
1.158840
1.158880
1.158920
1.158960
1.159000
1.159040
1.159080
1.159120
1.159160
1.159200
1.159200
1.159240
1.159280
1.159320
1.159360
1.159400
1.159400
1.159440
1.159480
1.159520
1.159560
1.159600
1.159640
1.159680
1.159720
1.159760
1.159800
1.159840
1.159880
1.159880
1.159920
1.159960
1.160000
1.160040
1.160080
1.160120
1.160160
1.160200
1.160200
1.160200
1.160240
1.160280
1.160320
1.160320
1.160360
1.160360
1.160400
1.160440
1.160480
1.160520
1.160560
1.160600
1.160640
1.160680
1.160680
1.160720
1.160760
1.160800
1.160800
1.160800
1.160840
1.160880
1.160920
1.160960
1.161000
1.161040
1.161040
1.161080
1.161120
1.161120
1.161160
1.161200
1.161200
1.161240
1.161280
1.161280
1.161320
1.161320
1.161360
1.161400
1.161400
1.161440
1.161480
1.161480
1.161520
1.161560
1.161560
1.161560
1.161600
1.161640
1.161680
1.161720
1.161760
1.161800
1.161800
1.161840
1.161880
1.161920
1.161960
1.162000
1.162040
1.162040
1.162040
1.162040
1.162080
1.162120
1.162160
1.162160
1.162200
1.162200
1.162240
1.162240
1.162280
1.162320
1.162360
1.162400
1.162440
1.162480
1.162480
1.162520
1.162560
1.162600
1.162640
1.162680
1.162720
1.162760
1.162800
1.162840
1.162880
1.162920
1.162960
1.163000
1.163040
1.163080
1.163120
1.163120
1.163160
1.163200
1.163200
1.163240
1.163280
1.163320
1.163320
1.163360
1.163400
1.163400
1.163440
1.163480
1.163520
1.163560
1.163600
1.163600
1.163640
1.163680
1.163680
1.163720
1.163760
1.163760
1.163800
1.163840
1.163880
1.163920
1.163960
1.164000
1.164040
1.164040
1.164040
1.164040
1.164080
1.164120
1.164160
1.164200
1.164240
1.164240
1.164280
1.164320
1.164360
1.164400
1.164440
1.164440
1.164440
1.164480
1.164520
1.164560
1.164600
1.164640
1.164680
1.164680
1.164720
1.164760
1.164800
1.164840
1.164880
1.164920
1.164960
1.165000
1.165000
1.165040
1.165040
1.165080
1.165120
1.165120
1.165120
1.165160
1.165200
1.165240
1.165280
1.165320
1.165360
1.165400
1.165440
1.165480
1.165480
1.165520
1.165560
1.165600
1.165600
1.165640
1.165640
1.165640
1.165640
1.165680
1.165720
1.165760
1.165800
1.165840
1.165880
1.165920
1.165960
1.166000
1.166040
1.166040
1.166080
1.166120
1.166160
1.166200
1.166240
1.166280
1.166320
1.166360
1.166360
1.166400
1.166440
1.166480
1.166520
1.166560
1.166600
1.166640
1.166680
1.166720
1.166760
1.166800
1.166840
1.166880
1.166920
1.166960
1.167000
1.167000
1.167040
1.167080
1.167120
1.167160
1.167200
1.167240
1.167280
1.167320
1.167320
1.167360
1.167360
1.167360
1.167400
1.167440
1.167480
1.167520
1.167560
1.167600
1.167600
1.167640
1.167680
1.167720
1.167720
1.167760
1.167800
1.167800
1.167840
1.167880
1.167920
1.167960
1.168000
1.168040
1.168040
1.168080
1.168120
1.168120
1.168160
1.168160
1.168160
1.168200
1.168240
1.168280
1.168320
1.168360
1.168400
1.168440
1.168480
1.168520
1.168560
1.168560
1.168600
1.168640
1.168680
1.168680
1.168720
1.168760
1.168800
1.168840
1.168880
1.168920
1.168920
1.168960
1.169000
1.169000
1.169040
1.169080
1.169120
1.169160
1.169200
1.169240
1.169280
1.169280
1.169280
1.169320
1.169320
1.169360
1.169400
1.169440
1.169480
1.169520
1.169560
1.169600
1.169640
1.169640
1.169680
1.169720
1.169760
1.169800
1.169840
1.169840
1.169880
1.169920
1.169960
1.169960
1.170000
1.170040
1.170080
1.170120
1.170120
1.170120
1.170160
1.170200
1.170240
1.170280
1.170320
1.170360
1.170400
1.170440
1.170480
1.170520
1.170560
1.170600
1.170600
1.170640
1.170680
1.170720
1.170760
1.170760
1.170800
1.170840
1.170880
1.170920
1.170960
1.171000
1.171040
1.171040
1.171080
1.171120
1.171160
1.171200
1.171240
1.171280
1.171280
1.171320
1.171360
1.171400
1.171440
1.171480
1.171520
1.171560
1.171600
1.171600
1.171640
1.171680
1.171720
1.171760
1.171800
1.171800
1.171840
1.171880
1.171880
1.171920
1.171920
1.171960
1.171960
1.172000
1.172040
1.172080
1.172120
1.172160
1.172200
1.172240
1.172280
1.172320
1.172360
1.172400
1.172440
1.172480
1.172520
1.172520
1.172560
1.172600
1.172640
1.172640
1.172680
1.172720
1.172720
1.172760
1.172800
1.172840
1.172880
1.172920
1.172960
1.173000
1.173040
1.173080
1.173120
1.173160
1.173200
1.173240
1.173280
1.173320
1.173360
1.173400
1.173440
1.173480
1.173520
1.173560
1.173600
1.173640
1.173680
1.173720
1.173720
1.173760
1.173800
1.173840
1.173880
1.173920
1.173960
1.174000
1.174040
1.174080
1.174120
1.174160
1.174200
1.174240
1.174280
1.174320
1.174360
1.174400
1.174440
1.174480
1.174520
1.174560
1.174560
1.174600
1.174640
1.174640
1.174680
1.174720
1.174760
1.174800
1.174840
1.174880
1.174880
1.174920
1.174960
1.174960
1.175000
1.175040
1.175080
1.175120
1.175160
1.175200
1.175200
1.175240
1.175280
1.175280
1.175320
1.175360
1.175400
1.175440
1.175480
1.175520
1.175560
1.175600
1.175640
1.175680
1.175720
1.175760
1.175800
1.175840
1.175880
1.175920
1.175960
1.176000
1.176040
1.176080
1.176120
1.176160
1.176200
1.176240
1.176280
1.176280
1.176320
1.176360
1.176400
1.176400
1.176440
1.176480
1.176520
1.176560
1.176600
1.176640
1.176640
1.176680
1.176720
1.176720
1.176760
1.176800
1.176840
1.176880
1.176920
1.176960
1.176960
1.177000
1.177040
1.177080
1.177080
1.177120
1.177160
1.177200
1.177240
1.177280
1.177280
1.177320
1.177360
1.177400
1.177440
1.177480
1.177480
1.177520
1.177560
1.177600
1.177600
1.177600
1.177600
1.177640
1.177680
1.177720
1.177760
1.177800
1.177840
1.177840
1.177880
1.177920
1.177960
1.178000
1.178000
1.178040
1.178080
1.178120
1.178120
1.178120
1.178160
1.178160
1.178200
1.178240
1.178280
1.178320
1.178360
1.178400
1.178440
1.178440
1.178480
1.178520
1.178560
1.178600
1.178640
1.178680
1.178720
1.178760
1.178800
1.178840
1.178880
1.178920
1.178920
1.178960
1.179000
1.179040
1.179080
1.179120
1.179160
1.179200
1.179240
1.179240
1.179240
1.179280
1.179280
1.179320
1.179360
1.179400
1.179440
1.179480
1.179520
1.179520
1.179520
1.179560
1.179560
1.179600
1.179640
1.179680
1.179720
1.179760
1.179760
1.179800
1.179840
1.179840
1.179880
1.179920
1.179920
1.179960
1.180000
1.180040
1.180080
1.180120
1.180160
1.180200
1.180240
1.180240
1.180280
1.180320
1.180320
1.180360
1.180400
1.180440
1.180480
1.180480
1.180520
1.180560
1.180600
1.180640
1.180680
1.180720
1.180720
1.180760
1.180800
1.180800
1.180800
1.180840
1.180880
1.180880
1.180920
1.180960
1.181000
1.181040
1.181080
1.181120
1.181160
1.181200
1.181240
1.181280
1.181280
1.181320
1.181360
1.181400
1.181440
1.181480
1.181480
1.181480
1.181520
1.181560
1.181600
1.181640
1.181680
1.181680
1.181720
1.181760
1.181800
1.181840
1.181880
1.181920
1.181920
1.181960
1.181960
1.182000
1.182000
1.182040
1.182080
1.182120
1.182160
1.182160
1.182160
1.182160
1.182200
1.182240
1.182280
1.182320
1.182360
1.182400
1.182440
1.182480
1.182480
1.182520
1.182560
1.182600
1.182600
1.182640
1.182680
1.182720
1.182760
1.182760
1.182760
1.182800
1.182840
1.182880
1.182920
1.182920
1.182960
1.183000
1.183040
1.183040
1.183080
1.183120
1.183160
1.183160
1.183160
1.183200
1.183240
1.183280
1.183320
1.183360
1.183400
1.183440
1.183480
1.183520
1.183560
1.183600
1.183600
1.183640
1.183680
1.183720
1.183720
1.183760
1.183800
1.183800
1.183840
1.183880
1.183920
1.183920
1.183960
1.184000
1.184000
1.184040
1.184080
1.184080
1.184120
1.184160
1.184200
1.184240
1.184280
1.184320
1.184320
1.184320
1.184360
1.184400
1.184440
1.184440
1.184480
1.184520
1.184520
1.184560
1.184600
1.184640
1.184640
1.184680
1.184720
1.184720
1.184720
1.184760
1.184800
1.184840
1.184880
1.184920
1.184960
1.185000
1.185040
1.185080
1.185120
1.185160
1.185160
1.185200
1.185240
1.185280
1.185320
1.185360
1.185400
1.185440
1.185440
1.185480
1.185480
1.185520
1.185560
1.185600
1.185640
1.185680
1.185720
1.185720
1.185760
1.185800
1.185840
1.185880
1.185920
1.185960
1.186000
1.186040
1.186080
1.186120
1.186160
1.186200
1.186240
1.186280
1.186280
1.186320
1.186320
1.186360
1.186400
1.186400
1.186400
1.186440
1.186480
1.186520
1.186560
1.186600
1.186640
1.186680
1.186720
1.186760
1.186760
1.186800
1.186840
1.186880
1.186920
1.186920
1.186960
1.187000
1.187040
1.187080
1.187120
1.187160
1.187200
1.187240
1.187280
1.187320
1.187320
1.187360
1.187400
1.187440
1.187480
1.187520
1.187560
1.187600
1.187640
1.187680
1.187720
1.187720
1.187720
1.187760
1.187800
1.187840
1.187880
1.187920
1.187960
1.188000
1.188040
1.188080
1.188120
1.188160
1.188200
1.188240
1.188280
1.188320
1.188360
1.188360
1.188400
1.188440
1.188480
1.188480
1.188520
1.188560
1.188600
1.188640
1.188680
1.188720
1.188720
1.188760
1.188800
1.188800
1.188840
1.188880
1.188920
1.188960
1.189000
1.189040
1.189040
1.189080
1.189120
1.189160
1.189200
1.189240
1.189280
1.189320
1.189360
1.189400
1.189440
1.189480
1.189480
1.189520
1.189520
1.189520
1.189560
1.189560
1.189600
1.189600
1.189640
1.189680
1.189720
1.189760
1.189800
1.189840
1.189840
1.189880
1.189920
1.189920
1.189960
1.190000
1.190000
1.190040
1.190080
1.190120
1.190160
1.190160
1.190160
1.190200
1.190240
1.190280
1.190320
1.190360
1.190400
1.190440
1.190480
1.190520
1.190520
1.190560
1.190600
1.190640
1.190680
1.190720
1.190720
1.190760
1.190800
1.190840
1.190840
1.190880
1.190920
1.190920
1.190920
1.190960
1.191000
1.191040
1.191080
1.191120
1.191120
1.191160
1.191200
1.191240
1.191280
1.191320
1.191320
1.191320
1.191360
1.191400
1.191440
1.191480
1.191520
1.191560
1.191560
1.191560
1.191600
1.191640
1.191680
1.191720
1.191760
1.191800
1.191840
1.191880
1.191920
1.191960
1.191960
1.192000
1.192040
1.192080
1.192120
1.192160
1.192200
1.192200
1.192240
1.192280
1.192280
1.192320
1.192360
1.192400
1.192440
1.192480
1.192520
1.192520
1.192560
1.192600
1.192640
1.192680
1.192720
1.192720
1.192760
1.192760
1.192800
1.192840
1.192840
1.192880
1.192880
1.192920
1.192960
1.192960
1.193000
1.193040
1.193080
1.193120
1.193160
1.193200
1.193240
1.193280
1.193320
1.193360
1.193400
1.193440
1.193480
1.193520
1.193560
1.193560
1.193600
1.193640
1.193680
1.193720
1.193760
1.193800
1.193840
1.193880
1.193920
1.193960
1.194000
1.194040
1.194080
1.194120
1.194160
1.194200
1.194240
1.194280
1.194320
1.194360
1.194400
1.194440
1.194440
1.194480
1.194520
1.194520
1.194520
1.194560
1.194600
1.194640
1.194680
1.194720
1.194760
1.194800
1.194840
1.194880
1.194920
1.194960
1.195000
1.195000
1.195040
1.195040
1.195080
1.195120
1.195120
1.195160
1.195200
1.195200
1.195240
1.195280
1.195320
1.195360
1.195400
1.195440
1.195480
1.195520
1.195560
1.195600
1.195640
1.195680
1.195720
1.195760
1.195800
1.195840
1.195880
1.195920
1.195960
1.196000
1.196040
1.196040
1.196080
1.196120
1.196160
1.196200
1.196240
1.196280
1.196280
1.196320
1.196360
1.196400
1.196400
1.196440
1.196480
1.196520
1.196560
1.196600
1.196640
1.196680
1.196680
1.196720
1.196760
1.196760
1.196800
1.196840
1.196840
1.196880
1.196920
1.196920
1.196960
1.197000
1.197040
1.197040
1.197080
1.197120
1.197120
1.197120
1.197160
1.197200
1.197240
1.197280
1.197320
1.197360
1.197400
1.197440
1.197480
1.197480
1.197520
1.197560
1.197600
1.197600
1.197640
1.197680
1.197720
1.197760
1.197800
1.197840
1.197880
1.197880
1.197920
1.197960
1.198000
1.198000
1.198040
1.198080
1.198120
1.198160
1.198200
1.198240
1.198280
1.198320
1.198360
1.198400
1.198440
1.198480
1.198520
1.198560
1.198600
1.198600
1.198640
1.198680
1.198720
1.198720
1.198760
1.198760
1.198800
1.198840
1.198840
1.198880
1.198920
1.198960
1.198960
1.199000
1.199040
1.199080
1.199080
1.199080
1.199080
1.199120
1.199160
1.199160
1.199200
1.199240
1.199280
1.199280
1.199320
1.199360
1.199400
1.199440
1.199440
1.199440
1.199480
1.199520
1.199560
1.199600
1.199640
1.199680
1.199720
1.199760
1.199800
1.199840
1.199880
1.199920
1.199960
1.200000
1.200040
1.200080
1.200120
1.200120
1.200160
1.200200
1.200240
1.200280
1.200320
1.200360
1.200400
1.200440
1.200480
1.200520
1.200560
1.200560
1.200560
1.200560
1.200600
1.200600
1.200640
1.200680
1.200720
1.200720
1.200760
1.200800
1.200840
1.200840
1.200880
1.200920
1.200960
1.201000
1.201040
1.201080
1.201120
1.201120
1.201160
1.201200
1.201200
1.201240
1.201280
1.201320
1.201360
1.201360
1.201400
1.201440
1.201480
1.201520
1.201560
1.201600
1.201640
1.201680
1.201720
1.201760
1.201800
1.201840
1.201880
1.201920
1.201920
1.201960
1.202000
1.202040
1.202080
1.202120
1.202160
1.202200
1.202240
1.202280
1.202280
1.202320
1.202360
1.202360
1.202400
1.202440
1.202480
1.202480
1.202520
1.202560
1.202600
1.202600
1.202640
1.202680
1.202720
1.202760
1.202800
1.202840
1.202880
1.202920
1.202920
1.202960
1.203000
1.203040
1.203080
1.203120
1.203160
1.203200
1.203240
1.203280
1.203320
1.203320
1.203360
1.203400
1.203440
1.203480
1.203520
1.203520
1.203520
1.203560
1.203600
1.203640
1.203640
1.203680
1.203720
1.203760
1.203760
1.203800
1.203840
1.203880
1.203920
1.203960
1.204000
1.204040
1.204080
1.204120
1.204120
1.204160
1.204160
1.204160
1.204160
1.204200
1.204200
1.204200
1.204240
1.204280
1.204320
1.204360
1.204400
1.204400
1.204440
1.204480
1.204520
1.204560
1.204600
1.204640
1.204680
1.204720
1.204760
1.204800
1.204840
1.204880
1.204880
1.204920
1.204960
1.205000
1.205040
1.205080
1.205120
1.205160
1.205200
1.205240
1.205280
1.205280
1.205320
1.205360
1.205360
1.205360
1.205400
1.205440
1.205480
1.205520
1.205560
1.205560
1.205600
1.205640
1.205680
1.205720
1.205760
1.205800
1.205840
1.205880
1.205920
1.205920
1.205920
1.205960
1.206000
1.206040
1.206080
1.206120
1.206160
1.206200
1.206240
1.206280
1.206320
1.206360
1.206400
1.206400
1.206440
1.206480
1.206520
1.206560
1.206560
1.206600
1.206640
1.206680
1.206720
1.206760
1.206800
1.206840
1.206880
1.206920
1.206960
1.207000
1.207000
1.207040
1.207040
1.207040
1.207080
1.207080
1.207120
1.207160
1.207160
1.207200
1.207200
1.207240
1.207280
1.207320
1.207360
1.207400
1.207400
1.207440
1.207480
1.207520
1.207560
1.207600
1.207640
1.207680
1.207720
1.207760
1.207800
1.207840
1.207880
1.207880
1.207920
1.207960
1.208000
1.208040
1.208080
1.208120
1.208120
1.208160
1.208160
1.208200
1.208240
1.208240
1.208280
1.208320
1.208360
1.208400
1.208440
1.208480
1.208520
1.208520
1.208560
1.208600
1.208640
1.208680
1.208720
1.208760
1.208800
1.208840
1.208840
1.208840
1.208880
1.208920
1.208960
1.209000
1.209040
1.209080
1.209120
1.209160
1.209200
1.209240
1.209280
1.209320
1.209360
1.209400
1.209400
1.209440
1.209480
1.209480
1.209480
1.209520
1.209560
1.209600
1.209640
1.209680
1.209720
1.209760
1.209800
1.209840
1.209880
1.209880
1.209880
1.209880
1.209920
1.209960
1.210000
1.210040
1.210080
1.210080
1.210120
1.210160
1.210200
1.210240
1.210240
1.210240
1.210280
1.210320
1.210360
1.210400
1.210440
1.210480
1.210520
1.210520
1.210560
1.210600
1.210640
1.210680
1.210720
1.210720
1.210760
1.210800
1.210840
1.210840
1.210880
1.210920
1.210920
1.210920
1.210960
1.211000
1.211040
1.211040
1.211080
1.211120
1.211160
1.211200
1.211240
1.211280
1.211320
1.211320
1.211360
1.211400
1.211440
1.211440
1.211440
1.211440
1.211480
1.211520
1.211560
1.211600
1.211640
1.211680
1.211720
1.211720
1.211760
1.211800
1.211840
1.211880
1.211880
1.211880
1.211920
1.211960
1.212000
1.212040
1.212080
1.212080
1.212120
1.212160
1.212160
1.212200
1.212240
1.212240
1.212280
1.212320
1.212360
1.212360
1.212360
1.212400
1.212400
1.212440
1.212480
1.212520
1.212560
1.212600
1.212640
1.212640
1.212680
1.212720
1.212760
1.212800
1.212840
1.212880
1.212920
1.212960
1.212960
1.213000
1.213040
1.213080
1.213120
1.213160
1.213200
1.213240
1.213240
1.213280
1.213320
1.213360
1.213400
1.213440
1.213480
1.213480
1.213480
1.213520
1.213560
1.213600
1.213600
1.213640
1.213680
1.213680
1.213720
1.213760
1.213800
1.213840
1.213880
1.213920
1.213960
1.214000
1.214040
1.214040
1.214040
1.214040
1.214040
1.214080
1.214080
1.214080
1.214120
1.214160
1.214200
1.214240
1.214240
1.214280
1.214320
1.214360
1.214400
1.214440
1.214480
1.214520
1.214560
1.214600
1.214640
1.214680
1.214720
1.214760
1.214800
1.214840
1.214880
1.214920
1.214920
1.214960
1.215000
1.215040
1.215080
1.215120
1.215120
1.215160
1.215200
1.215200
1.215240
1.215280
1.215280
1.215320
1.215360
1.215400
1.215440
1.215480
1.215480
1.215520
1.215560
1.215600
1.215640
1.215680
1.215680
1.215720
1.215760
1.215800
1.215840
1.215880
1.215920
1.215960
1.216000
1.216040
1.216080
1.216120
1.216120
1.216160
1.216200
1.216240
1.216280
1.216320
1.216320
1.216360
1.216400
1.216440
1.216480
1.216520
1.216560
1.216560
1.216560
1.216600
1.216640
1.216640
1.216680
1.216720
1.216760
1.216800
1.216800
1.216800
1.216840
1.216880
1.216920
1.216960
1.217000
1.217040
1.217040
1.217080
1.217080
1.217120
1.217160
1.217200
1.217240
1.217280
1.217320
1.217360
1.217400
1.217440
1.217480
1.217520
1.217520
1.217560
1.217560
1.217560
1.217600
1.217640
1.217680
1.217720
1.217760
1.217800
1.217840
1.217880
1.217920
1.217960
1.217960
1.217960
1.218000
1.218040
1.218080
1.218120
1.218120
1.218120
1.218160
1.218200
1.218240
1.218280
1.218280
1.218320
1.218360
1.218400
1.218440
1.218440
1.218440
1.218480
1.218480
1.218480
1.218520
1.218520
1.218560
1.218600
1.218640
1.218640
1.218640
1.218680
1.218720
1.218760
1.218800
1.218800
1.218840
1.218880
1.218920
1.218960
1.219000
1.219000
1.219040
1.219080
1.219120
1.219160
1.219200
1.219240
1.219280
1.219320
1.219360
1.219400
1.219400
1.219440
1.219480
1.219520
1.219560
1.219600
1.219640
1.219680
1.219720
1.219760
1.219800
1.219840
1.219880
1.219920
1.219960
1.220000
1.220000
1.220040
1.220080
1.220120
1.220160
1.220160
1.220160
1.220160
1.220200
1.220240
1.220240
1.220240
1.220280
1.220320
1.220360
1.220400
1.220400
1.220400
1.220400
1.220440
1.220440
1.220480
1.220520
1.220560
1.220600
1.220640
1.220640
1.220640
1.220680
1.220680
1.220720
1.220760
1.220800
1.220840
1.220840
1.220840
1.220880
1.220920
1.220960
1.221000
1.221000
1.221040
1.221080
1.221120
1.221160
1.221200
1.221240
1.221240
1.221280
1.221320
1.221360
1.221400
1.221440
1.221480
1.221520
1.221520
1.221560
1.221600
1.221640
1.221680
1.221720
1.221760
1.221800
1.221840
1.221880
1.221880
1.221920
1.221920
1.221960
1.222000
1.222000
1.222040
1.222080
1.222120
1.222160
1.222200
1.222240
1.222280
1.222280
1.222320
1.222360
1.222400
1.222440
1.222440
1.222480
1.222480
1.222520
1.222560
1.222600
1.222600
1.222640
1.222640
1.222680
1.222720
1.222760
1.222800
1.222840
1.222880
1.222920
1.222960
1.223000
1.223040
1.223080
1.223120
1.223160
1.223200
1.223240
1.223280
1.223280
1.223320
1.223320
1.223360
1.223400
1.223400
1.223440
1.223440
1.223480
1.223520
1.223560
1.223600
1.223640
1.223680
1.223680
1.223720
1.223720
1.223760
1.223800
1.223840
1.223880
1.223920
1.223960
1.224000
1.224040
1.224080
1.224080
1.224120
1.224160
1.224200
1.224240
1.224280
1.224320
1.224360
1.224400
1.224440
1.224480
1.224480
1.224520
1.224560
1.224600
1.224640
1.224680
1.224720
1.224760
1.224760
1.224800
1.224840
1.224880
1.224920
1.224960
1.225000
1.225040
1.225080
1.225120
1.225120
1.225160
1.225200
1.225240
1.225240
1.225240
1.225240
1.225280
1.225320
1.225320
1.225360
1.225360
1.225360
1.225360
1.225400
1.225400
1.225440
1.225440
1.225480
1.225480
1.225520
1.225520
1.225520
1.225520
1.225560
1.225600
1.225600
1.225640
1.225680
1.225680
1.225720
1.225760
1.225800
1.225840
1.225880
1.225920
1.225960
1.226000
1.226040
1.226080
1.226120
1.226160
1.226200
1.226240
1.226240
1.226280
1.226320
1.226320
1.226360
1.226400
1.226400
1.226440
1.226480
1.226520
1.226560
1.226600
1.226640
1.226680
1.226720
1.226760
1.226800
1.226840
1.226880
1.226920
1.226960
1.227000
1.227000
1.227000
1.227040
1.227040
1.227080
1.227120
1.227160
1.227160
1.227200
1.227240
1.227280
1.227320
1.227320
1.227320
1.227360
1.227400
1.227440
1.227480
1.227520
1.227560
1.227600
1.227640
1.227680
1.227720
1.227760
1.227760
1.227800
1.227840
1.227880
1.227920
1.227960
1.228000
1.228040
1.228080
1.228120
1.228160
1.228200
1.228240
1.228280
1.228280
1.228320
1.228360
1.228400
1.228400
1.228440
1.228480
1.228520
1.228560
1.228600
1.228640
1.228680
1.228680
1.228720
1.228760
1.228800
1.228840
1.228840
1.228840
1.228880
1.228920
1.228960
1.229000
1.229000
1.229040
1.229080
1.229120
1.229160
1.229200
1.229240
1.229280
1.229280
1.229280
1.229320
1.229360
1.229400
1.229440
1.229440
1.229480
1.229520
1.229560
1.229600
1.229640
1.229680
1.229720
1.229760
1.229800
1.229840
1.229880
1.229920
1.229920
1.229960
1.230000
1.230000
1.230000
1.230000
1.230000
1.230040
1.230080
1.230120
1.230160
1.230160
1.230200
1.230240
1.230280
1.230320
1.230360
1.230400
1.230440
1.230480
1.230520
1.230560
1.230560
1.230600
1.230640
1.230640
1.230680
1.230720
1.230760
1.230800
1.230840
1.230880
1.230880
1.230920
1.230960
1.231000
1.231040
1.231080
1.231080
1.231080
1.231120
1.231160
1.231200
1.231240
1.231280
1.231320
1.231360
1.231400
1.231400
1.231440
1.231440
1.231440
1.231480
1.231520
1.231560
1.231560
1.231600
1.231640
1.231680
1.231720
1.231760
1.231760
1.231800
1.231840
1.231880
1.231920
1.231960
1.231960
1.231960
1.231960
1.232000
1.232040
1.232080
1.232120
1.232120
1.232120
1.232120
1.232120
1.232120
1.232160
1.232200
1.232240
1.232280
1.232320
1.232360
1.232400
1.232440
1.232480
1.232480
1.232520
1.232560
1.232600
1.232640
1.232640
1.232680
1.232680
1.232680
1.232720
1.232760
1.232800
1.232840
1.232880
1.232920
1.232960
1.232960
1.233000
1.233040
1.233040
1.233080
1.233120
1.233160
1.233160
1.233200
1.233240
1.233240
1.233280
1.233320
1.233360
1.233400
1.233440
1.233440
1.233440
1.233480
1.233480
1.233520
1.233560
1.233600
1.233640
1.233680
1.233720
1.233760
1.233800
1.233800
1.233840
1.233880
1.233920
1.233920
1.233960
1.234000
1.234040
1.234080
1.234080
1.234120
1.234120
1.234120
1.234160
1.234200
1.234240
1.234280
1.234280
1.234280
1.234280
1.234320
1.234320
1.234360
1.234400
1.234440
1.234440
1.234480
1.234520
1.234520
1.234560
1.234600
1.234640
1.234680
1.234720
1.234720
1.234760
1.234800
1.234840
1.234840
1.234880
1.234920
1.234920
1.234960
1.234960
1.235000
1.235000
1.235040
1.235080
1.235120
1.235160
1.235160
1.235160
1.235200
1.235200
1.235240
1.235240
1.235240
1.235240
1.235280
1.235320
1.235360
1.235400
1.235400
1.235440
1.235440
1.235480
1.235520
1.235520
1.235560
1.235600
1.235640
1.235680
1.235720
1.235720
1.235760
1.235760
1.235800
1.235800
1.235840
1.235880
1.235920
1.235960
1.236000
1.236000
1.236040
1.236080
1.236120
1.236160
1.236200
1.236200
1.236200
1.236240
1.236280
1.236320
1.236360
1.236400
1.236400
1.236440
1.236440
1.236480
1.236520
1.236560
1.236560
1.236560
1.236600
1.236640
1.236680
1.236720
1.236760
1.236800
1.236840
1.236880
1.236920
1.236920
1.236960
1.237000
1.237000
1.237040
1.237080
1.237120
1.237160
1.237160
1.237200
1.237200
1.237200
1.237240
1.237280
1.237320
1.237360
1.237360
1.237400
1.237440
1.237480
1.237480
1.237520
1.237560
1.237600
1.237600
1.237600
1.237600
1.237600
1.237640
1.237680
1.237720
1.237720
1.237760
1.237760
1.237800
1.237840
1.237880
1.237920
1.237960
1.237960
1.238000
1.238040
1.238080
1.238120
1.238120
1.238120
1.238160
1.238160
1.238200
1.238200
1.238240
1.238280
1.238320
1.238360
1.238400
1.238440
1.238480
1.238520
1.238560
1.238560
1.238600
1.238640
1.238680
1.238720
1.238760
1.238800
1.238840
1.238840
1.238880
1.238920
1.238920
1.238960
1.238960
1.239000
1.239040
1.239080
1.239120
1.239160
1.239200
1.239240
1.239280
1.239320
1.239360
1.239400
1.239440
1.239480
1.239520
1.239520
1.239560
1.239600
1.239640
1.239680
1.239720
1.239760
1.239800
1.239840
1.239880
1.239920
1.239960
1.240000
1.240040
1.240040
1.240080
1.240120
1.240120
1.240120
1.240160
1.240160
1.240160
1.240200
1.240240
1.240280
1.240280
1.240320
1.240320
1.240360
1.240400
1.240440
1.240480
1.240520
1.240520
1.240520
1.240560
1.240560
1.240600
1.240640
1.240680
1.240680
1.240720
1.240760
1.240800
1.240840
1.240880
1.240920
1.240960
1.240960
1.241000
1.241040
1.241080
1.241120
1.241160
1.241200
1.241240
1.241280
1.241320
1.241360
1.241360
1.241400
1.241400
1.241440
1.241480
1.241520
1.241520
1.241560
1.241600
1.241640
1.241680
1.241720
1.241760
1.241800
1.241840
1.241880
1.241920
1.241960
1.242000
1.242040
1.242040
1.242040
1.242080
1.242120
1.242160
1.242200
1.242240
1.242280
1.242280
1.242320
1.242360
1.242360
1.242400
1.242440
1.242480
1.242520
1.242520
1.242520
1.242560
1.242600
1.242640
1.242680
1.242720
1.242720
1.242760
1.242800
1.242840
1.242880
1.242920
1.242960
1.243000
1.243000
1.243000
1.243040
1.243080
1.243120
1.243160
1.243200
1.243240
1.243280
1.243280
1.243320
1.243320
1.243320
1.243360
1.243400
1.243400
1.243440
1.243480
1.243480
1.243520
1.243520
1.243560
1.243600
1.243640
1.243680
1.243720
1.243760
1.243800
1.243840
1.243880
1.243920
1.243960
1.244000
1.244040
1.244080
1.244120
1.244160
1.244160
1.244200
1.244240
1.244280
1.244320
1.244360
1.244400
1.244440
1.244480
1.244520
1.244560
1.244600
1.244640
1.244680
1.244720
1.244760
1.244800
1.244840
1.244880
1.244920
1.244960
1.245000
1.245040
1.245080
1.245080
1.245120
1.245120
1.245160
1.245200
1.245240
1.245280
1.245320
1.245320
1.245320
1.245320
1.245320
1.245360
1.245400
1.245440
1.245480
1.245520
1.245520
1.245560
1.245560
1.245560
1.245600
1.245640
1.245680
1.245720
1.245760
1.245800
1.245840
1.245840
1.245840
1.245880
1.245920
1.245960
1.246000
1.246040
1.246080
1.246120
1.246160
1.246200
1.246200
1.246240
1.246280
1.246320
1.246320
1.246360
1.246400
1.246440
1.246440
1.246480
1.246520
1.246560
1.246560
1.246600
1.246640
1.246680
1.246720
1.246760
1.246800
1.246840
1.246880
1.246920
1.246960
1.247000
1.247040
1.247040
1.247080
1.247120
1.247160
1.247200
1.247240
1.247240
1.247240
1.247240
1.247280
1.247320
1.247360
1.247400
1.247440
1.247480
1.247520
1.247560
1.247560
1.247600
1.247640
1.247680
1.247720
1.247760
1.247800
1.247840
1.247880
1.247920
1.247920
1.247920
1.247960
1.248000
1.248040
1.248080
1.248120
1.248120
1.248160
1.248200
1.248240
1.248280
1.248320
1.248360
1.248400
1.248440
1.248480
1.248520
1.248520
1.248560
1.248600
1.248640
1.248680
1.248720
1.248760
1.248800
1.248840
1.248880
1.248880
1.248920
1.248960
1.249000
1.249040
1.249080
1.249120
1.249160
1.249160
1.249200
1.249240
1.249280
1.249320
1.249360
1.249360
1.249360
1.249400
1.249440
1.249480
1.249480
1.249520
1.249520
1.249560
1.249600
1.249640
1.249680
1.249720
1.249760
1.249760
1.249800
1.249840
1.249880
1.249920
1.249960
1.250000
1.250040
1.250080
1.250120
1.250160
1.250200
1.250240
1.250240
1.250280
1.250320
1.250360
1.250360
1.250400
1.250400
1.250440
1.250480
1.250520
1.250560
1.250600
1.250640
1.250640
1.250680
1.250720
1.250720
1.250760
1.250800
1.250840
1.250840
1.250840
1.250880
1.250880
1.250920
1.250960
1.250960
1.251000
1.251040
1.251080
1.251080
1.251120
1.251160
1.251200
1.251240
1.251280
1.251320
1.251360
1.251400
1.251440
1.251480
1.251480
1.251520
1.251560
1.251600
1.251640
1.251680
1.251680
1.251720
1.251760
1.251800
1.251840
1.251880
1.251920
1.251960
1.252000
1.252000
1.252040
1.252080
1.252120
1.252160
1.252200
1.252200
1.252240
1.252280
1.252320
1.252360
1.252400
1.252440
1.252440
1.252480
1.252520
1.252520
1.252560
1.252600
1.252640
1.252680
1.252720
1.252760
1.252800
1.252800
1.252840
1.252840
1.252880
1.252880
1.252920
1.252960
1.253000
1.253000
1.253040
1.253080
1.253120
1.253120
1.253120
1.253160
1.253200
1.253240
1.253280
1.253320
1.253360
1.253400
1.253440
1.253480
1.253520
1.253560
1.253600
1.253640
1.253640
1.253680
1.253720
1.253760
1.253760
1.253760
1.253800
1.253840
1.253880
1.253880
1.253920
1.253960
1.254000
1.254040
1.254080
1.254120
1.254120
1.254160
1.254200
1.254240
1.254280
1.254320
1.254320
1.254360
1.254360
1.254400
1.254440
1.254480
1.254520
1.254560
1.254600
1.254640
1.254680
1.254720
1.254760
1.254760
1.254800
1.254840
1.254880
1.254920
1.254960
1.255000
1.255040
1.255040
1.255080
1.255120
1.255160
1.255200
1.255240
1.255280
1.255320
1.255320
1.255360
1.255400
1.255400
1.255440
1.255480
1.255480
1.255520
1.255560
1.255600
1.255600
1.255640
1.255680
1.255720
1.255760
1.255800
1.255840
1.255840
1.255880
1.255920
1.255960
1.256000
1.256040
1.256080
1.256120
1.256160
1.256200
1.256200
1.256240
1.256280
1.256320
1.256360
1.256400
1.256440
1.256480
1.256520
1.256560
1.256560
1.256600
1.256640
1.256680
1.256680
1.256720
1.256720
1.256720
1.256760
1.256800
1.256840
1.256880
1.256920
1.256920
1.256960
1.257000
1.257040
1.257080
1.257120
1.257120
1.257160
1.257200
1.257240
1.257280
1.257280
1.257320
1.257360
1.257400
1.257400
1.257440
1.257480
1.257520
1.257560
1.257600
1.257640
1.257680
1.257720
1.257760
1.257800
1.257840
1.257880
1.257920
1.257960
1.257960
1.258000
1.258040
1.258040
1.258080
1.258120
1.258160
1.258160
1.258200
1.258240
1.258280
1.258280
1.258280
1.258320
1.258360
1.258400
1.258400
1.258440
1.258480
1.258520
1.258560
1.258600
1.258640
1.258680
1.258720
1.258760
1.258800
1.258800
1.258840
1.258840
1.258840
1.258880
1.258920
1.258960
1.259000
1.259000
1.259040
1.259080
1.259120
1.259120
1.259160
1.259200
1.259200
1.259240
1.259240
1.259280
1.259320
1.259320
1.259360
1.259400
1.259400
1.259400
1.259440
1.259440
1.259480
1.259520
1.259560
1.259600
1.259640
1.259680
1.259720
1.259720
1.259720
1.259760
1.259800
1.259840
1.259880
1.259920
1.259960
1.260000
1.260040
1.260080
1.260120
1.260160
1.260200
1.260240
1.260280
1.260320
1.260360
1.260400
1.260440
1.260480
1.260520
1.260520
1.260560
1.260600
1.260640
1.260680
1.260720
1.260720
1.260760
1.260800
1.260800
1.260840
1.260880
1.260920
1.260920
1.260920
1.260920
1.260960
1.260960
1.260960
1.260960
1.261000
1.261040
1.261080
1.261120
1.261160
1.261200
1.261240
1.261280
1.261320
1.261360
1.261400
1.261400
1.261440
1.261480
1.261520
1.261560
1.261600
1.261600
1.261600
1.261600
1.261640
1.261640
1.261680
1.261720
1.261720
1.261760
1.261800
1.261840
1.261880
1.261880
1.261920
1.261960
1.262000
1.262040
1.262040
1.262080
1.262120
1.262120
1.262160
1.262200
1.262240
1.262280
1.262280
1.262280
1.262320
1.262320
1.262360
1.262400
1.262440
1.262480
1.262520
1.262520
1.262560
1.262600
1.262640
1.262680
1.262720
1.262760
1.262760
1.262800
1.262840
1.262880
1.262920
1.262960
1.263000
1.263040
1.263080
1.263080
1.263120
1.263160
1.263200
1.263240
1.263240
1.263280
1.263320
1.263360
1.263400
1.263440
1.263440
1.263440
1.263440
1.263480
1.263520
1.263520
1.263560
1.263600
1.263600
1.263640
1.263680
1.263720
1.263720
1.263760
1.263800
1.263840
1.263840
1.263880
1.263880
1.263920
1.263960
1.264000
1.264000
1.264040
1.264080
1.264120
1.264160
1.264200
1.264240
1.264280
1.264320
1.264360
1.264360
1.264400
1.264440
1.264480
1.264520
1.264560
1.264560
1.264600
1.264640
1.264640
1.264680
1.264720
1.264760
1.264760
1.264800
1.264840
1.264880
1.264920
1.264920
1.264960
1.265000
1.265040
1.265080
1.265120
1.265160
1.265160
1.265160
1.265200
1.265240
1.265280
1.265320
1.265320
1.265360
1.265360
1.265400
1.265440
1.265480
1.265520
1.265560
1.265600
1.265640
1.265680
1.265720
1.265720
1.265760
1.265800
1.265840
1.265880
1.265920
1.265960
1.265960
1.266000
1.266040
1.266080
1.266080
1.266120
1.266160
1.266160
1.266200
1.266240
1.266280
1.266280
1.266320
1.266360
1.266400
1.266440
1.266480
1.266520
1.266560
1.266560
1.266600
1.266640
1.266680
1.266720
1.266760
1.266760
1.266800
1.266840
1.266880
1.266920
1.266960
1.266960
1.267000
1.267040
1.267080
1.267120
1.267120
1.267160
1.267160
1.267200
1.267240
1.267280
1.267280
1.267320
1.267360
1.267360
1.267400
1.267440
1.267480
1.267520
1.267560
1.267600
1.267600
1.267640
1.267640
1.267640
1.267680
1.267720
1.267760
1.267800
1.267840
1.267880
1.267920
1.267960
1.267960
1.268000
1.268040
1.268080
1.268120
1.268120
1.268160
1.268200
1.268240
1.268280
1.268280
1.268320
1.268360
1.268400
1.268440
1.268440
1.268480
1.268520
1.268560
1.268600
1.268640
1.268680
1.268720
1.268760
1.268800
1.268840
1.268840
1.268840
1.268880
1.268920
1.268920
1.268920
1.268960
1.269000
1.269040
1.269080
1.269120
1.269160
1.269200
1.269200
1.269200
1.269200
1.269200
1.269240
1.269280
1.269320
1.269320
1.269360
1.269400
1.269440
1.269480
1.269520
1.269520
1.269560
1.269600
1.269600
1.269640
1.269680
1.269720
1.269760
1.269800
1.269840
1.269880
1.269920
1.269960
1.269960
1.269960
1.270000
1.270000
1.270000
1.270040
1.270040
1.270080
1.270120
1.270120
1.270120
1.270160
1.270200
1.270240
1.270240
1.270280
1.270280
1.270320
1.270360
1.270400
1.270440
1.270480
1.270520
1.270520
1.270560
1.270560
1.270600
1.270600
1.270640
1.270680
1.270720
1.270760
1.270760
1.270800
1.270840
1.270880
1.270920
1.270920
1.270960
1.270960
1.270960
1.270960
1.271000
1.271000
1.271000
1.271000
1.271000
1.271000
1.271040
1.271080
1.271080
1.271120
1.271160
1.271200
1.271240
1.271280
1.271320
1.271360
1.271400
1.271440
1.271440
1.271480
1.271480
1.271480
1.271480
1.271520
1.271560
1.271600
1.271640
1.271680
1.271720
1.271760
1.271800
1.271800
1.271800
1.271840
1.271840
1.271840
1.271880
1.271920
1.271960
1.272000
1.272040
1.272080
1.272120
1.272160
1.272200
1.272240
1.272280
1.272320
1.272320
1.272320
1.272360
1.272360
1.272360
1.272360
1.272360
1.272400
1.272440
1.272480
1.272520
1.272560
1.272560
1.272600
1.272640
1.272680
1.272720
1.272760
1.272760
1.272760
1.272800
1.272840
1.272880
1.272920
1.272960
1.273000
1.273040
1.273080
1.273120
1.273160
1.273160
1.273200
1.273240
1.273280
1.273320
1.273320
1.273360
1.273360
1.273400
1.273400
1.273440
1.273480
1.273480
1.273520
1.273560
1.273600
1.273640
1.273640
1.273640
1.273680
1.273720
1.273760
1.273760
1.273800
1.273840
1.273840
1.273880
1.273920
1.273960
1.274000
1.274000
1.274040
1.274040
1.274080
1.274080
1.274120
1.274160
1.274200
1.274240
1.274280
1.274320
1.274360
1.274400
1.274440
1.274480
1.274520
1.274520
1.274560
1.274600
1.274600
1.274640
1.274680
1.274720
1.274720
1.274760
1.274800
1.274840
1.274880
1.274920
1.274960
1.275000
1.275040
1.275080
1.275120
1.275160
1.275200
1.275240
1.275280
1.275320
1.275320
1.275320
1.275360
1.275360
1.275360
1.275400
1.275440
1.275480
1.275480
1.275480
1.275520
1.275560
1.275600
1.275600
1.275600
1.275640
1.275640
1.275680
1.275720
1.275760
1.275800
1.275800
1.275800
1.275840
1.275880
1.275920
1.275960
1.275960
1.276000
1.276040
1.276080
1.276080
1.276120
1.276120
1.276160
1.276200
1.276240
1.276280
1.276280
1.276320
1.276360
1.276400
1.276440
1.276480
1.276520
1.276560
1.276600
1.276640
1.276680
1.276720
1.276760
1.276800
1.276840
1.276880
1.276920
1.276960
1.276960
1.277000
1.277040
1.277080
1.277120
1.277160
1.277160
1.277200
1.277200
1.277240
1.277280
1.277320
1.277360
1.277400
1.277440
1.277480
1.277520
1.277560
1.277600
1.277640
1.277640
1.277640
1.277640
1.277680
1.277720
1.277720
1.277760
1.277800
1.277800
1.277800
1.277840
1.277880
1.277920
1.277960
1.278000
1.278040
1.278080
1.278120
1.278160
1.278200
1.278200
1.278200
1.278240
1.278280
1.278320
1.278360
1.278400
1.278440
1.278440
1.278480
1.278480
1.278520
1.278520
1.278560
1.278600
1.278640
1.278640
1.278680
1.278720
1.278760
1.278800
1.278800
1.278840
1.278880
1.278920
1.278960
1.278960
1.279000
1.279040
1.279080
1.279120
1.279120
1.279160
1.279200
1.279240
1.279240
1.279280
1.279320
1.279320
1.279320
1.279360
1.279400
1.279440
1.279480
1.279520
1.279560
1.279600
1.279640
1.279640
1.279680
1.279720
1.279760
1.279760
1.279800
1.279840
1.279880
1.279920
1.279920
1.279960
1.280000
1.280040
1.280080
1.280120
1.280160
1.280200
1.280240
1.280280
1.280320
1.280360
1.280400
1.280440
1.280480
1.280520
1.280560
1.280600
1.280600
1.280600
1.280640
1.280680
1.280720
1.280760
1.280800
1.280840
1.280880
1.280920
1.280960
1.281000
1.281040
1.281080
1.281120
1.281160
1.281200
1.281240
1.281280
1.281320
1.281360
1.281360
1.281400
1.281440
1.281440
1.281440
1.281480
1.281480
1.281480
1.281520
1.281560
1.281600
1.281600
1.281640
1.281680
1.281720
1.281760
1.281800
1.281840
1.281880
1.281920
1.281960
1.282000
1.282040
1.282040
1.282080
1.282080
1.282120
1.282160
1.282200
1.282240
1.282280
1.282320
1.282360
1.282400
1.282440
1.282480
1.282520
1.282560
1.282600
1.282640
1.282680
1.282720
1.282720
1.282760
1.282760
1.282800
1.282840
1.282880
1.282920
1.282920
1.282960
1.283000
1.283000
1.283040
1.283080
1.283120
1.283160
1.283200
1.283240
1.283280
1.283320
1.283360
1.283400
1.283440
1.283480
1.283520
1.283560
1.283560
1.283600
1.283640
1.283680
1.283720
1.283760
1.283760
1.283800
1.283840
1.283880
1.283920
1.283960
1.284000
1.284040
1.284080
1.284120
1.284160
1.284200
1.284240
1.284240
1.284280
1.284320
1.284360
1.284400
1.284400
1.284400
1.284440
1.284480
1.284520
1.284560
1.284600
1.284640
1.284680
1.284680
1.284680
1.284680
1.284720
1.284760
1.284800
1.284840
1.284880
1.284920
1.284960
1.284960
1.285000
1.285040
1.285080
1.285120
1.285160
1.285200
1.285240
1.285280
1.285320
1.285360
1.285400
1.285440
1.285480
1.285520
1.285560
1.285560
1.285560
1.285600
1.285640
1.285640
1.285680
1.285720
1.285760
1.285800
1.285840
1.285840
1.285880
1.285880
1.285920
1.285920
1.285960
1.286000
1.286040
1.286080
1.286120
1.286120
1.286160
1.286200
1.286240
1.286280
1.286320
1.286360
1.286400
1.286400
1.286440
1.286480
1.286520
1.286560
1.286600
1.286640
1.286680
1.286720
1.286720
1.286760
1.286800
1.286840
1.286880
1.286920
1.286960
1.287000
1.287000
1.287040
1.287080
1.287120
1.287160
1.287160
1.287160
1.287200
1.287240
1.287240
1.287280
1.287320
1.287360
1.287400
1.287440
1.287440
1.287480
1.287480
1.287520
1.287560
1.287600
1.287640
1.287640
1.287680
1.287720
1.287720
1.287720
1.287760
1.287760
1.287800
1.287840
1.287880
1.287920
1.287960
1.288000
1.288000
1.288040
1.288080
1.288120
1.288160
1.288200
1.288200
1.288240
1.288280
1.288320
1.288320
1.288320
1.288360
1.288400
1.288440
1.288440
1.288440
1.288480
1.288480
1.288520
1.288560
1.288600
1.288640
1.288680
1.288720
1.288720
1.288760
1.288760
1.288760
1.288760
1.288800
1.288840
1.288880
1.288920
1.288960
1.289000
1.289040
1.289080
1.289120
1.289160
1.289200
1.289200
1.289200
1.289240
1.289280
1.289320
1.289360
1.289400
1.289400
1.289440
1.289480
1.289520
1.289560
1.289600
1.289640
1.289680
1.289720
1.289760
1.289800
1.289840
1.289880
1.289880
1.289920
1.289920
1.289960
1.290000
1.290000
1.290000
1.290040
1.290080
1.290120
1.290160
1.290200
1.290200
1.290200
1.290240
1.290280
1.290280
1.290320
1.290360
1.290400
1.290440
1.290480
1.290520
1.290560
1.290600
1.290640
1.290680
1.290680
1.290720
1.290720
1.290760
1.290800
1.290840
1.290880
1.290920
1.290960
1.291000
1.291040
1.291080
1.291080
1.291120
1.291160
1.291200
1.291240
1.291280
1.291280
1.291320
1.291320
1.291360
1.291400
1.291440
1.291440
1.291480
1.291520
1.291520
1.291560
1.291600
1.291640
1.291640
1.291680
1.291720
1.291760
1.291760
1.291800
1.291840
1.291880
1.291920
1.291920
1.291960
1.291960
1.292000
1.292000
1.292000
1.292040
1.292040
1.292080
1.292120
1.292160
1.292200
1.292240
1.292280
1.292320
1.292360
1.292360
1.292400
1.292400
1.292400
1.292400
1.292440
1.292480
1.292480
1.292520
1.292560
1.292600
1.292640
1.292640
1.292680
1.292720
1.292760
1.292800
1.292840
1.292880
1.292920
1.292960
1.293000
1.293000
1.293040
1.293080
1.293080
1.293120
1.293120
1.293120
1.293160
1.293200
1.293240
1.293280
1.293320
1.293360
1.293400
1.293400
1.293440
1.293480
1.293520
1.293520
1.293560
1.293600
1.293640
1.293680
1.293720
1.293760
1.293800
1.293840
1.293880
1.293920
1.293960
1.294000
1.294040
1.294080
1.294120
1.294120
1.294160
1.294200
1.294200
1.294200
1.294200
1.294240
1.294280
1.294320
1.294320
1.294360
1.294400
1.294440
1.294480
1.294520
1.294560
1.294600
1.294600
1.294640
1.294680
1.294720
1.294760
1.294800
1.294840
1.294880
1.294880
1.294920
1.294960
1.295000
1.295040
1.295080
1.295120
1.295160
1.295200
1.295200
1.295240
1.295280
1.295320
1.295360
1.295400
1.295440
1.295480
1.295520
1.295560
1.295600
1.295600
1.295600
1.295640
1.295680
1.295720
1.295760
1.295800
1.295840
1.295880
1.295880
1.295880
1.295920
1.295960
1.296000
1.296040
1.296080
1.296080
1.296120
1.296120
1.296160
1.296200
1.296240
1.296280
1.296280
1.296320
1.296360
1.296360
1.296400
1.296440
1.296480
1.296520
1.296560
1.296600
1.296640
1.296640
1.296680
1.296720
1.296720
1.296760
1.296760
1.296800
1.296840
1.296880
1.296880
1.296920
1.296960
1.297000
1.297040
1.297080
1.297120
1.297120
1.297160
1.297200
1.297240
1.297240
1.297280
1.297320
1.297360
1.297400
1.297440
1.297480
1.297520
1.297520
1.297560
1.297600
1.297640
1.297680
1.297720
1.297760
1.297800
1.297840
1.297880
1.297920
1.297920
1.297960
1.298000
1.298000
1.298040
1.298080
1.298120
1.298160
1.298200
1.298240
1.298280
1.298320
1.298360
1.298360
1.298400
1.298440
1.298440
1.298480
1.298520
1.298560
1.298600
1.298640
1.298680
1.298680
1.298680
1.298720
1.298760
1.298800
1.298840
1.298880
1.298920
1.298960
1.299000
1.299040
1.299080
1.299120
1.299160
1.299160
1.299200
1.299240
1.299280
1.299280
1.299320
1.299360
1.299400
1.299440
1.299440
1.299440
1.299480
1.299520
1.299560
1.299600
1.299640
1.299680
1.299680
1.299720
1.299760
1.299800
1.299840
1.299880
1.299920
1.299960
1.300000
1.300040
1.300080
1.300120
1.300160
1.300200
1.300240
1.300240
1.300280
1.300320
1.300360
1.300400
1.300440
1.300480
1.300520
1.300560
1.300600
1.300600
1.300640
1.300680
1.300680
1.300720
1.300760
1.300800
1.300840
1.300880
1.300920
1.300920
1.300920
1.300920
1.300960
1.301000
1.301040
1.301080
1.301080
1.301120
1.301160
1.301200
1.301240
1.301280
1.301320
1.301320
1.301320
1.301320
1.301360
1.301400
1.301440
1.301480
1.301480
1.301520
1.301560
1.301600
1.301600
1.301640
1.301680
1.301720
1.301760
1.301800
1.301840
1.301880
1.301880
1.301920
1.301960
1.302000
1.302040
1.302080
1.302120
1.302160
1.302200
1.302240
1.302280
1.302320
1.302360
1.302400
1.302440
1.302480
1.302520
1.302560
1.302600
1.302640
1.302640
1.302680
1.302720
1.302760
1.302760
1.302800
1.302840
1.302880
1.302920
1.302960
1.303000
1.303040
1.303080
1.303120
1.303120
1.303120
1.303160
1.303200
1.303200
1.303240
1.303280
1.303320
1.303360
1.303400
1.303440
1.303480
1.303480
1.303480
1.303480
1.303520
1.303560
1.303600
1.303600
1.303640
1.303680
1.303720
1.303720
1.303760
1.303800
1.303840
1.303880
1.303880
1.303880
1.303920
1.303920
1.303960
1.304000
1.304000
1.304000
1.304040
1.304080
1.304120
1.304160
1.304200
1.304200
1.304240
1.304280
1.304280
1.304320
1.304320
1.304360
1.304360
1.304400
1.304440
1.304480
1.304520
1.304520
1.304560
1.304600
1.304640
1.304640
1.304680
1.304720
1.304720
1.304720
1.304760
1.304800
1.304840
1.304840
1.304880
1.304920
1.304920
1.304920
1.304960
1.304960
1.305000
1.305040
1.305080
1.305080
1.305120
1.305160
1.305200
1.305240
1.305280
1.305320
1.305320
1.305360
1.305360
1.305400
1.305440
1.305480
1.305520
1.305560
1.305600
1.305640
1.305680
1.305720
1.305760
1.305800
1.305840
1.305840
1.305880
1.305920
1.305920
1.305920
1.305960
1.306000
1.306000
1.306040
1.306080
1.306120
1.306160
1.306200
1.306240
1.306240
1.306280
1.306320
1.306360
1.306400
1.306440
1.306440
1.306480
1.306480
1.306520
1.306560
1.306600
1.306600
1.306640
1.306640
1.306680
1.306720
1.306760
1.306800
1.306840
1.306840
1.306880
1.306920
1.306920
1.306960
1.306960
1.306960
1.307000
1.307040
1.307080
1.307120
1.307160
1.307200
1.307200
1.307240
1.307280
1.307320
1.307360
1.307400
1.307440
1.307480
1.307520
1.307560
1.307600
1.307600
1.307640
1.307680
1.307720
1.307760
1.307800
1.307840
1.307880
1.307920
1.307960
1.308000
1.308040
1.308080
1.308120
1.308160
1.308200
1.308240
1.308280
1.308320
1.308320
1.308360
1.308400
1.308440
1.308480
1.308520
1.308560
1.308600
1.308640
1.308680
1.308720
1.308760
1.308800
1.308840
1.308880
1.308880
1.308920
1.308960
1.309000
1.309000
1.309040
1.309080
1.309120
1.309160
1.309160
1.309200
1.309240
1.309280
1.309320
1.309360
1.309400
1.309440
1.309440
1.309440
1.309480
1.309480
1.309520
1.309560
1.309600
1.309600
1.309640
1.309640
1.309680
1.309720
1.309760
1.309800
1.309840
1.309880
1.309880
1.309920
1.309960
1.310000
1.310040
1.310040
1.310080
1.310120
1.310160
1.310200
1.310200
1.310240
1.310240
1.310280
1.310320
1.310360
1.310400
1.310440
1.310440
1.310440
1.310480
1.310520
1.310560
1.310600
1.310600
1.310640
1.310680
1.310720
1.310760
1.310800
1.310840
1.310840
1.310840
1.310880
1.310880
1.310880
1.310880
1.310880
1.310920
1.310960
1.311000
1.311000
1.311040
1.311080
1.311120
1.311160
1.311160
1.311200
1.311240
1.311280
1.311320
1.311360
1.311360
1.311400
1.311440
1.311480
1.311520
1.311560
1.311560
1.311600
1.311640
1.311680
1.311720
1.311760
1.311800
1.311840
1.311840
1.311880
1.311880
1.311920
1.311960
1.312000
1.312040
1.312080
1.312120
1.312160
1.312200
1.312240
1.312280
1.312320
1.312360
1.312400
1.312400
1.312440
1.312480
1.312520
1.312560
1.312600
1.312640
1.312680
1.312720
1.312760
1.312800
1.312800
1.312800
1.312840
1.312880
1.312920
1.312960
1.313000
1.313040
1.313080
1.313120
1.313160
1.313200
1.313240
1.313280
1.313320
1.313320
1.313360
1.313400
1.313440
1.313440
1.313480
1.313520
1.313560
1.313600
1.313640
1.313680
1.313720
1.313720
1.313760
1.313800
1.313840
1.313880
1.313920
1.313920
1.313960
1.313960
1.314000
1.314040
1.314080
1.314120
1.314160
1.314200
1.314200
1.314240
1.314280
1.314320
1.314360
1.314400
1.314440
1.314480
1.314480
1.314520
1.314560
1.314600
1.314640
1.314640
1.314680
1.314720
1.314720
1.314760
1.314800
1.314800
1.314840
1.314840
1.314840
1.314880
1.314920
1.314960
1.315000
1.315000
1.315040
1.315080
1.315120
1.315120
1.315120
1.315160
1.315200
1.315240
1.315240
1.315240
1.315240
1.315240
1.315240
1.315280
1.315320
1.315320
1.315360
1.315400
1.315400
1.315440
1.315440
1.315480
1.315520
1.315560
1.315600
1.315640
1.315680
1.315720
1.315760
1.315800
1.315840
1.315880
1.315920
1.315960
1.316000
1.316040
1.316040
1.316080
1.316120
1.316160
1.316200
1.316240
1.316280
1.316320
1.316360
1.316400
1.316440
1.316480
1.316520
1.316560
1.316600
1.316640
1.316680
1.316720
1.316760
1.316800
1.316840
1.316840
1.316840
1.316840
1.316880
1.316880
1.316920
1.316960
1.317000
1.317040
1.317040
1.317080
1.317120
1.317120
1.317160
1.317200
1.317200
1.317240
1.317280
1.317320
1.317360
1.317400
1.317440
1.317480
1.317520
1.317560
1.317560
1.317600
1.317640
1.317680
1.317680
1.317680
1.317720
1.317760
1.317800
1.317800
1.317800
1.317840
1.317880
1.317920
1.317960
1.318000
1.318040
1.318040
1.318080
1.318120
1.318160
1.318200
1.318240
1.318280
1.318280
1.318320
1.318320
1.318360
1.318400
1.318400
1.318400
1.318440
1.318480
1.318520
1.318560
1.318600
1.318640
1.318640
1.318640
1.318680
1.318680
1.318680
1.318720
1.318760
1.318800
1.318840
1.318880
1.318920
1.318960
1.318960
1.319000
1.319040
1.319080
1.319120
1.319120
1.319160
1.319200
1.319240
1.319280
1.319320
1.319360
1.319400
1.319440
1.319480
1.319520
1.319520
1.319560
1.319600
1.319640
1.319680
1.319720
1.319760
1.319760
1.319800
1.319840
1.319880
1.319920
1.319960
1.320000
1.320040
1.320080
1.320120
1.320160
1.320160
1.320200
1.320240
1.320280
1.320280
1.320280
1.320320
1.320360
1.320400
1.320440
1.320480
1.320520
1.320560
1.320560
1.320600
1.320640
1.320680
1.320720
1.320760
1.320800
1.320840
1.320880
1.320920
1.320960
1.321000
1.321040
1.321080
1.321080
1.321120
1.321160
1.321200
1.321200
1.321240
1.321280
1.321320
1.321360
1.321400
1.321440
1.321440
1.321480
1.321520
1.321560
1.321600
1.321640
1.321680
1.321720
1.321720
1.321760
1.321760
1.321800
1.321840
1.321880
1.321920
1.321960
1.322000
1.322040
1.322080
1.322120
1.322160
1.322200
1.322200
1.322240
1.322280
1.322320
1.322360
1.322360
1.322400
1.322400
1.322440
1.322480
1.322520
1.322520
1.322560
1.322600
1.322640
1.322680
1.322720
1.322760
1.322800
1.322800
1.322840
1.322880
1.322920
1.322920
1.322920
1.322960
1.323000
1.323040
1.323040
1.323040
1.323040
1.323080
1.323120
1.323160
1.323200
1.323240
1.323240
1.323240
1.323280
1.323320
1.323360
1.323400
1.323440
1.323480
1.323520
1.323520
1.323560
1.323600
1.323600
1.323640
1.323680
1.323720
1.323760
1.323800
1.323840
1.323880
1.323920
1.323960
1.324000
1.324040
1.324080
1.324080
1.324120
1.324160
1.324200
1.324200
1.324240
1.324280
1.324280
1.324320
1.324360
1.324400
1.324440
1.324480
1.324520
1.324560
1.324600
1.324640
1.324680
1.324720
1.324760
1.324800
1.324840
1.324880
1.324880
1.324920
1.324960
1.325000
1.325040
1.325080
1.325120
1.325160
1.325200
1.325240
1.325280
1.325320
1.325360
1.325400
1.325440
1.325480
1.325480
1.325520
1.325520
1.325520
1.325520
1.325520
1.325560
1.325600
1.325600
1.325640
1.325680
1.325720
1.325720
1.325760
1.325800
1.325840
1.325880
1.325880
1.325920
1.325920
1.325960
1.325960
1.326000
1.326000
1.326040
1.326040
1.326080
1.326120
1.326160
1.326200
1.326240
1.326280
1.326280
1.326320
1.326320
1.326360
1.326400
1.326440
1.326480
1.326520
1.326520
1.326520
1.326520
1.326560
1.326600
1.326640
1.326680
1.326680
1.326720
1.326760
1.326760
1.326760
1.326800
1.326840
1.326880
1.326880
1.326880
1.326920
1.326960
1.327000
1.327040
1.327080
1.327120
1.327160
1.327200
1.327240
1.327280
1.327320
1.327360
1.327400
1.327440
1.327480
1.327520
1.327560
1.327600
1.327640
1.327680
1.327720
1.327760
1.327800
1.327840
1.327880
1.327920
1.327920
1.327920
1.327960
1.328000
1.328040
1.328080
1.328120
1.328160
1.328200
1.328240
1.328280
1.328280
1.328280
1.328320
1.328360
1.328360
1.328360
1.328400
1.328440
1.328480
1.328480
1.328520
1.328560
1.328600
1.328640
1.328680
1.328720
1.328760
1.328800
1.328840
1.328840
1.328880
1.328880
1.328880
1.328920
1.328920
1.328960
1.329000
1.329040
1.329080
1.329120
1.329120
1.329120
1.329160
1.329200
1.329240
1.329240
1.329280
1.329320
1.329360
1.329360
1.329400
1.329440
1.329480
1.329480
1.329520
1.329560
1.329600
1.329640
1.329680
1.329720
1.329720
1.329760
1.329800
1.329840
1.329880
1.329920
1.329920
1.329920
1.329960
1.329960
1.330000
1.330040
1.330040
1.330080
1.330120
1.330120
1.330160
1.330200
1.330240
1.330280
1.330320
1.330320
1.330320
1.330360
1.330400
1.330440
1.330480
1.330520
1.330520
1.330560
1.330560
1.330600
1.330600
1.330640
1.330680
1.330720
1.330760
1.330800
1.330840
1.330840
1.330840
1.330840
1.330880
1.330920
1.330960
1.331000
1.331000
1.331040
1.331080
1.331120
1.331120
1.331120
1.331160
1.331200
1.331240
1.331280
1.331280
1.331320
1.331360
1.331400
1.331440
1.331480
1.331520
1.331560
1.331600
1.331640
1.331680
1.331680
1.331720
1.331720
1.331720
1.331760
1.331800
1.331800
1.331840
1.331880
1.331880
1.331920
1.331920
1.331960
1.332000
1.332040
1.332080
1.332120
1.332160
1.332160
1.332160
1.332200
1.332240
1.332280
1.332320
1.332360
1.332400
1.332440
1.332480
1.332480
1.332480
1.332520
1.332560
1.332600
1.332600
1.332640
1.332680
1.332680
1.332720
1.332760
1.332760
1.332800
1.332800
1.332840
1.332880
1.332920
1.332960
1.333000
1.333040
1.333080
1.333080
1.333120
1.333160
1.333200
1.333240
1.333280
1.333320
1.333320
1.333320
1.333360
1.333360
1.333360
1.333400
1.333440
1.333480
1.333520
1.333520
1.333520
1.333560
1.333560
1.333600
1.333640
1.333680
1.333720
1.333760
1.333800
1.333840
1.333840
1.333880
1.333920
1.333920
1.333960
1.334000
1.334000
1.334040
1.334080
1.334120
1.334160
1.334200
1.334240
1.334280
1.334320
1.334360
1.334360
1.334400
1.334440
1.334480
1.334520
1.334520
1.334560
1.334560
1.334560
1.334600
1.334640
1.334680
1.334720
1.334720
1.334760
1.334760
1.334800
1.334840
1.334880
1.334920
1.334920
1.334960
1.335000
1.335000
1.335040
1.335080
1.335120
1.335160
1.335200
1.335240
1.335280
1.335280
1.335280
1.335320
1.335320
1.335360
1.335400
1.335440
1.335440
1.335480
1.335520
1.335520
1.335560
1.335560
1.335600
1.335640
1.335680
1.335720
1.335720
1.335720
1.335720
1.335760
1.335800
1.335840
1.335840
1.335880
1.335920
1.335960
1.336000
1.336040
1.336040
1.336080
1.336120
1.336160
1.336200
1.336240
1.336280
1.336320
1.336360
1.336400
1.336400
1.336440
1.336440
1.336480
1.336520
1.336560
1.336560
1.336600
1.336640
1.336640
1.336680
1.336720
1.336760
1.336800
1.336840
1.336840
1.336880
1.336920
1.336920
1.336960
1.337000
1.337000
1.337040
1.337080
1.337120
1.337160
1.337200
1.337240
1.337280
1.337320
1.337360
1.337400
1.337440
1.337440
1.337480
1.337520
1.337520
1.337560
1.337600
1.337640
1.337640
1.337680
1.337720
1.337760
1.337800
1.337840
1.337880
1.337880
1.337880
1.337920
1.337920
1.337960
1.338000
1.338040
1.338080
1.338120
1.338160
1.338200
1.338240
1.338280
1.338320
1.338320
1.338360
1.338400
1.338440
1.338480
1.338520
1.338560
1.338600
1.338640
1.338680
1.338720
1.338760
1.338800
1.338840
1.338880
1.338920
1.338960
1.339000
1.339000
1.339040
1.339080
1.339080
1.339120
1.339160
1.339200
1.339240
1.339280
1.339320
1.339360
1.339400
1.339440
1.339480
1.339520
1.339560
1.339600
1.339640
1.339680
1.339680
1.339680
1.339720
1.339760
1.339800
1.339840
1.339880
1.339880
1.339920
1.339960
1.339960
1.340000
1.340040
1.340040
1.340080
1.340120
1.340160
1.340200
1.340240
1.340280
1.340320
1.340360
1.340400
1.340440
1.340440
1.340480
1.340480
1.340520
1.340560
1.340600
1.340640
1.340680
1.340720
1.340760
1.340800
1.340800
1.340840
1.340880
1.340920
1.340960
1.341000
1.341040
1.341080
1.341120
1.341160
1.341160
1.341200
1.341240
1.341280
1.341320
1.341360
1.341400
1.341440
1.341480
1.341520
1.341560
1.341600
1.341640
1.341680
1.341720
1.341760
1.341800
1.341840
1.341880
1.341920
1.341960
1.341960
1.342000
1.342040
1.342080
1.342120
1.342160
1.342200
1.342240
1.342240
1.342280
1.342280
1.342320
1.342360
1.342360
1.342400
1.342440
1.342480
1.342520
1.342560
1.342560
1.342600
1.342600
1.342640
1.342680
1.342720
1.342760
1.342800
1.342840
1.342840
1.342880
1.342920
1.342960
1.343000
1.343040
1.343080
1.343120
1.343160
1.343160
1.343200
1.343200
1.343240
1.343280
1.343320
1.343360
1.343400
1.343440
1.343480
1.343480
1.343480
1.343520
1.343520
1.343560
1.343560
1.343600
1.343640
1.343680
1.343720
1.343760
1.343800
1.343840
1.343880
1.343920
1.343960
1.343960
1.344000
1.344040
1.344080
1.344120
1.344160
1.344160
1.344160
1.344200
1.344240
1.344280
1.344320
1.344360
1.344400
1.344440
1.344440
1.344480
1.344520
1.344560
1.344560
1.344600
1.344640
1.344680
1.344720
1.344760
1.344760
1.344760
1.344800
1.344840
1.344880
1.344920
1.344960
1.345000
1.345040
1.345080
1.345120
1.345160
1.345200
1.345240
1.345280
1.345320
1.345360
1.345360
1.345400
1.345440
1.345480
1.345520
1.345560
1.345600
1.345600
1.345600
1.345600
1.345600
1.345640
1.345680
1.345720
1.345760
1.345800
1.345800
1.345840
1.345880
1.345920
1.345960
1.346000
1.346000
1.346040
1.346040
1.346080
1.346120
1.346160
1.346160
1.346160
1.346160
1.346200
1.346200
1.346240
1.346280
1.346320
1.346360
1.346360
1.346400
1.346400
1.346440
1.346480
1.346520
1.346560
1.346600
1.346640
1.346680
1.346720
1.346760
1.346800
1.346840
1.346840
1.346880
1.346920
1.346960
1.347000
1.347000
1.347040
1.347080
1.347080
1.347080
1.347120
1.347160
1.347200
1.347240
1.347280
1.347320
1.347360
1.347360
1.347400
1.347440
1.347480
1.347520
1.347560
1.347600
1.347640
1.347680
1.347720
1.347760
1.347800
1.347800
1.347840
1.347880
1.347920
1.347960
1.348000
1.348040
1.348080
1.348120
1.348160
1.348160
1.348200
1.348240
1.348280
1.348320
1.348360
1.348360
1.348360
1.348400
1.348440
1.348480
1.348520
1.348560
1.348560
1.348600
1.348640
1.348680
1.348720
1.348760
1.348800
1.348800
1.348800
1.348840
1.348840
1.348840
1.348840
1.348880
1.348920
1.348960
1.349000
1.349000
1.349040
1.349080
1.349120
1.349160
1.349160
1.349200
1.349240
1.349280
1.349320
1.349360
1.349400
1.349440
1.349440
1.349480
1.349520
1.349520
1.349560
1.349600
1.349640
1.349680
1.349720
1.349720
1.349760
1.349800
1.349840
1.349880
1.349920
1.349960
1.349960
1.350000
1.350040
1.350080
1.350080
1.350120
1.350160
1.350160
1.350160
1.350200
1.350240
1.350280
1.350320
1.350360
1.350400
1.350440
1.350440
1.350440
1.350480
1.350480
1.350520
1.350520
1.350560
1.350600
1.350640
1.350680
1.350720
1.350760
1.350800
1.350800
1.350840
1.350880
1.350880
1.350920
1.350960
1.350960
1.351000
1.351040
1.351080
1.351120
1.351120
1.351160
1.351200
1.351240
1.351280
1.351280
1.351320
1.351320
1.351360
1.351400
1.351440
1.351440
1.351440
1.351480
1.351520
1.351560
1.351600
1.351640
1.351680
1.351720
1.351760
1.351800
1.351840
1.351880
1.351920
1.351960
1.352000
1.352040
1.352040
1.352080
1.352080
1.352080
1.352120
1.352160
1.352200
1.352240
1.352280
1.352320
1.352360
1.352400
1.352440
1.352480
1.352480
1.352520
1.352560
1.352600
1.352640
1.352680
1.352720
1.352760
1.352760
1.352800
1.352840
1.352880
1.352920
1.352960
1.353000
1.353040
1.353080
1.353080
1.353120
1.353160
1.353200
1.353200
1.353240
1.353280
1.353320
1.353360
1.353400
1.353400
1.353440
1.353480
1.353480
1.353520
1.353560
1.353560
1.353600
1.353640
1.353640
1.353680
1.353680
1.353720
1.353760
1.353760
1.353800
1.353800
1.353840
1.353880
1.353920
1.353960
1.354000
1.354000
1.354040
1.354040
1.354040
1.354040
1.354040
1.354040
1.354080
1.354080
1.354120
1.354160
1.354160
1.354200
1.354200
1.354240
1.354280
1.354320
1.354360
1.354400
1.354440
1.354480
1.354520
1.354560
1.354600
1.354640
1.354680
1.354720
1.354760
1.354800
1.354840
1.354880
1.354920
1.354960
1.355000
1.355040
1.355080
1.355080
1.355120
1.355160
1.355200
1.355240
1.355240
1.355280
1.355320
1.355360
1.355400
1.355400
1.355400
1.355440
1.355480
1.355520
1.355560
1.355600
1.355640
1.355680
1.355720
1.355760
1.355800
1.355840
1.355880
1.355920
1.355960
1.356000
1.356040
1.356040
1.356080
1.356120
1.356160
1.356200
1.356240
1.356280
1.356280
1.356320
1.356320
1.356320
1.356360
1.356400
1.356440
1.356480
1.356520
1.356560
1.356600
1.356640
1.356640
1.356680
1.356720
1.356720
1.356760
1.356800
1.356840
1.356880
1.356920
1.356960
1.357000
1.357000
1.357040
1.357080
1.357080
1.357080
1.357120
1.357120
1.357160
1.357200
1.357240
1.357240
1.357280
1.357320
1.357360
1.357400
1.357440
1.357480
1.357480
1.357520
1.357520
1.357560
1.357600
1.357640
1.357680
1.357680
1.357680
1.357720
1.357720
1.357760
1.357760
1.357800
1.357840
1.357880
1.357880
1.357920
1.357920
1.357960
1.357960
1.358000
1.358040
1.358080
1.358120
1.358160
1.358160
1.358200
1.358240
1.358240
1.358280
1.358280
1.358280
1.358320
1.358360
1.358400
1.358440
1.358480
1.358520
1.358560
1.358560
1.358600
1.358640
1.358680
1.358720
1.358760
1.358800
1.358840
1.358880
1.358920
1.358960
1.358960
1.358960
1.359000
1.359040
1.359080
1.359120
1.359120
1.359160
1.359200
1.359240
1.359280
1.359320
1.359360
1.359400
1.359440
1.359480
1.359520
1.359560
1.359600
1.359640
1.359680
1.359720
1.359720
1.359720
1.359760
1.359800
1.359800
1.359840
1.359840
1.359880
1.359920
1.359960
1.359960
1.360000
1.360040
1.360080
1.360080
1.360120
1.360160
1.360200
1.360240
1.360280
1.360320
1.360360
1.360400
1.360400
1.360400
1.360440
1.360480
1.360520
1.360520
1.360560
1.360600
1.360600
1.360600
1.360640
1.360680
1.360720
1.360760
1.360800
1.360840
1.360880
1.360920
1.360960
1.360960
1.361000
1.361000
1.361040
1.361080
1.361120
1.361160
1.361200
1.361240
1.361280
1.361320
1.361360
1.361400
1.361400
1.361440
1.361480
1.361520
1.361560
1.361600
1.361640
1.361680
1.361720
1.361760
1.361800
1.361840
1.361880
1.361920
1.361960
1.362000
1.362040
1.362080
1.362120
1.362160
1.362200
1.362240
1.362280
1.362320
1.362360
1.362400
1.362440
1.362480
1.362520
1.362560
1.362600
1.362600
1.362640
1.362680
1.362720
1.362760
1.362800
1.362800
1.362800
1.362840
1.362880
1.362880
1.362920
1.362960
1.363000
1.363040
1.363080
1.363120
1.363160
1.363160
1.363200
1.363240
1.363240
1.363280
1.363320
1.363320
1.363360
1.363400
1.363400
1.363440
1.363480
1.363520
1.363560
1.363600
1.363640
1.363680
1.363680
1.363720
1.363760
1.363760
1.363760
1.363800
1.363840
1.363880
1.363920
1.363960
1.363960
1.364000
1.364040
1.364080
1.364120
1.364160
1.364160
1.364200
1.364240
1.364240
1.364280
1.364320
1.364360
1.364400
1.364440
1.364480
1.364480
1.364520
1.364560
1.364600
1.364600
1.364640
1.364680
1.364720
1.364760
1.364800
1.364840
1.364880
1.364920
1.364960
1.365000
1.365040
1.365080
1.365080
1.365080
1.365120
1.365160
1.365200
1.365200
1.365240
1.365280
1.365280
1.365320
1.365320
1.365360
1.365360
1.365400
1.365400
1.365440
1.365440
1.365480
1.365520
1.365560
1.365560
1.365600
1.365600
1.365640
1.365680
1.365720
1.365760
1.365800
1.365840
1.365880
1.365920
1.365960
1.366000
1.366000
1.366040
1.366080
1.366080
1.366120
1.366160
1.366200
1.366240
1.366280
1.366320
1.366360
1.366360
1.366400
1.366440
1.366480
1.366480
1.366520
1.366520
1.366560
1.366600
1.366640
1.366680
1.366720
1.366720
1.366760
1.366800
1.366840
1.366840
1.366880
1.366920
1.366960
1.367000
1.367040
1.367080
1.367120
1.367120
1.367120
1.367160
1.367200
1.367240
1.367280
1.367320
1.367360
1.367360
1.367400
1.367440
1.367480
1.367480
1.367520
1.367560
1.367600
1.367640
1.367680
1.367720
1.367720
1.367760
1.367800
1.367840
1.367880
1.367920
1.367960
1.368000
1.368000
1.368000
1.368040
1.368080
1.368120
1.368160
1.368200
1.368200
1.368240
1.368280
1.368320
1.368360
1.368400
1.368400
1.368440
1.368440
1.368480
1.368520
1.368520
1.368520
1.368560
1.368600
1.368640
1.368680
1.368720
1.368720
1.368760
1.368800
1.368840
1.368880
1.368920
1.368920
1.368960
1.369000
1.369040
1.369040
1.369040
1.369080
1.369120
1.369160
1.369160
1.369200
1.369240
1.369240
1.369280
1.369320
1.369320
1.369360
1.369400
1.369440
1.369480
1.369520
1.369560
1.369600
1.369600
1.369640
1.369640
1.369680
1.369720
1.369720
1.369760
1.369760
1.369760
1.369760
1.369800
1.369800
1.369840
1.369880
1.369920
1.369960
1.370000
1.370040
1.370080
1.370120
1.370160
1.370200
1.370240
1.370280
1.370320
1.370360
1.370400
1.370440
1.370480
1.370520
1.370560
1.370600
1.370640
1.370680
1.370720
1.370760
1.370760
1.370760
1.370800
1.370800
1.370840
1.370880
1.370920
1.370960
1.371000
1.371040
1.371040
1.371080
1.371120
1.371160
1.371200
1.371240
1.371280
1.371320
1.371360
1.371360
1.371400
1.371440
1.371440
1.371480
1.371480
1.371520
1.371560
1.371600
1.371640
1.371680
1.371720
1.371760
1.371800
1.371840
1.371840
1.371880
1.371880
1.371920
1.371960
1.372000
1.372040
1.372040
1.372080
1.372120
1.372160
1.372200
1.372240
1.372280
1.372280
1.372320
1.372360
1.372360
1.372400
1.372440
1.372480
1.372480
1.372480
1.372520
1.372560
1.372600
1.372640
1.372640
1.372640
1.372680
1.372720
1.372760
1.372800
1.372840
1.372880
1.372920
1.372960
1.373000
1.373040
1.373080
1.373120
1.373120
1.373160
1.373200
1.373240
1.373240
1.373280
1.373280
1.373280
1.373320
1.373360
1.373400
1.373440
1.373480
1.373520
1.373560
1.373560
1.373600
1.373640
1.373680
1.373720
1.373760
1.373800
1.373840
1.373840
1.373840
1.373880
1.373920
1.373960
1.374000
1.374040
1.374080
1.374080
1.374120
1.374120
1.374160
1.374200
1.374240
1.374280
1.374280
1.374320
1.374360
1.374400
1.374400
1.374440
1.374440
1.374480
1.374520
1.374560
1.374600
1.374640
1.374680
1.374720
1.374720
1.374760
1.374800
1.374840
1.374880
1.374920
1.374960
1.375000
1.375040
1.375080
1.375080
1.375120
1.375160
1.375200
1.375240
1.375280
1.375280
1.375320
1.375360
1.375400
1.375440
1.375440
1.375480
1.375520
1.375560
1.375600
1.375600
1.375640
1.375680
1.375680
1.375720
1.375720
1.375720
1.375760
1.375800
1.375840
1.375840
1.375880
1.375880
1.375920
1.375920
1.375960
1.375960
1.376000
1.376040
1.376080
1.376120
1.376160
1.376200
1.376200
1.376200
1.376240
1.376280
1.376320
1.376360
1.376360
1.376400
1.376440
1.376440
1.376480
1.376520
1.376560
1.376600
1.376640
1.376680
1.376720
1.376760
1.376760
1.376800
1.376840
1.376880
1.376920
1.376960
1.377000
1.377000
1.377040
1.377080
1.377120
1.377160
1.377200
1.377240
1.377280
1.377320
1.377360
1.377400
1.377400
1.377400
1.377440
1.377480
1.377520
1.377560
1.377600
1.377640
1.377680
1.377720
1.377760
1.377800
1.377840
1.377840
1.377880
1.377920
1.377960
1.378000
1.378040
1.378040
1.378080
1.378080
1.378120
1.378160
1.378200
1.378240
1.378240
1.378280
1.378280
1.378280
1.378320
1.378360
1.378400
1.378440
1.378480
1.378520
1.378560
1.378600
1.378640
1.378680
1.378720
1.378760
1.378800
1.378840
1.378880
1.378920
1.378920
1.378960
1.379000
1.379040
1.379040
1.379080
1.379120
1.379160
1.379200
1.379240
1.379280
1.379320
1.379360
1.379400
1.379440
1.379480
1.379520
1.379560
1.379560
1.379600
1.379600
1.379640
1.379640
1.379680
1.379680
1.379720
1.379760
1.379800
1.379840
1.379880
1.379920
1.379960
1.380000
1.380040
1.380080
1.380120
1.380160
1.380200
1.380240
1.380280
1.380320
1.380360
1.380360
1.380400
1.380440
1.380480
1.380520
1.380560
1.380600
1.380600
1.380640
1.380680
1.380720
1.380760
1.380800
1.380840
1.380880
1.380880
1.380920
1.380960
1.381000
1.381040
1.381080
1.381120
1.381160
1.381200
1.381240
1.381280
1.381280
1.381280
1.381320
1.381360
1.381400
1.381440
1.381480
1.381520
1.381560
1.381600
1.381640
1.381640
1.381680
1.381720
1.381760
1.381800
1.381800
1.381840
1.381840
1.381880
1.381920
1.381960
1.381960
1.382000
1.382040
1.382040
1.382040
1.382080
1.382120
1.382120
1.382160
1.382200
1.382240
1.382280
1.382320
1.382360
1.382400
1.382440
1.382480
1.382520
1.382560
1.382600
1.382640
1.382680
1.382720
1.382760
1.382800
1.382800
1.382840
1.382880
1.382880
1.382920
1.382960
1.383000
1.383040
1.383080
1.383120
1.383120
1.383160
1.383200
1.383240
1.383240
1.383280
1.383280
1.383280
1.383320
1.383360
1.383400
1.383440
1.383480
1.383520
1.383560
1.383600
1.383640
1.383640
1.383640
1.383640
1.383680
1.383720
1.383760
1.383800
1.383840
1.383880
1.383920
1.383960
1.384000
1.384000
1.384040
1.384040
1.384080
1.384120
1.384160
1.384200
1.384200
1.384240
1.384280
1.384320
1.384360
1.384400
1.384440
1.384440
1.384480
1.384520
1.384560
1.384600
1.384640
1.384680
1.384680
1.384680
1.384720
1.384760
1.384760
1.384800
1.384840
1.384880
1.384920
1.384960
1.385000
1.385040
1.385080
1.385080
1.385120
1.385160
1.385200
1.385200
1.385200
1.385240
1.385280
1.385320
1.385360
1.385400
1.385440
1.385480
1.385520
1.385560
1.385600
1.385600
1.385640
1.385680
1.385680
1.385720
1.385760
1.385760
1.385800
1.385840
1.385880
1.385880
1.385920
1.385960
1.386000
1.386040
1.386080
1.386080
1.386120
1.386160
1.386200
1.386240
1.386280
1.386320
1.386360
1.386400
1.386440
1.386480
1.386520
1.386520
1.386520
1.386560
1.386600
1.386640
1.386680
1.386720
1.386760
1.386800
1.386800
1.386800
1.386840
1.386880
1.386920
1.386960
1.387000
1.387040
1.387080
1.387120
1.387160
1.387200
1.387240
1.387280
1.387280
1.387320
1.387360
1.387400
1.387440
1.387480
1.387520
1.387560
1.387600
1.387640
1.387680
1.387680
1.387680
1.387720
1.387720
1.387760
1.387800
1.387800
1.387840
1.387840
1.387840
1.387880
1.387920
1.387960
1.387960
1.388000
1.388040
1.388080
1.388120
1.388160
1.388200
1.388200
1.388200
1.388240
1.388280
1.388320
1.388360
1.388400
1.388440
1.388480
1.388520
1.388520
1.388560
1.388600
1.388640
1.388640
1.388680
1.388720
1.388760
1.388800
1.388840
1.388880
1.388880
1.388920
1.388960
1.389000
1.389040
1.389040
1.389080
1.389120
1.389160
1.389200
1.389240
1.389280
1.389320
1.389360
1.389400
1.389440
1.389480
1.389480
1.389480
1.389520
1.389560
1.389600
1.389640
1.389640
1.389680
1.389720
1.389760
1.389800
1.389800
1.389840
1.389880
1.389880
1.389920
1.389960
1.390000
1.390040
1.390080
1.390120
1.390160
1.390200
1.390240
1.390280
1.390320
1.390320
1.390360
1.390400
1.390400
1.390440
1.390480
1.390520
1.390560
1.390600
1.390600
1.390640
1.390680
1.390720
1.390760
1.390800
1.390840
1.390840
1.390880
1.390920
1.390920
1.390920
1.390960
1.391000
1.391000
1.391040
1.391080
1.391120
1.391160
1.391200
1.391240
1.391280
1.391320
1.391360
1.391400
1.391440
1.391480
1.391520
1.391560
1.391600
1.391640
1.391680
1.391720
1.391760
1.391760
1.391800
1.391840
1.391880
1.391920
1.391960
1.391960
1.392000
1.392000
1.392040
1.392040
1.392040
1.392040
1.392040
1.392040
1.392080
1.392080
1.392120
1.392160
1.392200
1.392240
1.392280
1.392320
1.392360
1.392360
1.392400
1.392440
1.392480
1.392520
1.392560
1.392600
1.392640
1.392680
1.392680
1.392720
1.392720
1.392760
1.392800
1.392840
1.392840
1.392880
1.392920
1.392960
1.393000
1.393040
1.393080
1.393120
1.393120
1.393120
1.393160
1.393200
1.393240
1.393280
1.393320
1.393320
1.393360
1.393400
1.393400
1.393440
1.393480
1.393520
1.393560
1.393560
1.393600
1.393600
1.393640
1.393640
1.393680
1.393720
1.393760
1.393800
1.393840
1.393880
1.393920
1.393960
1.394000
1.394040
1.394040
1.394080
1.394120
1.394120
1.394120
1.394160
1.394200
1.394240
1.394280
1.394280
1.394320
1.394320
1.394360
1.394400
1.394440
1.394480
1.394520
1.394560
1.394560
1.394600
1.394600
1.394600
1.394640
1.394680
1.394720
1.394760
1.394760
1.394800
1.394800
1.394840
1.394840
1.394880
1.394920
1.394960
1.395000
1.395000
1.395040
1.395040
1.395080
1.395080
1.395120
1.395160
1.395160
1.395160
1.395200
1.395240
1.395280
1.395280
1.395320
1.395360
1.395400
1.395440
1.395480
1.395520
1.395520
1.395560
1.395560
1.395600
1.395640
1.395640
1.395680
1.395720
1.395760
1.395800
1.395840
1.395880
1.395920
1.395960
1.396000
1.396040
1.396080
1.396120
1.396120
1.396120
1.396120
1.396160
1.396200
1.396240
1.396240
1.396280
1.396320
1.396360
1.396400
1.396440
1.396480
1.396480
1.396520
1.396560
1.396600
1.396600
1.396640
1.396680
1.396680
1.396720
1.396760
1.396760
1.396760
1.396800
1.396800
1.396840
1.396880
1.396920
1.396960
1.396960
1.396960
1.397000
1.397040
1.397080
1.397080
1.397120
1.397160
1.397200
1.397200
1.397240
1.397280
1.397320
1.397360
1.397360
1.397360
1.397400
1.397440
1.397480
1.397520
1.397560
1.397560
1.397600
1.397640
1.397680
1.397720
1.397720
1.397720
1.397760
1.397800
1.397840
1.397880
1.397920
1.397920
1.397960
1.398000
1.398040
1.398080
1.398120
1.398120
1.398160
1.398200
1.398240
1.398240
1.398280
1.398320
1.398360
1.398400
1.398440
1.398440
1.398480
1.398520
1.398560
1.398600
1.398600
1.398640
1.398680
1.398720
1.398760
1.398800
1.398800
1.398840
1.398880
1.398920
1.398960
1.399000
1.399040
1.399040
1.399080
1.399120
1.399120
1.399160
1.399200
1.399240
1.399280
1.399320
1.399360
1.399400
1.399440
1.399480
1.399520
1.399560
1.399560
1.399600
1.399600
1.399640
1.399640
1.399680
1.399720
1.399760
1.399800
1.399840
1.399880
1.399880
1.399920
1.399960
1.400000
1.400040
1.400080
1.400120
1.400120
1.400160
1.400200
1.400240
1.400280
1.400280
1.400320
1.400360
1.400400
1.400440
1.400440
1.400480
1.400520
1.400560
1.400560
1.400600
1.400600
1.400640
1.400680
1.400720
1.400760
1.400800
1.400840
1.400880
1.400920
1.400960
1.401000
1.401040
1.401080
1.401080
1.401120
1.401160
1.401160
1.401200
1.401240
1.401280
1.401320
1.401360
1.401360
1.401400
1.401440
1.401480
1.401480
1.401520
1.401560
1.401600
1.401640
1.401680
1.401720
1.401760
1.401800
1.401840
1.401880
1.401880
1.401920
1.401960
1.402000
1.402040
1.402040
1.402080
1.402120
1.402160
1.402200
1.402200
1.402240
1.402280
1.402320
1.402360
1.402400
1.402440
1.402440
1.402480
1.402520
1.402560
1.402600
1.402640
1.402680
1.402720
1.402720
1.402760
1.402800
1.402840
1.402880
1.402880
1.402920
1.402960
1.402960
1.403000
1.403040
1.403080
1.403120
1.403160
1.403200
1.403240
1.403280
1.403320
1.403360
1.403360
1.403360
1.403400
1.403440
1.403480
1.403520
1.403520
1.403560
1.403560
1.403600
1.403640
1.403680
1.403680
1.403680
1.403680
1.403680
1.403720
1.403720
1.403760
1.403800
1.403800
1.403840
1.403880
1.403920
1.403960
1.404000
1.404040
1.404080
1.404080
1.404080
1.404080
1.404120
1.404160
1.404200
1.404240
1.404240
1.404280
1.404320
1.404360
1.404400
1.404440
1.404480
1.404520
1.404560
1.404600
1.404640
1.404680
1.404680
1.404680
1.404720
1.404760
1.404800
1.404800
1.404840
1.404880
1.404920
1.404960
1.405000
1.405040
1.405040
1.405080
1.405120
1.405160
1.405200
1.405200
1.405240
1.405240
1.405240
1.405240
1.405280
1.405320
1.405360
1.405360
1.405360
1.405400
1.405440
1.405480
1.405520
1.405560
1.405600
1.405600
1.405640
1.405640
1.405680
1.405720
1.405760
1.405800
1.405840
1.405840
1.405840
1.405880
1.405880
1.405920
1.405960
1.406000
1.406040
1.406080
1.406120
1.406160
1.406200
1.406240
1.406280
1.406280
1.406320
1.406320
1.406360
1.406400
1.406440
1.406480
1.406520
1.406560
1.406600
1.406640
1.406640
1.406640
1.406640
1.406640
1.406680
1.406680
1.406720
1.406760
1.406760
1.406760
1.406800
1.406840
1.406840
1.406880
1.406880
1.406920
1.406960
1.407000
1.407040
1.407080
1.407120
1.407160
1.407160
1.407200
1.407240
1.407280
1.407320
1.407360
1.407400
1.407440
1.407480
1.407520
1.407560
1.407560
1.407600
1.407600
1.407640
1.407640
1.407680
1.407680
1.407680
1.407720
1.407760
1.407800
1.407840
1.407880
1.407880
1.407920
1.407960
1.408000
1.408040
1.408080
1.408120
1.408160
1.408200
1.408240
1.408280
1.408320
1.408360
1.408360
1.408360
1.408400
1.408440
1.408480
1.408480
1.408520
1.408560
1.408560
1.408600
1.408640
1.408680
1.408720
1.408760
1.408800
1.408800
1.408840
1.408880
1.408880
1.408920
1.408920
1.408920
1.408920
1.408920
1.408920
1.408920
1.408960
1.409000
1.409040
1.409080
1.409120
1.409160
1.409200
1.409240
1.409280
1.409320
1.409360
1.409400
1.409440
1.409480
1.409520
1.409560
1.409600
1.409600
1.409640
1.409680
1.409720
1.409760
1.409800
1.409840
1.409840
1.409880
1.409880
1.409920
1.409960
1.409960
1.410000
1.410040
1.410080
1.410120
1.410160
1.410160
1.410200
1.410200
1.410240
1.410280
1.410280
1.410320
1.410360
1.410400
1.410440
1.410440
1.410480
1.410520
1.410560
1.410560
1.410600
1.410640
1.410640
1.410640
1.410680
1.410720
1.410760
1.410760
1.410800
1.410800
1.410840
1.410840
1.410880
1.410920
1.410960
1.411000
1.411040
1.411040
1.411080
1.411120
1.411160
1.411200
1.411240
1.411280
1.411320
1.411360
1.411400
1.411440
1.411480
1.411520
1.411560
1.411600
1.411640
1.411680
1.411720
1.411720
1.411760
1.411760
1.411800
1.411840
1.411840
1.411880
1.411920
1.411920
1.411960
1.411960
1.412000
1.412040
1.412080
1.412120
1.412160
1.412200
1.412200
1.412240
1.412240
1.412240
1.412240
1.412280
1.412320
1.412360
1.412400
1.412440
1.412480
1.412520
1.412560
1.412600
1.412640
1.412680
1.412720
1.412720
1.412760
1.412800
1.412840
1.412880
1.412920
1.412960
1.413000
1.413000
1.413040
1.413080
1.413120
1.413160
1.413200
1.413240
1.413280
1.413320
1.413360
1.413400
1.413440
1.413480
1.413520
1.413560
1.413600
1.413640
1.413680
1.413720
1.413760
1.413800
1.413840
1.413880
1.413920
1.413920
1.413960
1.413960
1.414000
1.414040
1.414080
1.414120
1.414120
1.414120
1.414160
1.414200
1.414240
1.414280
1.414320
1.414360
1.414360
1.414400
1.414440
1.414480
1.414480
1.414520
1.414560
1.414560
1.414600
1.414640
1.414680
1.414720
1.414720
1.414760
1.414800
1.414840
1.414880
1.414920
1.414960
1.415000
1.415040
1.415080
1.415080
1.415120
1.415120
1.415120
1.415160
1.415200
1.415240
1.415280
1.415320
1.415320
1.415320
1.415320
1.415360
1.415400
1.415440
1.415480
1.415520
1.415560
1.415600
1.415600
1.415640
1.415640
1.415640
1.415680
1.415720
1.415720
1.415720
1.415760
1.415800
1.415840
1.415880
1.415920
1.415920
1.415960
1.415960
1.416000
1.416040
1.416040
1.416080
1.416120
1.416160
1.416200
1.416240
1.416280
1.416320
1.416360
1.416400
1.416440
1.416480
1.416520
1.416520
1.416560
1.416600
1.416600
1.416640
1.416680
1.416720
1.416760
1.416800
1.416840
1.416840
1.416880
1.416920
1.416960
1.417000
1.417000
1.417000
1.417040
1.417080
1.417080
1.417120
1.417160
1.417200
1.417240
1.417280
1.417320
1.417360
1.417360
1.417400
1.417440
1.417480
1.417520
1.417560
1.417600
1.417640
1.417680
1.417720
1.417760
1.417800
1.417800
1.417840
1.417840
1.417880
1.417880
1.417920
1.417920
1.417960
1.418000
1.418000
1.418040
1.418080
1.418120
1.418120
1.418160
1.418160
1.418200
1.418240
1.418240
1.418240
1.418240
1.418280
1.418280
1.418280
1.418320
1.418360
1.418400
1.418400
1.418440
1.418480
1.418520
1.418520
1.418520
1.418560
1.418560
1.418560
1.418600
1.418600
1.418640
1.418680
1.418720
1.418760
1.418800
1.418840
1.418880
1.418920
1.418960
1.419000
1.419040
1.419040
1.419040
1.419080
1.419080
1.419080
1.419080
1.419080
1.419120
1.419120
1.419160
1.419200
1.419200
1.419240
1.419240
1.419240
1.419280
1.419320
1.419360
1.419400
1.419400
1.419400
1.419440
1.419440
1.419480
1.419480
1.419520
1.419560
1.419600
1.419600
1.419640
1.419680
1.419720
1.419760
1.419800
1.419840
1.419880
1.419920
1.419960
1.420000
1.420040
1.420080
1.420080
1.420120
1.420120
1.420160
1.420200
1.420200
1.420240
1.420280
1.420320
1.420360
1.420360
1.420360
1.420400
1.420440
1.420480
1.420480
1.420520
1.420560
1.420600
1.420640
1.420680
1.420680
1.420720
1.420760
1.420800
1.420840
1.420880
1.420920
1.420960
1.421000
1.421040
1.421080
1.421080
1.421120
1.421160
1.421160
1.421200
1.421240
1.421280
1.421320
1.421360
1.421400
1.421440
1.421480
1.421520
1.421520
1.421560
1.421600
1.421600
1.421640
1.421680
1.421680
1.421720
1.421760
1.421760
1.421800
1.421840
1.421880
1.421880
1.421920
1.421960
1.421960
1.421960
1.422000
1.422040
1.422080
1.422120
1.422160
1.422200
1.422200
1.422240
1.422280
1.422320
1.422360
1.422400
1.422440
1.422480
1.422480
1.422520
1.422560
1.422600
1.422640
1.422680
1.422680
1.422720
1.422760
1.422800
1.422840
1.422880
1.422920
1.422920
1.422960
1.423000
1.423040
1.423080
1.423120
1.423160
1.423160
1.423200
1.423200
1.423240
1.423280
1.423320
1.423360
1.423400
1.423440
1.423480
1.423480
1.423520
1.423560
1.423600
1.423600
1.423640
1.423680
1.423720
1.423760
1.423800
1.423800
1.423800
1.423840
1.423840
1.423880
1.423920
1.423960
1.424000
1.424000
1.424040
1.424080
1.424080
1.424080
1.424080
1.424120
1.424160
1.424200
1.424240
1.424280
1.424320
1.424320
1.424360
1.424360
1.424400
1.424400
1.424440
1.424480
1.424520
1.424560
1.424600
1.424640
1.424680
1.424720
1.424760
1.424800
1.424840
1.424840
1.424880
1.424920
1.424960
1.424960
1.424960
1.425000
1.425040
1.425080
1.425120
1.425120
1.425160
1.425200
1.425240
1.425280
1.425320
1.425360
1.425360
1.425400
1.425440
1.425480
1.425520
1.425560
1.425600
1.425640
1.425640
1.425680
1.425720
1.425760
1.425800
1.425840
1.425880
1.425920
1.425960
1.426000
1.426000
1.426040
1.426080
1.426120
1.426160
1.426200
1.426200
1.426240
1.426240
1.426240
1.426240
1.426280
1.426320
1.426360
1.426360
1.426360
1.426400
1.426440
1.426480
1.426520
1.426520
1.426560
1.426560
1.426600
1.426600
1.426640
1.426680
1.426720
1.426760
1.426800
1.426800
1.426840
1.426880
1.426920
1.426960
1.427000
1.427040
1.427080
1.427120
1.427160
1.427160
1.427200
1.427240
1.427280
1.427320
1.427360
1.427400
1.427440
1.427480
1.427520
1.427520
1.427560
1.427560
1.427600
1.427640
1.427680
1.427720
1.427720
1.427720
1.427760
1.427800
1.427840
1.427880
1.427880
1.427920
1.427960
1.427960
1.428000
1.428040
1.428080
1.428120
1.428160
1.428200
1.428240
1.428280
1.428320
1.428360
1.428400
1.428440
1.428480
1.428480
1.428520
1.428560
1.428600
1.428640
1.428680
1.428720
1.428760
1.428800
1.428840
1.428880
1.428920
1.428960
1.429000
1.429040
1.429080
1.429120
1.429160
1.429160
1.429200
1.429240
1.429280
1.429320
1.429320
1.429360
1.429400
1.429400
1.429440
1.429480
1.429520
1.429560
1.429600
1.429600
1.429600
1.429640
1.429680
1.429720
1.429720
1.429760
1.429800
1.429840
1.429880
1.429920
1.429960
1.429960
1.429960
1.429960
1.430000
1.430000
1.430000
1.430040
1.430080
1.430120
1.430160
1.430200
1.430240
1.430280
1.430280
1.430320
1.430360
1.430400
1.430440
1.430480
1.430520
1.430560
1.430600
1.430640
1.430640
1.430680
1.430720
1.430760
1.430760
1.430760
1.430800
1.430800
1.430840
1.430840
1.430840
1.430880
1.430880
1.430920
1.430960
1.431000
1.431040
1.431080
1.431080
1.431080
1.431120
1.431120
1.431160
1.431160
1.431200
1.431200
1.431240
1.431280
1.431280
1.431320
1.431360
1.431400
1.431440
1.431480
1.431520
1.431560
1.431600
1.431640
1.431680
1.431720
1.431760
1.431800
1.431840
1.431880
1.431880
1.431920
1.431960
1.432000
1.432000
1.432040
1.432080
1.432120
1.432160
1.432200
1.432240
1.432280
1.432280
1.432320
1.432360
1.432400
1.432440
1.432480
1.432520
1.432560
1.432600
1.432640
1.432680
1.432720
1.432760
1.432800
1.432840
1.432880
1.432920
1.432960
1.433000
1.433040
1.433080
1.433120
1.433160
1.433200
1.433240
1.433280
1.433320
1.433320
1.433360
1.433400
1.433440
1.433480
1.433520
1.433520
1.433560
1.433600
1.433640
1.433680
1.433720
1.433760
1.433800
1.433840
1.433880
1.433880
1.433880
1.433920
1.433960
1.434000
1.434040
1.434080
1.434120
1.434160
1.434200
1.434240
1.434280
1.434280
1.434320
1.434320
1.434360
1.434360
1.434400
1.434440
1.434440
1.434480
1.434520
1.434560
1.434560
1.434600
1.434600
1.434640
1.434640
1.434640
1.434680
1.434720
1.434760
1.434800
1.434840
1.434880
1.434920
1.434920
1.434960
1.435000
1.435000
1.435000
1.435040
1.435040
1.435080
1.435120
1.435160
1.435200
1.435200
1.435240
1.435280
1.435320
1.435360
1.435400
1.435400
1.435440
1.435440
1.435480
1.435520
1.435560
1.435600
1.435640
1.435680
1.435720
1.435760
1.435800
1.435800
1.435840
1.435880
1.435880
1.435920
1.435960
1.435960
1.436000
1.436040
1.436080
1.436080
1.436080
1.436120
1.436160
1.436200
1.436240
1.436280
1.436320
1.436320
1.436360
1.436360
1.436400
1.436400
1.436440
1.436480
1.436520
1.436560
1.436600
1.436640
1.436680
1.436720
1.436760
1.436800
1.436840
1.436880
1.436920
1.436960
1.437000
1.437000
1.437040
1.437040
1.437080
1.437080
1.437120
1.437160
1.437160
1.437200
1.437240
1.437280
1.437320
1.437360
1.437400
1.437400
1.437440
1.437480
1.437520
1.437560
1.437600
1.437640
1.437680
1.437720
1.437760
1.437800
1.437840
1.437880
1.437920
1.437920
1.437960
1.438000
1.438000
1.438040
1.438080
1.438120
1.438160
1.438200
1.438240
1.438240
1.438240
1.438240
1.438280
1.438280
1.438320
1.438320
1.438360
1.438400
1.438440
1.438480
1.438520
1.438520
1.438520
1.438560
1.438600
1.438600
1.438640
1.438680
1.438720
1.438760
1.438800
1.438840
1.438880
1.438920
1.438960
1.439000
1.439040
1.439080
1.439120
1.439160
1.439200
1.439240
1.439280
1.439320
1.439360
1.439360
1.439360
1.439400
1.439440
1.439440
1.439440
1.439480
1.439520
1.439560
1.439560
1.439600
1.439640
1.439640
1.439680
1.439680
1.439720
1.439760
1.439800
1.439840
1.439880
1.439920
1.439960
1.440000
1.440000
1.440040
1.440040
1.440080
1.440120
1.440120
1.440160
1.440160
1.440200
1.440240
1.440280
1.440320
1.440360
1.440400
1.440440
1.440480
1.440520
1.440560
1.440600
1.440640
1.440680
1.440680
1.440720
1.440760
1.440800
1.440840
1.440880
1.440920
1.440960
1.441000
1.441040
1.441040
1.441080
1.441080
1.441120
1.441160
1.441160
1.441200
1.441240
1.441280
1.441280
1.441320
1.441360
1.441400
1.441440
1.441440
1.441480
1.441480
1.441480
1.441520
1.441560
1.441600
1.441640
1.441680
1.441720
1.441760
1.441800
1.441840
1.441880
1.441920
1.441960
1.442000
1.442040
1.442040
1.442080
1.442120
1.442160
1.442200
1.442240
1.442240
1.442240
1.442280
1.442320
1.442360
1.442400
1.442440
1.442480
1.442520
1.442560
1.442600
1.442640
1.442680
1.442720
1.442760
1.442800
1.442840
1.442880
1.442920
1.442920
1.442960
1.443000
1.443000
1.443000
1.443000
1.443040
1.443080
1.443120
1.443160
1.443160
1.443200
1.443240
1.443240
1.443280
1.443280
1.443320
1.443320
1.443360
1.443400
1.443440
1.443480
1.443520
1.443520
1.443560
1.443560
1.443600
1.443600
1.443640
1.443680
1.443720
1.443760
1.443800
1.443800
1.443840
1.443880
1.443920
1.443960
1.443960
1.443960
1.443960
1.444000
1.444040
1.444080
1.444080
1.444080
1.444120
1.444160
1.444200
1.444240
1.444280
1.444280
1.444320
1.444320
1.444360
1.444400
1.444440
1.444480
1.444480
1.444520
1.444520
1.444520
1.444560
1.444600
1.444640
1.444680
1.444680
1.444680
1.444680
1.444720
1.444760
1.444800
1.444840
1.444840
1.444880
1.444880
1.444920
1.444960
1.445000
1.445000
1.445040
1.445080
1.445080
1.445120
1.445160
1.445200
1.445240
1.445240
1.445280
1.445280
1.445280
1.445280
1.445320
1.445360
1.445400
1.445440
1.445440
1.445480
1.445520
1.445560
1.445600
1.445640
1.445640
1.445680
1.445720
1.445760
1.445800
1.445840
1.445880
1.445920
1.445960
1.446000
1.446040
1.446080
1.446120
1.446160
1.446160
1.446200
1.446200
1.446200
1.446240
1.446280
1.446320
1.446320
1.446360
1.446360
1.446400
1.446440
1.446480
1.446520
1.446560
1.446600
1.446600
1.446600
1.446640
1.446680
1.446680
1.446720
1.446720
1.446760
1.446800
1.446800
1.446840
1.446880
1.446920
1.446960
1.447000
1.447000
1.447040
1.447080
1.447120
1.447160
1.447200
1.447240
1.447280
1.447320
1.447360
1.447400
1.447440
1.447480
1.447520
1.447560
1.447560
1.447600
1.447640
1.447680
1.447680
1.447720
1.447760
1.447800
1.447840
1.447880
1.447920
1.447960
1.447960
1.448000
1.448000
1.448000
1.448000
1.448040
1.448080
1.448080
1.448120
1.448160
1.448200
1.448240
1.448280
1.448280
1.448280
1.448280
1.448320
1.448360
1.448400
1.448440
1.448480
1.448520
1.448520
1.448560
1.448600
1.448640
1.448680
1.448680
1.448720
1.448720
1.448760
1.448800
1.448840
1.448880
1.448920
1.448960
1.449000
1.449040
1.449080
1.449120
1.449120
1.449160
1.449160
1.449200
1.449240
1.449280
1.449320
1.449360
1.449360
1.449400
1.449440
1.449480
1.449480
1.449520
1.449520
1.449560
1.449600
1.449600
1.449640
1.449680
1.449720
1.449760
1.449800
1.449840
1.449840
1.449880
1.449880
1.449880
1.449920
1.449920
1.449920
1.449960
1.449960
1.449960
1.450000
1.450000
1.450000
1.450040
1.450040
1.450040
1.450080
1.450120
1.450160
1.450200
1.450240
1.450240
1.450240
1.450240
1.450280
1.450280
1.450320
1.450360
1.450400
1.450440
1.450480
1.450520
1.450560
1.450560
1.450560
1.450600
1.450640
1.450680
1.450720
1.450760
1.450800
1.450840
1.450880
1.450880
1.450920
1.450960
1.451000
1.451040
1.451080
1.451120
1.451120
1.451120
1.451120
1.451160
1.451200
1.451240
1.451280
1.451320
1.451360
1.451360
1.451400
1.451440
1.451480
1.451480
1.451480
1.451520
1.451560
1.451600
1.451600
1.451640
1.451640
1.451680
1.451720
1.451760
1.451800
1.451840
1.451880
1.451920
1.451960
1.452000
1.452040
1.452080
1.452120
1.452160
1.452200
1.452240
1.452240
1.452280
1.452320
1.452360
1.452360
1.452400
1.452440
1.452480
1.452520
1.452560
1.452600
1.452640
1.452680
1.452720
1.452760
1.452800
1.452800
1.452840
1.452880
1.452920
1.452920
1.452960
1.453000
1.453040
1.453080
1.453120
1.453160
1.453200
1.453200
1.453240
1.453280
1.453320
1.453360
1.453360
1.453400
1.453440
1.453480
1.453520
1.453520
1.453560
1.453600
1.453640
1.453680
1.453720
1.453760
1.453760
1.453800
1.453800
1.453840
1.453840
1.453880
1.453920
1.453960
1.454000
1.454040
1.454040
1.454080
1.454120
1.454160
1.454200
1.454240
1.454280
1.454320
1.454360
1.454400
1.454440
1.454480
1.454520
1.454560
1.454600
1.454640
1.454680
1.454720
1.454760
1.454800
1.454840
1.454880
1.454880
1.454920
1.454960
1.455000
1.455040
1.455080
1.455080
1.455080
1.455120
1.455160
1.455200
1.455240
1.455280
1.455320
1.455360
1.455400
1.455440
1.455480
1.455520
1.455560
1.455600
1.455640
1.455680
1.455680
1.455680
1.455720
1.455760
1.455800
1.455840
1.455880
1.455880
1.455920
1.455960
1.456000
1.456040
1.456040
1.456080
1.456120
1.456120
1.456160
1.456200
1.456200
1.456240
1.456280
1.456280
1.456320
1.456360
1.456400
1.456440
1.456480
1.456520
1.456560
1.456600
1.456600
1.456640
1.456680
1.456720
1.456720
1.456760
1.456800
1.456800
1.456840
1.456880
1.456920
1.456960
1.457000
1.457040
1.457040
1.457040
1.457080
1.457080
1.457080
1.457120
1.457120
1.457160
1.457200
1.457240
1.457280
1.457320
1.457360
1.457400
1.457440
1.457480
1.457520
1.457520
1.457560
1.457560
1.457600
1.457640
1.457680
1.457720
1.457720
1.457760
1.457800
1.457840
1.457880
1.457920
1.457960
1.458000
1.458040
1.458040
1.458080
1.458080
1.458120
1.458120
1.458160
1.458200
1.458240
1.458280
1.458320
1.458360
1.458400
1.458400
1.458440
1.458480
1.458520
1.458520
1.458560
1.458600
1.458640
1.458680
1.458720
1.458760
1.458800
1.458840
1.458880
1.458920
1.458960
1.458960
1.459000
1.459000
1.459000
1.459040
1.459080
1.459120
1.459160
1.459200
1.459240
1.459280
1.459320
1.459360
1.459400
1.459440
1.459480
1.459520
1.459520
1.459560
1.459600
1.459600
1.459640
1.459680
1.459720
1.459760
1.459800
1.459840
1.459880
1.459920
1.459960
1.459960
1.460000
1.460040
1.460080
1.460120
1.460120
1.460160
1.460160
1.460200
1.460240
1.460280
1.460320
1.460320
1.460360
1.460400
1.460400
1.460440
1.460440
1.460480
1.460520
1.460560
1.460600
1.460640
1.460680
1.460720
1.460760
1.460800
1.460840
1.460880
1.460920
1.460920
1.460960
1.461000
1.461000
1.461040
1.461080
1.461120
1.461160
1.461200
1.461240
1.461280
1.461280
1.461280
1.461280
1.461320
1.461360
1.461360
1.461360
1.461400
1.461440
1.461480
1.461520
1.461520
1.461520
1.461560
1.461600
1.461640
1.461680
1.461720
1.461720
1.461760
1.461800
1.461840
1.461880
1.461920
1.461960
1.462000
1.462040
1.462080
1.462080
1.462080
1.462120
1.462160
1.462200
1.462240
1.462280
1.462280
1.462320
1.462360
1.462400
1.462440
1.462480
1.462520
1.462560
1.462600
1.462640
1.462680
1.462720
1.462760
1.462800
1.462840
1.462880
1.462920
1.462920
1.462920
1.462960
1.463000
1.463040
1.463040
1.463080
1.463080
1.463120
1.463160
1.463160
1.463200
1.463240
1.463280
1.463320
1.463360
1.463400
1.463440
1.463440
1.463480
1.463520
1.463560
1.463600
1.463640
1.463640
1.463640
1.463680
1.463720
1.463760
1.463800
1.463840
1.463880
1.463880
1.463920
1.463960
1.464000
1.464040
1.464080
1.464120
1.464160
1.464200
1.464200
1.464240
1.464280
1.464320
1.464360
1.464400
1.464440
1.464480
1.464480
1.464520
1.464520
1.464560
1.464600
1.464600
1.464640
1.464680
1.464680
1.464720
1.464760
1.464800
1.464840
1.464880
1.464920
1.464960
1.465000
1.465040
1.465080
1.465120
1.465160
1.465200
1.465240
1.465280
1.465280
1.465280
1.465320
1.465360
1.465360
1.465360
1.465400
1.465440
1.465480
1.465520
1.465520
1.465560
1.465600
1.465640
1.465640
1.465680
1.465720
1.465720
1.465760
1.465800
1.465840
1.465840
1.465880
1.465920
1.465960
1.466000
1.466000
1.466040
1.466080
1.466120
1.466160
1.466200
1.466240
1.466280
1.466320
1.466360
1.466360
1.466360
1.466400
1.466400
1.466440
1.466480
1.466520
1.466560
1.466600
1.466640
1.466680
1.466720
1.466760
1.466800
1.466840
1.466880
1.466920
1.466960
1.466960
1.467000
1.467040
1.467080
1.467120
1.467120
1.467160
1.467200
1.467240
1.467280
1.467280
1.467280
1.467320
1.467360
1.467400
1.467440
1.467480
1.467480
1.467480
1.467520
1.467560
1.467600
1.467640
1.467680
1.467720
1.467720
1.467760
1.467800
1.467840
1.467840
1.467880
1.467920
1.467960
1.468000
1.468040
1.468080
1.468120
1.468120
1.468160
1.468160
1.468200
1.468240
1.468280
1.468280
1.468320
1.468360
1.468400
1.468400
1.468440
1.468480
1.468480
1.468520
1.468560
1.468560
1.468600
1.468640
1.468680
1.468720
1.468760
1.468800
1.468840
1.468880
1.468920
1.468960
1.468960
1.468960
1.469000
1.469040
1.469080
1.469120
1.469120
1.469160
1.469160
1.469200
1.469240
1.469280
1.469320
1.469360
1.469400
1.469440
1.469480
1.469480
1.469520
1.469560
1.469600
1.469640
1.469680
1.469720
1.469760
1.469800
1.469840
1.469840
1.469880
1.469920
1.469920
1.469960
1.470000
1.470040
1.470080
1.470080
1.470080
1.470120
1.470160
1.470160
1.470200
1.470240
1.470280
1.470320
1.470360
1.470400
1.470440
1.470480
1.470520
1.470520
1.470560
1.470600
1.470600
1.470640
1.470680
1.470680
1.470720
1.470760
1.470800
1.470840
1.470880
1.470920
1.470960
1.471000
1.471040
1.471080
1.471120
1.471120
1.471160
1.471200
1.471240
1.471280
1.471280
1.471280
1.471320
1.471360
1.471400
1.471440
1.471480
1.471520
1.471560
1.471600
1.471640
1.471680
1.471720
1.471760
1.471800
1.471840
1.471880
1.471920
1.471960
1.472000
1.472040
1.472040
1.472080
1.472120
1.472160
1.472200
1.472240
1.472240
1.472280
1.472320
1.472360
1.472400
1.472400
1.472400
1.472400
1.472440
1.472480
1.472520
1.472560
1.472600
1.472640
1.472680
1.472680
1.472720
1.472760
1.472760
1.472800
1.472800
1.472840
1.472840
1.472880
1.472920
1.472960
1.473000
1.473040
1.473080
1.473120
1.473160
1.473160
1.473160
1.473160
1.473200
1.473240
1.473280
1.473280
1.473320
1.473320
1.473320
1.473360
1.473400
1.473440
1.473480
1.473520
1.473560
1.473560
1.473600
1.473640
1.473680
1.473680
1.473720
1.473720
1.473760
1.473760
1.473800
1.473840
1.473840
1.473880
1.473880
1.473880
1.473880
1.473920
1.473960
1.474000
1.474040
1.474040
1.474080
1.474120
1.474160
1.474200
1.474240
1.474280
1.474320
1.474360
1.474400
1.474440
1.474440
1.474480
1.474480
1.474520
1.474520
1.474560
1.474600
1.474600
1.474600
1.474640
1.474680
1.474720
1.474760
1.474800
1.474840
1.474880
1.474880
1.474920
1.474960
1.475000
1.475000
1.475000
1.475040
1.475080
1.475080
1.475080
1.475080
1.475120
1.475160
1.475200
1.475240
1.475240
1.475280
1.475320
1.475320
1.475360
1.475400
1.475440
1.475440
1.475480
1.475520
1.475560
1.475600
1.475600
1.475600
1.475600
1.475640
1.475680
1.475720
1.475760
1.475760
1.475800
1.475840
1.475840
1.475840
1.475840
1.475880
1.475920
1.475920
1.475960
1.476000
1.476040
1.476080
1.476120
1.476160
1.476200
1.476240
1.476240
1.476280
1.476320
1.476360
1.476400
1.476400
1.476440
1.476480
1.476520
1.476560
1.476600
1.476640
1.476680
1.476720
1.476760
1.476800
1.476840
1.476840
1.476880
1.476920
1.476960
1.477000
1.477040
1.477040
1.477040
1.477080
1.477120
1.477120
1.477160
1.477200
1.477200
1.477240
1.477280
1.477320
1.477360
1.477400
1.477400
1.477440
1.477480
1.477520
1.477560
1.477600
1.477640
1.477680
1.477680
1.477720
1.477760
1.477760
1.477800
1.477840
1.477880
1.477880
1.477880
1.477920
1.477960
1.478000
1.478040
1.478040
1.478080
1.478120
1.478160
1.478200
1.478240
1.478240
1.478280
1.478320
1.478360
1.478400
1.478440
1.478480
1.478480
1.478520
1.478560
1.478560
1.478600
1.478640
1.478640
1.478680
1.478720
1.478720
1.478720
1.478760
1.478760
1.478800
1.478840
1.478880
1.478920
1.478960
1.479000
1.479000
1.479040
1.479080
1.479120
1.479160
1.479200
1.479240
1.479240
1.479240
1.479280
1.479320
1.479360
1.479400
1.479400
1.479400
1.479400
1.479440
1.479480
1.479480
1.479520
1.479560
1.479600
1.479640
1.479680
1.479720
1.479760
1.479800
1.479800
1.479800
1.479800
1.479840
1.479840
1.479880
1.479920
1.479920
1.479960
1.480000
1.480040
1.480080
1.480120
1.480160
1.480200
1.480200
1.480200
1.480240
1.480280
1.480320
1.480320
1.480360
1.480360
1.480400
1.480440
1.480480
1.480480
1.480520
1.480560
1.480600
1.480640
1.480680
1.480720
1.480760
1.480800
1.480840
1.480880
1.480920
1.480960
1.480960
1.481000
1.481040
1.481080
1.481120
1.481160
1.481200
1.481240
1.481280
1.481280
1.481320
1.481360
1.481400
1.481440
1.481480
1.481520
1.481560
1.481600
1.481600
1.481640
1.481680
1.481720
1.481720
1.481760
1.481800
1.481840
1.481880
1.481920
1.481960
1.482000
1.482040
1.482080
1.482120
1.482120
1.482160
1.482200
1.482240
1.482280
1.482320
1.482360
1.482400
1.482440
1.482480
1.482520
1.482560
1.482560
1.482600
1.482640
1.482680
1.482720
1.482760
1.482800
1.482840
1.482880
1.482920
1.482960
1.482960
1.483000
1.483040
1.483080
1.483120
1.483160
1.483200
1.483240
1.483280
1.483320
1.483360
1.483400
1.483440
1.483480
1.483480
1.483520
1.483560
1.483600
1.483640
1.483680
1.483680
1.483680
1.483720
1.483760
1.483800
1.483840
1.483840
1.483880
1.483920
1.483960
1.483960
1.484000
1.484000
1.484040
1.484040
1.484080
1.484120
1.484160
1.484160
1.484200
1.484200
1.484200
1.484240
1.484240
1.484280
1.484320
1.484360
1.484400
1.484440
1.484480
1.484520
1.484560
1.484600
1.484600
1.484600
1.484600
1.484640
1.484680
1.484720
1.484760
1.484760
1.484800
1.484840
1.484880
1.484880
1.484920
1.484960
1.485000
1.485000
1.485040
1.485080
1.485120
1.485160
1.485160
1.485200
1.485240
1.485240
1.485280
1.485320
1.485360
1.485400
1.485440
1.485480
1.485520
1.485560
1.485560
1.485600
1.485600
1.485640
1.485680
1.485720
1.485760
1.485800
1.485800
1.485840
1.485880
1.485880
1.485880
1.485920
1.485960
1.486000
1.486040
1.486080
1.486080
1.486120
1.486160
1.486200
1.486240
1.486240
1.486280
1.486320
1.486360
1.486400
1.486440
1.486480
1.486520
1.486560
1.486560
1.486600
1.486640
1.486640
1.486680
1.486720
1.486720
1.486720
1.486760
1.486800
1.486840
1.486880
1.486880
1.486920
1.486920
1.486920
1.486960
1.487000
1.487040
1.487080
1.487120
1.487160
1.487160
1.487200
1.487200
1.487240
1.487280
1.487320
1.487360
1.487360
1.487400
1.487440
1.487480
1.487520
1.487560
1.487600
1.487640
1.487680
1.487720
1.487760
1.487800
1.487840
1.487840
1.487880
1.487920
1.487960
1.488000
1.488040
1.488080
1.488120
1.488120
1.488120
1.488160
1.488200
1.488200
1.488240
1.488280
1.488320
1.488320
1.488360
1.488360
1.488400
1.488440
1.488480
1.488480
1.488520
1.488560
1.488600
1.488640
1.488680
1.488720
1.488760
1.488760
1.488800
1.488840
1.488880
1.488920
1.488960
1.488960
1.488960
1.488960
1.489000
1.489040
1.489040
1.489080
1.489120
1.489120
1.489160
1.489200
1.489240
1.489240
1.489280
1.489320
1.489360
1.489400
1.489440
1.489480
1.489520
1.489560
1.489600
1.489640
1.489640
1.489680
1.489720
1.489760
1.489760
1.489800
1.489840
1.489880
1.489920
1.489960
1.490000
1.490000
1.490040
1.490080
1.490120
1.490120
1.490160
1.490160
1.490200
1.490240
1.490280
1.490280
1.490280
1.490320
1.490320
1.490360
1.490400
1.490440
1.490480
1.490520
1.490560
1.490600
1.490640
1.490680
1.490720
1.490720
1.490760
1.490800
1.490840
1.490880
1.490920
1.490960
1.491000
1.491040
1.491080
1.491120
1.491160
1.491200
1.491240
1.491280
1.491320
1.491320
1.491320
1.491320
1.491320
1.491320
1.491360
1.491400
1.491400
1.491440
1.491480
1.491520
1.491520
1.491560
1.491600
1.491640
1.491640
1.491680
1.491720
1.491760
1.491760
1.491800
1.491800
1.491840
1.491880
1.491920
1.491960
1.492000
1.492000
1.492040
1.492080
1.492120
1.492160
1.492200
1.492240
1.492280
1.492280
1.492320
1.492360
1.492400
1.492440
1.492480
1.492520
1.492560
1.492600
1.492640
1.492680
1.492720
1.492760
1.492800
1.492840
1.492880
1.492880
1.492920
1.492960
1.493000
1.493040
1.493080
1.493120
1.493160
1.493200
1.493240
1.493240
1.493280
1.493320
1.493320
1.493360
1.493360
1.493400
1.493440
1.493480
1.493520
1.493560
1.493560
1.493560
1.493560
1.493560
1.493600
1.493640
1.493680
1.493720
1.493760
1.493800
1.493840
1.493880
1.493920
1.493960
1.494000
1.494040
1.494080
1.494120
1.494160
1.494200
1.494200
1.494240
1.494280
1.494320
1.494360
1.494400
1.494400
1.494400
1.494400
1.494440
1.494440
1.494480
1.494520
1.494560
1.494600
1.494600
1.494640
1.494680
1.494680
1.494720
1.494760
1.494800
1.494840
1.494880
1.494920
1.494920
1.494960
1.495000
1.495040
1.495080
1.495080
1.495120
1.495160
1.495200
1.495240
1.495280
1.495320
1.495360
1.495400
1.495400
1.495440
1.495440
1.495480
1.495520
1.495560
1.495600
1.495640
1.495680
1.495720
1.495760
1.495800
1.495800
1.495840
1.495880
1.495920
1.495960
1.496000
1.496040
1.496040
1.496080
1.496120
1.496160
1.496200
1.496200
1.496240
1.496280
1.496320
1.496360
1.496400
1.496440
1.496480
1.496520
1.496520
1.496520
1.496560
1.496600
1.496640
1.496640
1.496640
1.496680
1.496720
1.496760
1.496800
1.496840
1.496880
1.496920
1.496960
1.497000
1.497040
1.497040
1.497080
1.497120
1.497160
1.497200
1.497240
1.497280
1.497280
1.497320
1.497320
1.497360
1.497400
1.497400
1.497400
1.497440
1.497480
1.497520
1.497560
1.497600
1.497640
1.497680
1.497680
1.497720
1.497760
1.497800
1.497840
1.497880
1.497880
1.497880
1.497880
1.497920
1.497920
1.497960
1.498000
1.498040
1.498080
1.498120
1.498160
1.498200
1.498240
1.498280
1.498280
1.498280
1.498320
1.498360
1.498360
1.498400
1.498400
1.498440
1.498480
1.498520
1.498560
1.498600
1.498600
1.498600
1.498640
1.498680
1.498720
1.498760
1.498800
1.498800
1.498840
1.498880
1.498920
1.498920
1.498920
1.498920
1.498960
1.498960
1.498960
1.499000
1.499000
1.499000
1.499040
1.499080
1.499080
1.499120
1.499160
1.499160
1.499200
1.499200
1.499240
1.499280
1.499320
1.499360
1.499400
1.499400
1.499440
1.499480
1.499520
1.499560
1.499600
1.499640
1.499680
1.499680
1.499720
1.499760
1.499800
1.499840
1.499880
1.499920
1.499960
1.500000
1.500000
1.500040
1.500080
1.500120
1.500160
1.500160
1.500200
1.500200
1.500240
1.500280
1.500320
1.500360
1.500400
1.500400
1.500440
1.500480
1.500480
1.500520
1.500560
1.500600
1.500600
1.500640
1.500680
1.500720
1.500760
1.500800
1.500840
1.500880
1.500920
1.500960
1.500960
1.501000
1.501040
1.501080
1.501120
1.501160
1.501200
1.501240
1.501280
1.501320
1.501360
1.501400
1.501440
1.501480
1.501520
1.501520
1.501520
1.501560
1.501600
1.501600
1.501640
1.501640
1.501680
1.501720
1.501760
1.501800
1.501840
1.501840
1.501880
1.501920
1.501920
1.501960
1.502000
1.502040
1.502080
1.502120
1.502160
1.502200
1.502240
1.502280
1.502320
1.502360
1.502400
1.502440
1.502480
1.502520
1.502560
1.502600
1.502640
1.502680
1.502720
1.502760
1.502800
1.502840
1.502840
1.502880
1.502880
1.502880
1.502920
1.502920
1.502960
1.502960
1.503000
1.503040
1.503080
1.503120
1.503160
1.503200
1.503240
1.503280
1.503280
1.503280
1.503320
1.503360
1.503360
1.503400
1.503440
1.503480
1.503480
1.503520
1.503560
1.503600
1.503640
1.503680
1.503680
1.503680
1.503720
1.503760
1.503760
1.503800
1.503800
1.503840
1.503880
1.503920
1.503920
1.503960
1.504000
1.504040
1.504080
1.504120
1.504160
1.504160
1.504200
1.504240
1.504280
1.504320
1.504360
1.504400
1.504440
1.504440
1.504480
1.504520
1.504520
1.504520
1.504560
1.504560
1.504600
1.504640
1.504640
1.504640
1.504680
1.504720
1.504760
1.504800
1.504800
1.504840
1.504880
1.504880
1.504880
1.504920
1.504960
1.505000
1.505040
1.505080
1.505120
1.505160
1.505200
1.505240
1.505280
1.505320
1.505360
1.505360
1.505360
1.505400
1.505440
1.505480
1.505520
1.505560
1.505560
1.505600
1.505640
1.505680
1.505720
1.505760
1.505800
1.505840
1.505880
1.505880
1.505880
1.505920
1.505960
1.506000
1.506040
1.506080
1.506080
1.506120
1.506160
1.506200
1.506240
1.506280
1.506280
1.506280
1.506320
1.506360
1.506400
1.506440
1.506480
1.506520
1.506560
1.506560
1.506600
1.506640
1.506640
1.506680
1.506720
1.506720
1.506760
1.506760
1.506800
1.506840
1.506880
1.506920
1.506960
1.507000
1.507040
1.507040
1.507080
1.507080
1.507120
1.507160
1.507200
1.507240
1.507240
1.507280
1.507320
1.507360
1.507400
1.507440
1.507480
1.507520
1.507560
1.507600
1.507600
1.507600
1.507640
1.507680
1.507680
1.507720
1.507760
1.507800
1.507840
1.507880
1.507920
1.507960
1.508000
1.508040
1.508080
1.508080
1.508120
1.508160
1.508200
1.508240
1.508240
1.508280
1.508320
1.508360
1.508400
1.508440
1.508480
1.508480
1.508520
1.508520
1.508560
1.508600
1.508640
1.508680
1.508720
1.508760
1.508800
1.508840
1.508840
1.508880
1.508920
1.508960
1.508960
1.509000
1.509040
1.509080
1.509080
1.509120
1.509160
1.509200
1.509240
1.509240
1.509240
1.509240
1.509280
1.509320
1.509320
1.509320
1.509360
1.509400
1.509440
1.509480
1.509520
1.509520
1.509560
1.509600
1.509640
1.509640
1.509680
1.509720
1.509720
1.509720
1.509760
1.509760
1.509800
1.509840
1.509880
1.509920
1.509960
1.509960
1.510000
1.510040
1.510080
1.510120
1.510160
1.510200
1.510240
1.510280
1.510280
1.510320
1.510360
1.510400
1.510440
1.510480
1.510480
1.510520
1.510560
1.510560
1.510600
1.510640
1.510680
1.510720
1.510760
1.510800
1.510800
1.510800
1.510840
1.510880
1.510920
1.510960
1.511000
1.511000
1.511040
1.511040
1.511080
1.511120
1.511120
1.511120
1.511120
1.511160
1.511200
1.511240
1.511280
1.511280
1.511280
1.511320
1.511360
1.511400
1.511400
1.511440
1.511480
1.511520
1.511560
1.511600
1.511600
1.511640
1.511680
1.511680
1.511680
1.511720
1.511760
1.511800
1.511840
1.511840
1.511880
1.511920
1.511960
1.512000
1.512000
1.512040
1.512080
1.512120
1.512160
1.512200
1.512240
1.512280
1.512320
1.512360
1.512360
1.512400
1.512440
1.512480
1.512520
1.512520
1.512560
1.512600
1.512640
1.512680
1.512720
1.512760
1.512760
1.512800
1.512840
1.512880
1.512920
1.512960
1.513000
1.513040
1.513080
1.513120
1.513160
1.513160
1.513160
1.513200
1.513240
1.513280
1.513280
1.513320
1.513360
1.513400
1.513440
1.513440
1.513480
1.513520
1.513560
1.513600
1.513640
1.513640
1.513640
1.513680
1.513720
1.513760
1.513800
1.513840
1.513880
1.513920
1.513920
1.513960
1.514000
1.514040
1.514080
1.514120
1.514120
1.514160
1.514200
1.514240
1.514240
1.514280
1.514320
1.514360
1.514400
1.514440
1.514480
1.514520
1.514560
1.514600
1.514640
1.514680
1.514680
1.514720
1.514760
1.514760
1.514800
1.514800
1.514840
1.514880
1.514920
1.514960
1.514960
1.515000
1.515040
1.515080
1.515120
1.515120
1.515160
1.515200
1.515240
1.515280
1.515320
1.515360
1.515400
1.515400
1.515440
1.515480
1.515520
1.515560
1.515600
1.515640
1.515680
1.515720
1.515760
1.515800
1.515840
1.515880
1.515920
1.515960
1.516000
1.516040
1.516080
1.516120
1.516160
1.516200
1.516240
1.516280
1.516280
1.516320
1.516360
1.516400
1.516440
1.516480
1.516520
1.516560
1.516560
1.516600
1.516640
1.516680
1.516720
1.516720
1.516760
1.516800
1.516840
1.516840
1.516880
1.516920
1.516920
1.516960
1.517000
1.517000
1.517000
1.517040
1.517080
1.517120
1.517120
1.517160
1.517200
1.517240
1.517280
1.517320
1.517360
1.517360
1.517400
1.517440
1.517480
1.517520
1.517560
1.517600
1.517640
1.517680
1.517720
1.517760
1.517800
1.517840
1.517880
1.517920
1.517960
1.518000
1.518000
1.518000
1.518000
1.518040
1.518080
1.518080
1.518080
1.518120
1.518160
1.518200
1.518240
1.518280
1.518280
1.518320
1.518360
1.518360
1.518360
1.518400
1.518440
1.518480
1.518520
1.518560
1.518600
1.518640
1.518640
1.518680
1.518720
1.518760
1.518800
1.518840
1.518880
1.518920
1.518960
1.519000
1.519040
1.519080
1.519120
1.519160
1.519200
1.519240
1.519280
1.519280
1.519320
1.519360
1.519360
1.519400
1.519440
1.519480
1.519520
1.519560
1.519600
1.519640
1.519680
1.519720
1.519760
1.519800
1.519840
1.519880
1.519880
1.519920
1.519960
1.520000
1.520040
1.520040
1.520040
1.520080
1.520080
1.520120
1.520160
1.520200
1.520240
1.520280
1.520320
1.520320
1.520360
1.520400
1.520440
1.520480
1.520520
1.520520
1.520560
1.520600
1.520640
1.520680
1.520720
1.520760
1.520800
1.520840
1.520840
1.520880
1.520920
1.520960
1.521000
1.521040
1.521040
1.521080
1.521120
1.521160
1.521200
1.521240
1.521280
1.521280
1.521320
1.521360
1.521400
1.521440
1.521480
1.521520
1.521560
1.521560
1.521600
1.521640
1.521680
1.521720
1.521720
1.521720
1.521760
1.521800
1.521840
1.521880
1.521920
1.521960
1.522000
1.522040
1.522080
1.522120
1.522160
1.522200
1.522240
1.522280
1.522320
1.522360
1.522360
1.522400
1.522440
1.522440
1.522480
1.522520
1.522520
1.522560
1.522560
1.522600
1.522640
1.522680
1.522720
1.522760
1.522800
1.522840
1.522880
1.522920
1.522960
1.523000
1.523040
1.523080
1.523120
1.523160
1.523200
1.523240
1.523280
1.523320
1.523360
1.523400
1.523440
1.523480
1.523520
1.523560
1.523600
1.523640
1.523680
1.523680
1.523720
1.523760
1.523760
1.523800
1.523800
1.523800
1.523840
1.523880
1.523920
1.523960
1.524000
1.524040
1.524080
1.524120
1.524160
1.524200
1.524240
1.524280
1.524280
1.524280
1.524280
1.524320
1.524320
1.524360
1.524400
1.524400
1.524440
1.524480
1.524520
1.524560
1.524600
1.524640
1.524680
1.524720
1.524760
1.524800
1.524800
1.524800
1.524840
1.524840
1.524880
1.524920
1.524920
1.524920
1.524960
1.525000
1.525000
1.525040
1.525080
1.525120
1.525120
1.525160
1.525160
1.525200
1.525240
1.525240
1.525280
1.525320
1.525360
1.525400
1.525400
1.525440
1.525480
1.525480
1.525520
1.525560
1.525600
1.525640
1.525680
1.525680
1.525720
1.525720
1.525720
1.525760
1.525800
1.525800
1.525840
1.525840
1.525880
1.525880
1.525920
1.525960
1.526000
1.526040
1.526080
1.526080
1.526120
1.526160
1.526200
1.526240
1.526280
1.526320
1.526320
1.526320
1.526360
1.526400
1.526440
1.526480
1.526520
1.526560
1.526560
1.526600
1.526640
1.526640
1.526680
1.526720
1.526760
1.526760
1.526800
1.526840
1.526880
1.526920
1.526920
1.526960
1.527000
1.527040
1.527040
1.527080
1.527120
1.527160
1.527200
1.527240
1.527280
1.527320
1.527360
1.527360
1.527400
1.527440
1.527480
1.527520
1.527560
1.527600
1.527640
1.527680
1.527720
1.527720
1.527760
1.527800
1.527840
1.527880
1.527920
1.527960
1.528000
1.528040
1.528040
1.528080
1.528120
1.528160
1.528200
1.528240
1.528280
1.528320
1.528360
1.528400
1.528400
1.528440
1.528480
1.528520
1.528560
1.528600
1.528600
1.528640
1.528680
1.528720
1.528760
1.528800
1.528840
1.528880
1.528880
1.528920
1.528920
1.528960
1.528960
1.529000
1.529040
1.529080
1.529120
1.529120
1.529160
1.529200
1.529240
1.529280
1.529320
1.529320
1.529320
1.529360
1.529400
1.529440
1.529480
1.529520
1.529560
1.529600
1.529640
1.529680
1.529720
1.529760
1.529800
1.529840
1.529880
1.529880
1.529920
1.529960
1.529960
1.530000
1.530000
1.530000
1.530040
1.530080
1.530120
1.530160
1.530200
1.530240
1.530280
1.530280
1.530320
1.530360
1.530400
1.530440
1.530480
1.530520
1.530520
1.530520
1.530520
1.530560
1.530600
1.530640
1.530680
1.530720
1.530760
1.530800
1.530840
1.530880
1.530920
1.530960
1.531000
1.531040
1.531080
1.531120
1.531160
1.531200
1.531200
1.531200
1.531240
1.531280
1.531320
1.531360
1.531400
1.531440
1.531480
1.531520
1.531560
1.531560
1.531600
1.531640
1.531680
1.531720
1.531760
1.531800
1.531840
1.531880
1.531880
1.531920
1.531960
1.532000
1.532040
1.532080
1.532120
1.532160
1.532200
1.532200
1.532240
1.532280
1.532320
1.532360
1.532400
1.532440
1.532480
1.532520
1.532520
1.532560
1.532600
1.532600
1.532640
1.532680
1.532680
1.532720
1.532760
1.532760
1.532800
1.532800
1.532840
1.532880
1.532920
1.532960
1.533000
1.533040
1.533080
1.533120
1.533160
1.533200
1.533240
1.533280
1.533320
1.533360
1.533400
1.533440
1.533440
1.533480
1.533480
1.533480
1.533520
1.533560
1.533600
1.533640
1.533680
1.533720
1.533760
1.533800
1.533840
1.533840
1.533880
1.533920
1.533960
1.534000
1.534040
1.534080
1.534120
1.534160
1.534200
1.534200
1.534240
1.534280
1.534280
1.534280
1.534320
1.534360
1.534400
1.534440
1.534480
1.534520
1.534560
1.534560
1.534600
1.534640
1.534680
1.534720
1.534760
1.534800
1.534840
1.534880
1.534920
1.534960
1.535000
1.535040
1.535080
1.535120
1.535160
1.535200
1.535200
1.535240
1.535280
1.535320
1.535360
1.535400
1.535440
1.535480
1.535520
1.535560
1.535600
1.535640
1.535640
1.535680
1.535720
1.535760
1.535800
1.535840
1.535880
1.535880
1.535920
1.535960
1.536000
1.536040
1.536040
1.536040
1.536080
1.536120
1.536160
1.536160
1.536160
1.536200
1.536240
1.536280
1.536280
1.536280
1.536320
1.536360
1.536400
1.536400
1.536440
1.536480
1.536520
1.536560
1.536560
1.536600
1.536640
1.536680
1.536680
1.536720
1.536760
1.536760
1.536800
1.536840
1.536880
1.536920
1.536920
1.536960
1.536960
1.536960
1.537000
1.537000
1.537040
1.537040
1.537080
1.537120
1.537160
1.537200
1.537240
1.537240
1.537280
1.537320
1.537360
1.537400
1.537440
1.537440
1.537440
1.537480
1.537520
1.537520
1.537560
1.537600
1.537600
1.537640
1.537680
1.537720
1.537760
1.537800
1.537840
1.537880
1.537920
1.537960
1.538000
1.538040
1.538040
1.538080
1.538120
1.538120
1.538160
1.538200
1.538240
1.538280
1.538320
1.538360
1.538360
1.538360
1.538400
1.538400
1.538440
1.538480
1.538520
1.538560
1.538600
1.538600
1.538640
1.538640
1.538680
1.538720
1.538760
1.538800
1.538840
1.538880
1.538920
1.538920
1.538960
1.539000
1.539000
1.539040
1.539080
1.539120
1.539120
1.539160
1.539200
1.539200
1.539240
1.539280
1.539320
1.539360
1.539400
1.539400
1.539440
1.539440
1.539480
1.539480
1.539480
1.539520
1.539560
1.539600
1.539640
1.539640
1.539640
1.539680
1.539680
1.539720
1.539760
1.539760
1.539760
1.539800
1.539840
1.539880
1.539880
1.539920
1.539920
1.539960
1.540000
1.540040
1.540080
1.540120
1.540160
1.540200
1.540240
1.540280
1.540320
1.540360
1.540400
1.540440
1.540480
1.540520
1.540560
1.540560
1.540560
1.540600
1.540640
1.540680
1.540720
1.540760
1.540800
1.540840
1.540880
1.540920
1.540920
1.540960
1.541000
1.541040
1.541080
1.541120
1.541160
1.541200
1.541240
1.541280
1.541320
1.541360
1.541400
1.541440
1.541480
1.541480
1.541520
1.541560
1.541600
1.541640
1.541680
1.541720
1.541720
1.541760
1.541800
1.541800
1.541840
1.541880
1.541920
1.541960
1.541960
1.542000
1.542040
1.542080
1.542080
1.542120
1.542160
1.542160
1.542200
1.542240
1.542280
1.542320
1.542320
1.542360
1.542400
1.542440
1.542480
1.542520
1.542520
1.542560
1.542560
1.542600
1.542640
1.542680
1.542720
1.542720
1.542760
1.542800
1.542840
1.542880
1.542920
1.542920
1.542960
1.542960
1.543000
1.543040
1.543080
1.543080
1.543120
1.543160
1.543200
1.543240
1.543280
1.543320
1.543360
1.543400
1.543400
1.543400
1.543400
1.543400
1.543400
1.543440
1.543480
1.543520
1.543560
1.543600
1.543640
1.543640
1.543680
1.543720
1.543720
1.543720
1.543760
1.543800
1.543840
1.543880
1.543920
1.543960
1.544000
1.544040
1.544080
1.544120
1.544160
1.544200
1.544240
1.544240
1.544280
1.544320
1.544360
1.544400
1.544400
1.544440
1.544480
1.544520
1.544560
1.544600
1.544640
1.544680
1.544720
1.544760
1.544800
1.544840
1.544880
1.544920
1.544920
1.544920
1.544920
1.544960
1.545000
1.545040
1.545080
1.545080
1.545080
1.545120
1.545160
1.545200
1.545200
1.545200
1.545240
1.545280
1.545320
1.545360
1.545400
1.545440
1.545440
1.545480
1.545520
1.545560
1.545600
1.545600
1.545640
1.545680
1.545720
1.545760
1.545800
1.545840
1.545880
1.545920
1.545960
1.546000
1.546040
1.546080
1.546120
1.546160
1.546200
1.546240
1.546240
1.546280
1.546320
1.546360
1.546400
1.546440
1.546440
1.546480
1.546520
1.546560
1.546600
1.546600
1.546640
1.546680
1.546720
1.546760
1.546800
1.546840
1.546880
1.546880
1.546880
1.546880
1.546920
1.546960
1.547000
1.547040
1.547080
1.547120
1.547160
1.547200
1.547200
1.547240
1.547280
1.547320
1.547360
1.547400
1.547440
1.547480
1.547520
1.547560
1.547560
1.547600
1.547640
1.547640
1.547680
1.547720
1.547760
1.547800
1.547840
1.547880
1.547920
1.547960
1.548000
1.548040
1.548040
1.548080
1.548120
1.548160
1.548200
1.548240
1.548280
1.548320
1.548360
1.548400
1.548440
1.548480
1.548520
1.548520
1.548560
1.548600
1.548640
1.548680
1.548680
1.548720
1.548760
1.548800
1.548840
1.548880
1.548880
1.548880
1.548920
1.548960
1.548960
1.548960
1.549000
1.549040
1.549040
1.549080
1.549080
1.549120
1.549160
1.549200
1.549200
1.549240
1.549280
1.549320
1.549360
1.549400
1.549440
1.549480
1.549520
1.549560
1.549560
1.549560
1.549600
1.549640
1.549680
1.549720
1.549760
1.549800
1.549840
1.549840
1.549840
1.549880
1.549920
1.549960
1.549960
1.549960
1.549960
1.550000
1.550040
1.550040
1.550080
1.550120
1.550120
1.550160
1.550200
1.550240
1.550280
1.550320
1.550360
1.550400
1.550440
1.550480
1.550520
1.550560
1.550600
1.550640
1.550680
1.550720
1.550760
1.550800
1.550840
1.550840
1.550880
1.550920
1.550960
1.551000
1.551040
1.551080
1.551120
1.551160
1.551200
1.551200
1.551200
1.551240
1.551280
1.551320
1.551360
1.551400
1.551440
1.551480
1.551480
1.551480
1.551520
1.551560
1.551560
1.551560
1.551600
1.551640
1.551680
1.551720
1.551760
1.551800
1.551840
1.551840
1.551880
1.551920
1.551960
1.551960
1.552000
1.552040
1.552080
1.552120
1.552160
1.552160
1.552200
1.552240
1.552280
1.552320
1.552320
1.552360
1.552400
1.552440
1.552440
1.552440
1.552480
1.552520
1.552560
1.552600
1.552640
1.552680
1.552720
1.552720
1.552760
1.552800
1.552840
1.552880
1.552880
1.552920
1.552960
1.553000
1.553040
1.553080
1.553080
1.553120
1.553120
1.553160
1.553200
1.553240
1.553280
1.553320
1.553360
1.553400
1.553440
1.553440
1.553480
1.553520
1.553560
1.553600
1.553640
1.553680
1.553720
1.553760
1.553800
1.553840
1.553880
1.553880
1.553880
1.553880
1.553920
1.553960
1.554000
1.554040
1.554040
1.554080
1.554120
1.554160
1.554200
1.554240
1.554280
1.554320
1.554360
1.554360
1.554400
1.554400
1.554440
1.554480
1.554520
1.554560
1.554600
1.554640
1.554680
1.554680
1.554680
1.554720
1.554720
1.554720
1.554760
1.554760
1.554760
1.554800
1.554840
1.554880
1.554920
1.554960
1.555000
1.555040
1.555080
1.555120
1.555160
1.555160
1.555160
1.555160
1.555200
1.555240
1.555280
1.555320
1.555360
1.555360
1.555360
1.555360
1.555400
1.555440
1.555440
1.555480
1.555520
1.555560
1.555600
1.555640
1.555680
1.555720
1.555720
1.555760
1.555800
1.555800
1.555840
1.555880
1.555920
1.555960
1.556000
1.556040
1.556040
1.556040
1.556080
1.556080
1.556120
1.556160
1.556200
1.556240
1.556280
1.556320
1.556360
1.556400
1.556440
1.556480
1.556520
1.556560
1.556600
1.556640
1.556640
1.556680
1.556680
1.556720
1.556760
1.556800
1.556840
1.556840
1.556840
1.556840
1.556840
1.556880
1.556880
1.556920
1.556920
1.556920
1.556960
1.556960
1.557000
1.557000
1.557040
1.557080
1.557120
1.557160
1.557200
1.557200
1.557240
1.557280
1.557320
1.557360
1.557400
1.557440
1.557440
1.557480
1.557520
1.557560
1.557560
1.557600
1.557640
1.557680
1.557720
1.557760
1.557800
1.557840
1.557880
1.557920
1.557920
1.557960
1.558000
1.558040
1.558080
1.558080
1.558080
1.558120
1.558120
1.558160
1.558200
1.558240
1.558240
1.558280
1.558320
1.558360
1.558400
1.558440
1.558480
1.558520
1.558520
1.558560
1.558600
1.558640
1.558640
1.558680
1.558720
1.558720
1.558760
1.558800
1.558840
1.558880
1.558920
1.558960
1.558960
1.559000
1.559000
1.559040
1.559080
1.559120
1.559160
1.559200
1.559240
1.559280
1.559280
1.559320
1.559320
1.559320
1.559360
1.559400
1.559440
1.559480
1.559520
1.559560
1.559600
1.559640
1.559640
1.559680
1.559720
1.559760
1.559800
1.559840
1.559880
1.559880
1.559880
1.559920
1.559960
1.560000
1.560040
1.560040
1.560080
1.560080
1.560120
1.560160
1.560200
1.560240
1.560240
1.560240
1.560280
1.560280
1.560320
1.560320
1.560360
1.560400
1.560440
1.560480
1.560520
1.560560
1.560600
1.560640
1.560680
1.560720
1.560760
1.560800
1.560840
1.560880
1.560880
1.560920
1.560920
1.560960
1.560960
1.561000
1.561040
1.561080
1.561120
1.561160
1.561200
1.561240
1.561280
1.561280
1.561320
1.561360
1.561400
1.561440
1.561440
1.561440
1.561480
1.561480
1.561480
1.561520
1.561560
1.561600
1.561640
1.561640
1.561680
1.561680
1.561720
1.561760
1.561800
1.561840
1.561880
1.561920
1.561960
1.562000
1.562040
1.562080
1.562080
1.562080
1.562120
1.562120
1.562160
1.562160
1.562200
1.562240
1.562280
1.562320
1.562360
1.562360
1.562400
1.562400
1.562440
1.562480
1.562520
1.562520
1.562520
1.562560
1.562600
1.562640
1.562640
1.562680
1.562720
1.562760
1.562800
1.562840
1.562880
1.562920
1.562920
1.562960
1.563000
1.563000
1.563000
1.563040
1.563040
1.563080
1.563120
1.563160
1.563200
1.563240
1.563280
1.563320
1.563360
1.563400
1.563440
1.563480
1.563520
1.563520
1.563560
1.563600
1.563640
1.563680
1.563720
1.563760
1.563760
1.563800
1.563840
1.563880
1.563920
1.563960
1.564000
1.564040
1.564080
1.564120
1.564160
1.564200
1.564240
1.564240
1.564240
1.564280
1.564320
1.564360
1.564400
1.564400
1.564440
1.564480
1.564520
1.564560
1.564600
1.564600
1.564640
1.564680
1.564720
1.564720
1.564760
1.564760
1.564800
1.564840
1.564880
1.564920
1.564960
1.565000
1.565040
1.565040
1.565080
1.565120
1.565160
1.565200
1.565240
1.565280
1.565320
1.565360
1.565400
1.565440
1.565480
1.565480
1.565480
1.565480
1.565520
1.565560
1.565600
1.565640
1.565640
1.565640
1.565680
1.565720
1.565760
1.565800
1.565840
1.565880
1.565920
1.565960
1.566000
1.566040
1.566080
1.566080
1.566120
1.566160
1.566200
1.566240
1.566280
1.566320
1.566360
1.566400
1.566440
1.566480
1.566520
1.566560
1.566600
1.566600
1.566600
1.566600
1.566640
1.566680
1.566720
1.566720
1.566760
1.566800
1.566840
1.566840
1.566880
1.566880
1.566920
1.566920
1.566960
1.567000
1.567040
1.567080
1.567120
1.567160
1.567200
1.567240
1.567280
1.567320
1.567360
1.567400
1.567440
1.567480
1.567520
1.567560
1.567600
1.567640
1.567640
1.567680
1.567720
1.567760
1.567800
1.567840
1.567880
1.567920
1.567960
1.567960
1.568000
1.568040
1.568080
1.568120
1.568120
1.568160
1.568200
1.568240
1.568280
1.568320
1.568360
1.568400
1.568440
1.568480
1.568520
1.568520
1.568560
1.568600
1.568600
1.568640
1.568680
1.568720
1.568760
1.568800
1.568840
1.568880
1.568880
1.568920
1.568920
1.568960
1.569000
1.569040
1.569080
1.569120
1.569160
1.569200
1.569240
1.569280
1.569320
1.569360
1.569400
1.569400
1.569440
1.569440
1.569440
1.569440
1.569480
1.569520
1.569560
1.569600
1.569640
1.569640
1.569640
1.569680
1.569680
1.569720
1.569760
1.569800
1.569840
1.569880
1.569920
1.569960
1.569960
1.569960
1.570000
1.570040
1.570080
1.570120
1.570120
1.570160
1.570160
1.570160
1.570200
1.570240
1.570280
1.570320
1.570360
1.570400
1.570400
1.570440
1.570480
1.570520
1.570560
1.570600
1.570640
1.570680
1.570680
1.570720
1.570760
1.570800
1.570840
1.570880
1.570920
1.570960
1.571000
1.571040
1.571080
1.571120
1.571160
1.571200
1.571240
1.571240
1.571240
1.571280
1.571280
1.571320
1.571360
1.571400
1.571440
1.571480
1.571480
1.571480
1.571520
1.571520
1.571560
1.571600
1.571640
1.571680
1.571680
1.571720
1.571760
1.571800
1.571840
1.571880
1.571920
1.571920
1.571960
1.572000
1.572040
1.572080
1.572120
1.572160
1.572200
1.572240
1.572280
1.572320
1.572360
1.572400
1.572400
1.572440
1.572480
1.572520
1.572560
1.572600
1.572640
1.572640
1.572640
1.572680
1.572680
1.572680
1.572720
1.572760
1.572800
1.572840
1.572880
1.572920
1.572960
1.573000
1.573040
1.573080
1.573120
1.573160
1.573160
1.573200
1.573200
1.573240
1.573280
1.573320
1.573360
1.573400
1.573400
1.573440
1.573480
1.573480
1.573520
1.573560
1.573560
1.573560
1.573600
1.573640
1.573680
1.573680
1.573680
1.573720
1.573760
1.573800
1.573840
1.573880
1.573920
1.573960
1.574000
1.574040
1.574040
1.574080
1.574120
1.574120
1.574120
1.574160
1.574160
1.574160
1.574200
1.574240
1.574240
1.574280
1.574320
1.574360
1.574400
1.574440
1.574480
1.574520
1.574560
1.574600
1.574640
1.574680
1.574720
1.574760
1.574800
1.574840
1.574880
1.574920
1.574960
1.575000
1.575040
1.575080
1.575080
1.575120
1.575120
1.575160
1.575200
1.575240
1.575280
1.575280
1.575320
1.575320
1.575360
1.575360
1.575400
1.575440
1.575480
1.575520
1.575560
1.575600
1.575640
1.575680
1.575720
1.575760
1.575800
1.575800
1.575840
1.575880
1.575920
1.575960
1.576000
1.576040
1.576080
1.576120
1.576160
1.576200
1.576200
1.576240
1.576280
1.576320
1.576320
1.576320
1.576360
1.576360
1.576400
1.576400
1.576440
1.576480
1.576520
1.576560
1.576560
1.576600
1.576640
1.576640
1.576640
1.576680
1.576680
1.576680
1.576720
1.576760
1.576800
1.576840
1.576880
1.576920
1.576960
1.577000
1.577040
1.577040
1.577040
1.577080
1.577120
1.577120
1.577120
1.577160
1.577200
1.577200
1.577240
1.577280
1.577320
1.577360
1.577400
1.577440
1.577480
1.577480
1.577520
1.577520
1.577560
1.577600
1.577640
1.577680
1.577720
1.577720
1.577760
1.577800
1.577800
1.577840
1.577880
1.577880
1.577920
1.577960
1.578000
1.578040
1.578080
1.578120
1.578160
1.578200
1.578240
1.578280
1.578320
1.578360
1.578400
1.578440
1.578480
1.578520
1.578560
1.578560
1.578600
1.578640
1.578680
1.578720
1.578760
1.578760
1.578800
1.578840
1.578880
1.578880
1.578920
1.578960
1.579000
1.579040
1.579080
1.579080
1.579080
1.579120
1.579120
1.579160
1.579200
1.579240
1.579280
1.579280
1.579320
1.579360
1.579400
1.579400
1.579440
1.579480
1.579480
1.579520
1.579520
1.579560
1.579600
1.579640
1.579680
1.579680
1.579720
1.579760
1.579800
1.579840
1.579880
1.579920
1.579960
1.579960
1.579960
1.580000
1.580000
1.580040
1.580040
1.580040
1.580040
1.580040
1.580080
1.580120
1.580160
1.580200
1.580200
1.580240
1.580280
1.580320
1.580360
1.580400
1.580440
1.580480
1.580480
1.580520
1.580560
1.580560
1.580560
1.580560
1.580600
1.580640
1.580680
1.580720
1.580760
1.580800
1.580840
1.580880
1.580880
1.580880
1.580920
1.580960
1.581000
1.581000
1.581000
1.581000
1.581040
1.581080
1.581120
1.581160
1.581160
1.581200
1.581200
1.581200
1.581240
1.581280
1.581320
1.581360
1.581400
1.581440
1.581440
1.581440
1.581480
1.581520
1.581560
1.581600
1.581600
1.581640
1.581680
1.581720
1.581760
1.581800
1.581800
1.581840
1.581840
1.581880
1.581920
1.581960
1.582000
1.582000
1.582000
1.582040
1.582080
1.582120
1.582120
1.582160
1.582200
1.582200
1.582240
1.582280
1.582280
1.582320
1.582360
1.582400
1.582440
1.582480
1.582480
1.582520
1.582560
1.582600
1.582600
1.582640
1.582640
1.582680
1.582720
1.582760
1.582800
1.582840
1.582880
1.582920
1.582920
1.582920
1.582960
1.583000
1.583000
1.583040
1.583080
1.583120
1.583160
1.583200
1.583240
1.583280
1.583320
1.583360
1.583400
1.583440
1.583480
1.583520
1.583560
1.583600
1.583640
1.583680
1.583720
1.583760
1.583800
1.583840
1.583880
1.583920
1.583960
1.584000
1.584000
1.584000
1.584000
1.584040
1.584080
1.584120
1.584160
1.584200
1.584200
1.584240
1.584240
1.584280
1.584320
1.584360
1.584360
1.584400
1.584440
1.584480
1.584520
1.584560
1.584600
1.584600
1.584640
1.584680
1.584680
1.584720
1.584720
1.584720
1.584760
1.584800
1.584840
1.584880
1.584920
1.584960
1.585000
1.585040
1.585040
1.585080
1.585120
1.585160
1.585200
1.585240
1.585240
1.585240
1.585240
1.585280
1.585320
1.585360
1.585400
1.585440
1.585480
1.585520
1.585560
1.585600
1.585600
1.585640
1.585680
1.585680
1.585720
1.585760
1.585760
1.585800
1.585840
1.585880
1.585920
1.585960
1.586000
1.586040
1.586080
1.586120
1.586120
1.586160
1.586200
1.586240
1.586240
1.586240
1.586280
1.586320
1.586360
1.586400
1.586440
1.586480
1.586520
1.586560
1.586600
1.586640
1.586680
1.586720
1.586760
1.586800
1.586840
1.586880
1.586920
1.586960
1.587000
1.587000
1.587040
1.587040
1.587080
1.587120
1.587160
1.587200
1.587200
1.587200
1.587240
1.587280
1.587320
1.587360
1.587400
1.587400
1.587400
1.587400
1.587440
1.587480
1.587480
1.587520
1.587560
1.587600
1.587640
1.587640
1.587680
1.587680
1.587720
1.587720
1.587760
1.587760
1.587800
1.587800
1.587840
1.587880
1.587920
1.587960
1.588000
1.588000
1.588000
1.588040
1.588080
1.588120
1.588160
1.588200
1.588240
1.588280
1.588280
1.588320
1.588360
1.588400
1.588440
1.588480
1.588520
1.588560
1.588600
1.588640
1.588680
1.588720
1.588720
1.588720
1.588760
1.588800
1.588840
1.588840
1.588880
1.588880
1.588920
1.588960
1.589000
1.589040
1.589080
1.589120
1.589160
1.589200
1.589240
1.589280
1.589280
1.589280
1.589320
1.589360
1.589400
1.589400
1.589400
1.589400
1.589440
1.589480
1.589520
1.589560
1.589600
1.589640
1.589640
1.589680
1.589720
1.589760
1.589760
1.589800
1.589840
1.589880
1.589920
1.589960
1.590000
1.590040
1.590080
1.590080
1.590120
1.590120
1.590160
1.590200
1.590240
1.590280
1.590320
1.590360
1.590400
1.590400
1.590440
1.590480
1.590480
1.590520
1.590560
1.590600
1.590640
1.590680
1.590720
1.590760
1.590760
1.590800
1.590840
1.590880
1.590880
1.590920
1.590960
1.591000
1.591000
1.591040
1.591080
1.591120
1.591160
1.591200
1.591240
1.591280
1.591320
1.591360
1.591360
1.591400
1.591440
1.591440
1.591480
1.591520
1.591560
1.591560
1.591560
1.591600
1.591640
1.591680
1.591720
1.591720
1.591760
1.591800
1.591840
1.591840
1.591880
1.591920
1.591920
1.591960
1.592000
1.592040
1.592080
1.592120
1.592160
1.592200
1.592200
1.592240
1.592280
1.592320
1.592360
1.592400
1.592440
1.592480
1.592520
1.592560
1.592600
1.592640
1.592640
1.592640
1.592680
1.592680
1.592680
1.592680
1.592720
1.592720
1.592720
1.592760
1.592800
1.592840
1.592840
1.592880
1.592880
1.592920
1.592960
1.593000
1.593040
1.593080
1.593120
1.593160
1.593200
1.593240
1.593280
1.593320
1.593360
1.593360
1.593400
1.593440
1.593480
1.593480
1.593520
1.593560
1.593600
1.593640
1.593680
1.593720
1.593760
1.593800
1.593840
1.593880
1.593920
1.593960
1.594000
1.594000
1.594040
1.594080
1.594080
1.594120
1.594160
1.594200
1.594240
1.594280
1.594280
1.594320
1.594360
1.594360
1.594400
1.594440
1.594480
1.594520
1.594560
1.594560
1.594600
1.594640
1.594640
1.594680
1.594720
1.594760
1.594800
1.594840
1.594880
1.594880
1.594920
1.594920
1.594960
1.595000
1.595040
1.595080
1.595120
1.595160
1.595200
1.595240
1.595240
1.595240
1.595280
1.595280
1.595320
1.595360
1.595400
1.595440
1.595440
1.595480
1.595520
1.595560
1.595600
1.595640
1.595680
1.595680
1.595720
1.595760
1.595760
1.595800
1.595800
1.595840
1.595880
1.595920
1.595960
1.596000
1.596000
1.596000
1.596040
1.596040
1.596040
1.596080
1.596120
1.596160
1.596200
1.596240
1.596240
1.596280
1.596320
1.596320
1.596360
1.596400
1.596440
1.596440
1.596480
1.596520
1.596560
1.596560
1.596600
1.596640
1.596680
1.596720
1.596760
1.596800
1.596840
1.596880
1.596880
1.596920
1.596960
1.597000
1.597000
1.597040
1.597080
1.597120
1.597160
1.597200
1.597240
1.597240
1.597240
1.597280
1.597320
1.597360
1.597400
1.597400
1.597440
1.597480
1.597520
1.597560
1.597600
1.597640
1.597680
1.597720
1.597720
1.597720
1.597760
1.597760
1.597800
1.597800
1.597840
1.597880
1.597920
1.597960
1.598000
1.598040
1.598080
1.598120
1.598160
1.598200
1.598240
1.598280
1.598320
1.598320
1.598320
1.598360
1.598400
1.598440
1.598440
1.598440
1.598440
1.598480
1.598520
1.598560
1.598560
1.598600
1.598640
1.598680
1.598720
1.598760
1.598800
1.598840
1.598880
1.598920
1.598960
1.599000
1.599040
1.599080
1.599120
1.599160
1.599200
1.599240
1.599280
1.599320
1.599320
1.599320
1.599360
1.599360
1.599400
1.599440
1.599480
1.599480
1.599520
1.599520
1.599520
1.599560
1.599600
1.599600
1.599640
1.599680
1.599720
1.599760
1.599760
1.599800
1.599840
1.599880
1.599920
1.599960
1.600000
1.600040
1.600080
1.600120
1.600160
1.600200
1.600240
1.600280
1.600320
1.600360
1.600400
1.600440
1.600480
1.600480
1.600520
1.600560
1.600600
1.600600
1.600640
1.600680
1.600680
1.600720
1.600760
1.600760
1.600800
1.600840
1.600880
1.600920
1.600960
1.601000
1.601000
1.601040
1.601080
1.601080
1.601120
1.601160
1.601200
1.601240
1.601240
1.601280
1.601280
1.601280
1.601320
1.601360
1.601400
1.601440
1.601480
1.601520
1.601560
1.601600
1.601640
1.601640
1.601640
1.601680
1.601720
1.601760
1.601800
1.601840
1.601880
1.601880
1.601920
1.601960
1.601960
1.602000
1.602000
1.602040
1.602040
1.602080
1.602080
1.602120
1.602160
1.602200
1.602240
1.602280
1.602320
1.602320
1.602360
1.602400
1.602440
1.602480
1.602520
1.602560
1.602600
1.602640
1.602680
1.602720
1.602760
1.602800
1.602840
1.602880
1.602920
1.602960
1.603000
1.603040
1.603040
1.603080
1.603120
1.603120
1.603120
1.603160
1.603200
1.603240
1.603240
1.603280
1.603280
1.603320
1.603320
1.603360
1.603360
1.603400
1.603400
1.603440
1.603480
1.603520
1.603560
1.603600
1.603640
1.603680
1.603720
1.603760
1.603800
1.603800
1.603800
1.603840
1.603880
1.603920
1.603920
1.603920
1.603960
1.604000
1.604040
1.604080
1.604120
1.604160
1.604200
1.604240
1.604280
1.604320
1.604360
1.604360
1.604400
1.604440
1.604480
1.604520
1.604520
1.604560
1.604560
1.604600
1.604640
1.604680
1.604720
1.604760
1.604800
1.604840
1.604880
1.604920
1.604920
1.604960
1.605000
1.605040
1.605080
1.605120
1.605160
1.605160
1.605160
1.605200
1.605240
1.605240
1.605280
1.605320
1.605360
1.605400
1.605440
1.605480
1.605480
1.605520
1.605520
1.605560
1.605600
1.605640
1.605680
1.605720
1.605760
1.605760
1.605800
1.605840
1.605880
1.605880
1.605920
1.605960
1.606000
1.606040
1.606080
1.606120
1.606120
1.606160
1.606160
1.606200
1.606200
1.606240
1.606280
1.606280
1.606320
1.606320
1.606360
1.606400
1.606440
1.606480
1.606520
1.606560
1.606560
1.606560
1.606600
1.606600
1.606640
1.606680
1.606720
1.606760
1.606760
1.606800
1.606840
1.606880
1.606920
1.606960
1.607000
1.607040
1.607080
1.607120
1.607160
1.607160
1.607200
1.607240
1.607280
1.607320
1.607360
1.607400
1.607440
1.607480
1.607520
1.607520
1.607560
1.607600
1.607640
1.607640
1.607680
1.607720
1.607720
1.607760
1.607800
1.607840
1.607840
1.607880
1.607920
1.607960
1.608000
1.608040
1.608080
1.608120
1.608160
1.608200
1.608200
1.608240
1.608280
1.608320
1.608360
1.608400
1.608440
1.608480
1.608520
1.608560
1.608600
1.608600
1.608640
1.608680
1.608720
1.608760
1.608760
1.608800
1.608840
1.608840
1.608880
1.608920
1.608920
1.608960
1.609000
1.609040
1.609080
1.609120
1.609120
1.609120
1.609160
1.609200
1.609200
1.609240
1.609280
1.609320
1.609360
1.609360
1.609360
1.609400
1.609400
1.609440
1.609480
1.609520
1.609560
1.609600
1.609600
1.609600
1.609640
1.609640
1.609640
1.609680
1.609720
1.609760
1.609800
1.609800
1.609840
1.609880
1.609920
1.609960
1.610000
1.610040
1.610080
1.610120
1.610160
1.610200
1.610240
1.610280
1.610280
1.610320
1.610360
1.610400
1.610400
1.610440
1.610480
1.610520
1.610560
1.610600
1.610640
1.610640
1.610680
1.610720
1.610760
1.610760
1.610800
1.610840
1.610840
1.610880
1.610920
1.610960
1.611000
1.611040
1.611080
1.611120
1.611160
1.611160
1.611160
1.611200
1.611240
1.611280
1.611320
1.611360
1.611400
1.611440
1.611480
1.611520
1.611560
1.611600
1.611640
1.611680
1.611720
1.611720
1.611760
1.611760
1.611760
1.611800
1.611840
1.611880
1.611920
1.611960
1.611960
1.612000
1.612040
1.612080
1.612120
1.612160
1.612200
1.612240
1.612280
1.612280
1.612320
1.612360
1.612360
1.612400
1.612400
1.612400
1.612440
1.612480
1.612520
1.612560
1.612600
1.612600
1.612640
1.612640
1.612680
1.612720
1.612760
1.612800
1.612800
1.612840
1.612880
1.612920
1.612920
1.612920
1.612960
1.613000
1.613040
1.613040
1.613040
1.613080
1.613080
1.613080
1.613120
1.613160
1.613200
1.613240
1.613280
1.613320
1.613320
1.613360
1.613360
1.613360
1.613400
1.613440
1.613480
1.613520
1.613560
1.613560
1.613560
1.613560
1.613600
1.613640
1.613680
1.613720
1.613720
1.613720
1.613720
1.613760
1.613800
1.613840
1.613880
1.613920
1.613960
1.614000
1.614040
1.614080
1.614120
1.614120
1.614160
1.614200
1.614240
1.614280
1.614320
1.614360
1.614400
1.614440
1.614440
1.614480
1.614520
1.614560
1.614600
1.614640
1.614680
1.614720
1.614760
1.614760
1.614800
1.614840
1.614880
1.614920
1.614960
1.615000
1.615040
1.615080
1.615120
1.615120
1.615160
1.615200
1.615240
1.615280
1.615320
1.615360
1.615400
1.615400
1.615400
1.615400
1.615440
1.615440
1.615480
1.615520
1.615520
1.615560
1.615560
1.615600
1.615600
1.615640
1.615640
1.615680
1.615720
1.615760
1.615760
1.615800
1.615840
1.615880
1.615920
1.615920
1.615960
1.615960
1.615960
1.616000
1.616040
1.616040
1.616080
1.616120
1.616160
1.616200
1.616240
1.616280
1.616320
1.616360
1.616360
1.616360
1.616360
1.616400
1.616400
1.616440
1.616440
1.616480
1.616480
1.616520
1.616560
1.616600
1.616640
1.616640
1.616680
1.616720
1.616760
1.616800
1.616840
1.616880
1.616920
1.616960
1.617000
1.617040
1.617080
1.617120
1.617160
1.617200
1.617200
1.617240
1.617280
1.617320
1.617320
1.617360
1.617400
1.617440
1.617480
1.617480
1.617520
1.617520
1.617560
1.617600
1.617600
1.617640
1.617680
1.617720
1.617760
1.617800
1.617840
1.617880
1.617920
1.617960
1.618000
1.618040
1.618080
1.618120
1.618160
1.618160
1.618160
1.618160
1.618200
1.618240
1.618280
1.618320
1.618320
1.618360
1.618400
1.618440
1.618480
1.618520
1.618520
1.618560
1.618600
1.618640
1.618640
1.618680
1.618680
1.618720
1.618760
1.618800
1.618840
1.618880
1.618920
1.618960
1.618960
1.618960
1.618960
1.619000
1.619040
1.619040
1.619080
1.619120
1.619120
1.619160
1.619200
1.619240
1.619280
1.619320
1.619360
1.619400
1.619440
1.619440
1.619480
1.619520
1.619560
1.619600
1.619640
1.619680
1.619720
1.619760
1.619800
1.619840
1.619880
1.619920
1.619960
1.619960
1.620000
1.620040
1.620040
1.620080
1.620080
1.620120
1.620160
1.620200
1.620240
1.620280
1.620320
1.620360
1.620400
1.620440
1.620480
1.620520
1.620560
1.620600
1.620640
1.620680
1.620680
1.620720
1.620760
1.620800
1.620840
1.620880
1.620920
1.620960
1.621000
1.621040
1.621080
1.621120
1.621160
1.621200
1.621240
1.621280
1.621320
1.621320
1.621360
1.621360
1.621400
1.621440
1.621480
1.621520
1.621560
1.621560
1.621600
1.621640
1.621640
1.621680
1.621720
1.621760
1.621800
1.621840
1.621880
1.621880
1.621880
1.621920
1.621920
1.621960
1.622000
1.622040
1.622080
1.622080
1.622120
1.622160
1.622200
1.622240
1.622280
1.622320
1.622360
1.622400
1.622440
1.622480
1.622520
1.622560
1.622600
1.622640
1.622640
1.622680
1.622720
1.622760
1.622800
1.622840
1.622880
1.622880
1.622920
1.622920
1.622960
1.623000
1.623040
1.623080
1.623080
1.623120
1.623160
1.623160
1.623200
1.623240
1.623280
1.623280
1.623320
1.623360
1.623400
1.623440
1.623480
1.623520
1.623520
1.623560
1.623600
1.623640
1.623640
1.623680
1.623720
1.623760
1.623800
1.623840
1.623880
1.623920
1.623960
1.624000
1.624040
1.624040
1.624080
1.624120
1.624160
1.624200
1.624200
1.624240
1.624280
1.624320
1.624360
1.624400
1.624440
1.624440
1.624440
1.624440
1.624480
1.624480
1.624480
1.624520
1.624520
1.624520
1.624560
1.624600
1.624640
1.624680
1.624680
1.624720
1.624760
1.624800
1.624800
1.624840
1.624880
1.624880
1.624880
1.624920
1.624960
1.625000
1.625040
1.625080
1.625120
1.625160
1.625200
1.625200
1.625240
1.625280
1.625280
1.625320
1.625320
1.625360
1.625400
1.625440
1.625480
1.625520
1.625520
1.625520
1.625520
1.625560
1.625600
1.625640
1.625680
1.625680
1.625720
1.625760
1.625800
1.625840
1.625880
1.625920
1.625960
1.626000
1.626000
1.626040
1.626080
1.626120
1.626160
1.626200
1.626200
1.626240
1.626280
1.626320
1.626360
1.626360
1.626400
1.626400
1.626400
1.626440
1.626480
1.626480
1.626520
1.626560
1.626600
1.626640
1.626680
1.626720
1.626760
1.626800
1.626800
1.626800
1.626840
1.626880
1.626920
1.626960
1.627000
1.627040
1.627040
1.627080
1.627120
1.627160
1.627200
1.627240
1.627280
1.627320
1.627320
1.627360
1.627400
1.627440
1.627440
1.627480
1.627480
1.627520
1.627520
1.627560
1.627600
1.627640
1.627680
1.627720
1.627720
1.627760
1.627800
1.627840
1.627840
1.627880
1.627880
1.627920
1.627960
1.627960
1.628000
1.628040
1.628080
1.628080
1.628120
1.628160
1.628160
1.628200
1.628240
1.628280
1.628320
1.628360
1.628400
1.628400
1.628440
1.628440
1.628440
1.628480
1.628480
1.628520
1.628520
1.628520
1.628520
1.628520
1.628560
1.628560
1.628600
1.628600
1.628600
1.628640
1.628680
1.628720
1.628760
1.628800
1.628840
1.628880
1.628880
1.628920
1.628960
1.629000
1.629040
1.629040
1.629080
1.629080
1.629120
1.629120
1.629160
1.629200
1.629240
1.629280
1.629320
1.629320
1.629360
1.629400
1.629440
1.629440
1.629440
1.629480
1.629520
1.629520
1.629560
1.629600
1.629600
1.629640
1.629680
1.629720
1.629760
1.629760
1.629800
1.629840
1.629880
1.629880
1.629880
1.629920
1.629920
1.629960
1.630000
1.630040
1.630080
1.630120
1.630160
1.630200
1.630200
1.630200
1.630240
1.630280
1.630320
1.630360
1.630400
1.630440
1.630440
1.630480
1.630520
1.630560
1.630600
1.630600
1.630640
1.630680
1.630720
1.630720
1.630720
1.630720
1.630720
1.630760
1.630800
1.630840
1.630880
1.630920
1.630920
1.630960
1.631000
1.631000
1.631040
1.631080
1.631120
1.631160
1.631200
1.631240
1.631240
1.631280
1.631280
1.631320
1.631360
1.631400
1.631440
1.631480
1.631480
1.631520
1.631560
1.631600
1.631640
1.631680
1.631720
1.631760
1.631800
1.631800
1.631840
1.631880
1.631920
1.631960
1.631960
1.632000
1.632000
1.632040
1.632080
1.632120
1.632120
1.632160
1.632200
1.632240
1.632280
1.632320
1.632360
1.632360
1.632400
1.632440
1.632480
1.632520
1.632560
1.632560
1.632600
1.632640
1.632680
1.632720
1.632760
1.632800
1.632840
1.632880
1.632920
1.632960
1.632960
1.633000
1.633040
1.633080
1.633120
1.633160
1.633200
1.633240
1.633280
1.633280
1.633320
1.633360
1.633400
1.633440
1.633480
1.633520
1.633560
1.633600
1.633640
1.633680
1.633720
1.633760
1.633800
1.633800
1.633840
1.633880
1.633920
1.633960
1.634000
1.634000
1.634040
1.634080
1.634080
1.634120
1.634160
1.634200
1.634240
1.634240
1.634280
1.634320
1.634360
1.634360
1.634400
1.634440
1.634480
1.634520
1.634560
1.634600
1.634640
1.634680
1.634720
1.634760
1.634800
1.634840
1.634880
1.634920
1.634960
1.634960
1.635000
1.635000
1.635040
1.635080
1.635120
1.635160
1.635200
1.635240
1.635280
1.635320
1.635360
1.635400
1.635440
1.635480
1.635520
1.635560
1.635600
1.635640
1.635680
1.635720
1.635760
1.635800
1.635840
1.635880
1.635880
1.635920
1.635960
1.636000
1.636000
1.636040
1.636040
1.636080
1.636120
1.636160
1.636200
1.636240
1.636240
1.636280
1.636320
1.636360
1.636400
1.636400
1.636440
1.636480
1.636480
1.636520
1.636560
1.636560
1.636600
1.636640
1.636680
1.636720
1.636760
1.636760
1.636800
1.636840
1.636880
1.636920
1.636960
1.637000
1.637040
1.637080
1.637120
1.637160
1.637200
1.637240
1.637280
1.637280
1.637280
1.637320
1.637320
1.637360
1.637360
1.637400
1.637440
1.637480
1.637520
1.637560
1.637560
1.637600
1.637600
1.637640
1.637680
1.637720
1.637720
1.637760
1.637800
1.637840
1.637840
1.637880
1.637920
1.637960
1.638000
1.638040
1.638040
1.638080
1.638120
1.638160
1.638200
1.638240
1.638280
1.638280
1.638320
1.638360
1.638400
1.638440
1.638480
1.638480
1.638520
1.638560
1.638600
1.638600
1.638640
1.638640
1.638680
1.638720
1.638760
1.638800
1.638840
1.638880
1.638920
1.638920
1.638960
1.639000
1.639040
1.639080
1.639120
1.639160
1.639200
1.639240
1.639280
1.639320
1.639360
1.639360
1.639400
1.639440
1.639480
1.639520
1.639560
1.639560
1.639600
1.639600
1.639640
1.639680
1.639720
1.639760
1.639800
1.639800
1.639840
1.639880
1.639880
1.639920
1.639960
1.640000
1.640040
1.640040
1.640080
1.640080
1.640120
1.640160
1.640200
1.640240
1.640280
1.640320
1.640320
1.640320
1.640320
1.640360
1.640400
1.640440
1.640480
1.640520
1.640560
1.640600
1.640600
1.640640
1.640680
1.640720
1.640760
1.640760
1.640800
1.640840
1.640880
1.640920
1.640960
1.641000
1.641000
1.641040
1.641040
1.641080
1.641120
1.641160
1.641200
1.641240
1.641280
1.641320
1.641360
1.641400
1.641440
1.641480
1.641520
1.641560
1.641600
1.641640
1.641680
1.641720
1.641760
1.641800
1.641800
1.641840
1.641880
1.641920
1.641960
1.641960
1.642000
1.642040
1.642080
1.642120
1.642120
1.642160
1.642200
1.642240
1.642280
1.642320
1.642320
1.642360
1.642400
1.642440
1.642480
1.642520
1.642560
1.642600
1.642640
1.642680
1.642720
1.642720
1.642720
1.642720
1.642720
1.642760
1.642760
1.642800
1.642840
1.642840
1.642880
1.642880
1.642920
1.642960
1.643000
1.643040
1.643080
1.643080
1.643120
1.643160
1.643200
1.643240
1.643240
1.643280
1.643320
1.643320
1.643320
1.643320
1.643360
1.643400
1.643440
1.643480
1.643520
1.643560
1.643600
1.643640
1.643680
1.643720
1.643760
1.643800
1.643840
1.643880
1.643920
1.643960
1.644000
1.644040
1.644080
1.644120
1.644160
1.644200
1.644200
1.644240
1.644280
1.644320
1.644360
1.644400
1.644440
1.644480
1.644520
1.644560
1.644600
1.644640
1.644680
1.644720
1.644760
1.644800
1.644840
1.644880
1.644920
1.644960
1.645000
1.645040
1.645080
1.645120
1.645120
1.645160
1.645200
1.645200
1.645240
1.645280
1.645280
1.645320
1.645360
1.645400
1.645440
1.645480
1.645520
1.645520
1.645560
1.645560
1.645560
1.645600
1.645640
1.645680
1.645680
1.645680
1.645680
1.645680
1.645720
1.645760
1.645800
1.645840
1.645880
1.645920
1.645960
1.646000
1.646040
1.646080
1.646080
1.646120
1.646160
1.646200
1.646240
1.646280
1.646320
1.646320
1.646360
1.646400
1.646440
1.646480
1.646520
1.646560
1.646600
1.646640
1.646640
1.646680
1.646720
1.646760
1.646800
1.646800
1.646840
1.646880
1.646880
1.646920
1.646920
1.646960
1.647000
1.647040
1.647080
1.647120
1.647160
1.647160
1.647200
1.647240
1.647280
1.647280
1.647280
1.647320
1.647360
1.647400
1.647440
1.647480
1.647520
1.647560
1.647600
1.647640
1.647640
1.647680
1.647720
1.647720
1.647760
1.647800
1.647840
1.647880
1.647920
1.647960
1.648000
1.648040
1.648040
1.648080
1.648120
1.648120
1.648120
1.648160
1.648200
1.648240
1.648280
1.648320
1.648320
1.648360
1.648360
1.648400
1.648440
1.648440
1.648480
1.648520
1.648560
1.648600
1.648640
1.648680
1.648680
1.648720
1.648720
1.648720
1.648720
1.648760
1.648760
1.648800
1.648800
1.648840
1.648880
1.648920
1.648960
1.649000
1.649000
1.649040
1.649040
1.649040
1.649040
1.649040
1.649080
1.649080
1.649120
1.649160
1.649160
1.649200
1.649200
1.649200
1.649240
1.649240
1.649280
1.649320
1.649360
1.649400
1.649440
1.649480
1.649520
1.649560
1.649600
1.649640
1.649680
1.649720
1.649760
1.649800
1.649800
1.649800
1.649840
1.649880
1.649880
1.649920
1.649920
1.649960
1.650000
1.650040
1.650080
1.650120
1.650160
1.650200
1.650240
1.650280
1.650320
1.650360
1.650400
1.650400
1.650440
1.650480
1.650520
1.650560
1.650600
1.650640
1.650680
1.650680
1.650720
1.650760
1.650800
1.650840
1.650880
1.650920
1.650960
1.650960
1.651000
1.651040
1.651080
1.651120
1.651120
1.651160
1.651200
1.651240
1.651280
1.651320
1.651360
1.651400
1.651440
1.651480
1.651520
1.651560
1.651600
1.651600
1.651640
1.651680
1.651680
1.651720
1.651760
1.651800
1.651840
1.651880
1.651880
1.651920
1.651960
1.652000
1.652040
1.652080
1.652080
1.652120
1.652160
1.652200
1.652240
1.652280
1.652280
1.652320
1.652360
1.652360
1.652400
1.652440
1.652480
1.652520
1.652560
1.652560
1.652600
1.652600
1.652640
1.652680
1.652720
1.652760
1.652800
1.652840
1.652840
1.652880
1.652920
1.652960
1.653000
1.653040
1.653080
1.653120
1.653120
1.653160
1.653200
1.653200
1.653240
1.653240
1.653280
1.653320
1.653360
1.653400
1.653440
1.653480
1.653520
1.653560
1.653600
1.653640
1.653680
1.653720
1.653760
1.653800
1.653840
1.653880
1.653920
1.653920
1.653960
1.654000
1.654040
1.654080
1.654120
1.654160
1.654200
1.654240
1.654280
1.654320
1.654320
1.654320
1.654360
1.654400
1.654440
1.654440
1.654480
1.654520
1.654560
1.654600
1.654640
1.654680
1.654720
1.654720
1.654760
1.654800
1.654840
1.654880
1.654920
1.654960
1.655000
1.655040
1.655080
1.655120
1.655120
1.655160
1.655160
1.655200
1.655240
1.655280
1.655320
1.655360
1.655360
1.655400
1.655440
1.655480
1.655520
1.655560
1.655600
1.655640
1.655640
1.655680
1.655720
1.655760
1.655760
1.655800
1.655840
1.655880
1.655920
1.655960
1.656000
1.656000
1.656000
1.656040
1.656080
1.656120
1.656160
1.656200
1.656240
1.656280
1.656320
1.656360
1.656400
1.656440
1.656480
1.656520
1.656560
1.656600
1.656640
1.656680
1.656680
1.656720
1.656760
1.656800
1.656800
1.656840
1.656840
1.656880
1.656920
1.656920
1.656920
1.656960
1.657000
1.657040
1.657040
1.657040
1.657080
1.657080
1.657080
1.657120
1.657160
1.657200
1.657240
1.657280
1.657320
1.657360
1.657360
1.657360
1.657400
1.657440
1.657480
1.657520
1.657560
1.657560
1.657560
1.657600
1.657640
1.657680
1.657720
1.657760
1.657760
1.657800
1.657840
1.657880
1.657880
1.657880
1.657880
1.657920
1.657960
1.657960
1.658000
1.658040
1.658080
1.658120
1.658160
1.658200
1.658240
1.658280
1.658280
1.658280
1.658280
1.658280
1.658320
1.658360
1.658360
1.658360
1.658360
1.658400
1.658400
1.658440
1.658480
1.658520
1.658560
1.658560
1.658600
1.658640
1.658680
1.658720
1.658760
1.658800
1.658840
1.658880
1.658880
1.658920
1.658960
1.658960
1.658960
1.659000
1.659000
1.659040
1.659080
1.659080
1.659120
1.659160
1.659200
1.659240
1.659280
1.659320
1.659360
1.659400
1.659400
1.659440
1.659480
1.659480
1.659520
1.659560
1.659600
1.659640
1.659640
1.659640
1.659680
1.659720
1.659760
1.659760
1.659800
1.659840
1.659840
1.659880
1.659920
1.659960
1.659960
1.660000
1.660040
1.660080
1.660120
1.660160
1.660200
1.660240
1.660280
1.660280
1.660320
1.660360
1.660400
1.660440
1.660480
1.660520
1.660560
1.660600
1.660640
1.660640
1.660680
1.660720
1.660760
1.660800
1.660840
1.660880
1.660920
1.660960
1.660960
1.661000
1.661000
1.661040
1.661080
1.661120
1.661160
1.661200
1.661240
1.661240
1.661280
1.661320
1.661360
1.661400
1.661440
1.661480
1.661480
1.661520
1.661560
1.661560
1.661600
1.661600
1.661640
1.661680
1.661720
1.661760
1.661800
1.661840
1.661880
1.661920
1.661960
1.662000
1.662040
1.662080
1.662080
1.662120
1.662160
1.662200
1.662200
1.662240
1.662280
1.662320
1.662320
1.662360
1.662400
1.662440
1.662440
1.662480
1.662480
1.662520
1.662520
1.662560
1.662600
1.662640
1.662680
1.662720
1.662760
1.662800
1.662840
1.662880
1.662880
1.662880
1.662920
1.662920
1.662960
1.663000
1.663040
1.663080
1.663120
1.663160
1.663200
1.663240
1.663280
1.663320
1.663360
1.663360
1.663400
1.663440
1.663480
1.663520
1.663560
1.663600
1.663600
1.663640
1.663640
1.663680
1.663720
1.663760
1.663800
1.663840
1.663880
1.663880
1.663920
1.663960
1.663960
1.664000
1.664040
1.664080
1.664120
1.664120
1.664160
1.664200
1.664200
1.664240
1.664280
1.664280
1.664280
1.664280
1.664320
1.664360
1.664400
1.664400
1.664440
1.664480
1.664520
1.664560
1.664600
1.664640
1.664680
1.664720
1.664760
1.664760
1.664760
1.664800
1.664840
1.664880
1.664920
1.664920
1.664920
1.664960
1.664960
1.664960
1.665000
1.665040
1.665080
1.665120
1.665160
1.665200
1.665240
1.665280
1.665320
1.665360
1.665400
1.665440
1.665480
1.665520
1.665520
1.665560
1.665600
1.665640
1.665680
1.665720
1.665760
1.665800
1.665840
1.665840
1.665880
1.665920
1.665960
1.666000
1.666000
1.666040
1.666080
1.666080
1.666120
1.666160
1.666200
1.666200
1.666200
1.666240
1.666240
1.666280
1.666280
1.666320
1.666320
1.666360
1.666400
1.666440
1.666480
1.666520
1.666560
1.666600
1.666600
1.666640
1.666680
1.666720
1.666720
1.666760
1.666800
1.666840
1.666880
1.666920
1.666960
1.666960
1.667000
1.667040
1.667040
1.667040
1.667080
1.667120
1.667160
1.667160
1.667200
1.667240
1.667280
1.667320
1.667360
1.667400
1.667440
1.667480
1.667520
1.667560
1.667600
1.667640
1.667680
1.667720
1.667760
1.667800
1.667840
1.667880
1.667880
1.667920
1.667960
1.668000
1.668040
1.668040
1.668080
1.668120
1.668120
1.668160
1.668200
1.668240
1.668280
1.668280
1.668320
1.668320
1.668360
1.668400
1.668440
1.668440
1.668480
1.668520
1.668560
1.668600
1.668640
1.668680
1.668720
1.668760
1.668760
1.668800
1.668840
1.668880
1.668880
1.668920
1.668960
1.669000
1.669040
1.669080
1.669120
1.669160
1.669200
1.669240
1.669280
1.669280
1.669320
1.669360
1.669400
1.669440
1.669440
1.669480
1.669480
1.669520
1.669520
1.669560
1.669600
1.669640
1.669680
1.669720
1.669760
1.669800
1.669800
1.669840
1.669880
1.669880
1.669920
1.669960
1.670000
1.670040
1.670080
1.670120
1.670120
1.670160
1.670200
1.670240
1.670280
1.670320
1.670360
1.670360
1.670400
1.670440
1.670480
1.670520
1.670560
1.670600
1.670640
1.670680
1.670680
1.670720
1.670760
1.670800
1.670800
1.670840
1.670880
1.670920
1.670920
1.670920
1.670960
1.670960
1.671000
1.671040
1.671080
1.671120
1.671120
1.671120
1.671160
1.671200
1.671200
1.671200
1.671240
1.671240
1.671280
1.671320
1.671360
1.671400
1.671440
1.671440
1.671480
1.671520
1.671560
1.671600
1.671640
1.671680
1.671720
1.671760
1.671800
1.671840
1.671880
1.671880
1.671920
1.671960
1.671960
1.672000
1.672000
1.672000
1.672040
1.672080
1.672080
1.672120
1.672160
1.672200
1.672200
1.672200
1.672240
1.672280
1.672320
1.672360
1.672400
1.672440
1.672480
1.672520
1.672560
1.672600
1.672600
1.672600
1.672640
1.672640
1.672680
1.672680
1.672720
1.672760
1.672800
1.672840
1.672880
1.672920
1.672960
1.673000
1.673040
1.673080
1.673120
1.673160
1.673200
1.673240
1.673280
1.673320
1.673360
1.673400
1.673440
1.673480
1.673480
1.673520
1.673520
1.673560
1.673600
1.673640
1.673680
1.673720
1.673760
1.673800
1.673800
1.673840
1.673880
1.673920
1.673960
1.674000
1.674040
1.674080
1.674080
1.674120
1.674160
1.674200
1.674240
1.674280
1.674280
1.674320
1.674360
1.674400
1.674440
1.674480
1.674480
1.674520
1.674520
1.674520
1.674560
1.674600
1.674640
1.674680
1.674720
1.674760
1.674760
1.674800
1.674840
1.674880
1.674920
1.674920
1.674920
1.674920
1.674960
1.675000
1.675040
1.675080
1.675120
1.675160
1.675200
1.675240
1.675280
1.675320
1.675360
1.675400
1.675440
1.675440
1.675440
1.675480
1.675520
1.675520
1.675560
1.675600
1.675600
1.675640
1.675680
1.675720
1.675760
1.675800
1.675800
1.675840
1.675880
1.675920
1.675960
1.676000
1.676040
1.676080
1.676080
1.676080
1.676120
1.676160
1.676160
1.676200
1.676200
1.676200
1.676240
1.676280
1.676320
1.676320
1.676360
1.676400
1.676440
1.676480
1.676520
1.676560
1.676600
1.676640
1.676640
1.676680
1.676720
1.676720
1.676760
1.676800
1.676840
1.676880
1.676920
1.676960
1.677000
1.677000
1.677040
1.677080
1.677120
1.677120
1.677160
1.677200
1.677240
1.677280
1.677320
1.677360
1.677400
1.677440
1.677480
1.677480
1.677480
1.677520
1.677560
1.677600
1.677640
1.677680
1.677680
1.677720
1.677760
1.677800
1.677800
1.677840
1.677880
1.677920
1.677960
1.677960
1.677960
1.677960
1.678000
1.678040
1.678040
1.678080
1.678120
1.678160
1.678200
1.678240
1.678280
1.678320
1.678360
1.678400
1.678440
1.678480
1.678520
1.678560
1.678560
1.678600
1.678640
1.678640
1.678680
1.678720
1.678760
1.678760
1.678800
1.678800
1.678840
1.678880
1.678920
1.678960
1.679000
1.679040
1.679080
1.679120
1.679160
1.679200
1.679200
1.679240
1.679280
1.679280
1.679320
1.679320
1.679360
1.679400
1.679440
1.679480
1.679520
1.679520
1.679560
1.679600
1.679640
1.679680
1.679720
1.679760
1.679760
1.679800
1.679800
1.679840
1.679880
1.679920
1.679920
1.679960
1.680000
1.680000
1.680040
1.680080
1.680120
1.680160
1.680200
1.680240
1.680280
1.680320
1.680360
1.680400
1.680440
1.680480
1.680520
1.680560
1.680600
1.680640
1.680680
1.680720
1.680760
1.680800
1.680840
1.680880
1.680880
1.680920
1.680920
1.680920
1.680960
1.681000
1.681000
1.681040
1.681040
1.681040
1.681080
1.681120
1.681160
1.681200
1.681240
1.681280
1.681320
1.681360
1.681400
1.681440
1.681440
1.681440
1.681440
1.681480
1.681520
1.681560
1.681560
1.681600
1.681640
1.681680
1.681720
1.681760
1.681800
1.681840
1.681880
1.681920
1.681920
1.681960
1.682000
1.682040
1.682040
1.682040
1.682040
1.682080
1.682120
1.682160
1.682200
1.682240
1.682280
1.682320
1.682360
1.682360
1.682400
1.682440
1.682480
1.682520
1.682560
1.682600
1.682640
1.682680
1.682680
1.682720
1.682720
1.682760
1.682800
1.682840
1.682880
1.682920
1.682960
1.683000
1.683000
1.683000
1.683040
1.683080
1.683120
1.683160
1.683160
1.683200
1.683240
1.683280
1.683280
1.683320
1.683360
1.683400
1.683440
1.683440
1.683480
1.683480
1.683520
1.683560
1.683600
1.683640
1.683680
1.683720
1.683720
1.683760
1.683760
1.683760
1.683800
1.683840
1.683880
1.683920
1.683960
1.683960
1.684000
1.684040
1.684080
1.684080
1.684120
1.684160
1.684200
1.684200
1.684240
1.684240
1.684240
1.684240
1.684240
1.684280
1.684280
1.684320
1.684320
1.684360
1.684400
1.684440
1.684480
1.684520
1.684560
1.684600
1.684640
1.684680
1.684680
1.684720
1.684720
1.684760
1.684800
1.684840
1.684880
1.684920
1.684960
1.685000
1.685040
1.685040
1.685040
1.685080
1.685120
1.685120
1.685160
1.685200
1.685240
1.685280
1.685320
1.685360
1.685400
1.685440
1.685480
1.685480
1.685520
1.685560
1.685600
1.685640
1.685680
1.685680
1.685720
1.685720
1.685760
1.685800
1.685840
1.685840
1.685880
1.685920
1.685960
1.686000
1.686000
1.686040
1.686080
1.686120
1.686160
1.686200
1.686240
1.686280
1.686320
1.686360
1.686360
1.686400
1.686400
1.686400
1.686400
1.686400
1.686440
1.686480
1.686480
1.686520
1.686560
1.686600
1.686640
1.686640
1.686680
1.686720
1.686760
1.686800
1.686840
1.686880
1.686920
1.686920
1.686960
1.687000
1.687040
1.687040
1.687080
1.687120
1.687160
1.687200
1.687240
1.687280
1.687320
1.687360
1.687400
1.687440
1.687480
1.687520
1.687560
1.687600
1.687640
1.687680
1.687720
1.687760
1.687800
1.687800
1.687840
1.687880
1.687920
1.687960
1.688000
1.688040
1.688080
1.688120
1.688160
1.688200
1.688240
1.688280
1.688280
1.688320
1.688360
1.688400
1.688440
1.688440
1.688480
1.688520
1.688560
1.688600
1.688600
1.688640
1.688680
1.688720
1.688760
1.688800
1.688840
1.688840
1.688880
1.688920
1.688960
1.689000
1.689040
1.689040
1.689080
1.689120
1.689160
1.689200
1.689200
1.689240
1.689240
1.689240
1.689280
1.689320
1.689360
1.689400
1.689440
1.689440
1.689480
1.689520
1.689520
1.689560
1.689600
1.689600
1.689640
1.689680
1.689720
1.689720
1.689720
1.689760
1.689760
1.689800
1.689840
1.689880
1.689920
1.689960
1.690000
1.690040
1.690080
1.690120
1.690160
1.690160
1.690160
1.690200
1.690240
1.690280
1.690320
1.690360
1.690400
1.690400
1.690440
1.690440
1.690480
1.690480
1.690520
1.690560
1.690600
1.690600
1.690640
1.690680
1.690720
1.690720
1.690760
1.690760
1.690800
1.690840
1.690880
1.690920
1.690920
1.690960
1.691000
1.691040
1.691040
1.691080
1.691120
1.691160
1.691200
1.691240
1.691280
1.691320
1.691320
1.691360
1.691400
1.691440
1.691480
1.691520
1.691560
1.691600
1.691600
1.691640
1.691640
1.691640
1.691680
1.691680
1.691720
1.691760
1.691760
1.691800
1.691840
1.691880
1.691920
1.691920
1.691960
1.692000
1.692040
1.692040
1.692080
1.692080
1.692120
1.692120
1.692160
1.692200
1.692240
1.692280
1.692320
1.692320
1.692320
1.692320
1.692320
1.692360
1.692400
1.692440
1.692480
1.692520
1.692560
1.692600
1.692640
1.692680
1.692720
1.692760
1.692800
1.692840
1.692880
1.692920
1.692960
1.693000
1.693000
1.693040
1.693040
1.693040
1.693080
1.693120
1.693160
1.693200
1.693200
1.693200
1.693240
1.693280
1.693320
1.693360
1.693400
1.693440
1.693480
1.693520
1.693560
1.693600
1.693640
1.693680
1.693720
1.693760
1.693800
1.693840
1.693880
1.693880
1.693920
1.693960
1.694000
1.694000
1.694040
1.694080
1.694120
1.694120
1.694120
1.694160
1.694200
1.694240
1.694240
1.694280
1.694320
1.694360
1.694400
1.694440
1.694480
1.694520
1.694560
1.694600
1.694640
1.694680
1.694680
1.694720
1.694760
1.694800
1.694840
1.694880
1.694880
1.694920
1.694960
1.695000
1.695000
1.695040
1.695040
1.695080
1.695120
1.695160
1.695200
1.695240
1.695240
1.695280
1.695320
1.695360
1.695400
1.695440
1.695440
1.695480
1.695520
1.695520
1.695520
1.695560
1.695600
1.695640
1.695680
1.695720
1.695760
1.695800
1.695840
1.695840
1.695840
1.695880
1.695920
1.695960
1.696000
1.696040
1.696080
1.696080
1.696120
1.696160
1.696160
1.696200
1.696240
1.696280
1.696320
1.696360
1.696400
1.696440
1.696480
1.696520
1.696560
1.696600
1.696640
1.696640
1.696640
1.696680
1.696680
1.696720
1.696760
1.696800
1.696840
1.696880
1.696880
1.696920
1.696960
1.697000
1.697040
1.697040
1.697080
1.697120
1.697160
1.697200
1.697200
1.697240
1.697280
1.697320
1.697360
1.697360
1.697400
1.697440
1.697440
1.697440
1.697440
1.697480
1.697520
1.697560
1.697600
1.697640
1.697680
1.697720
1.697760
1.697760
1.697800
1.697800
1.697840
1.697840
1.697840
1.697880
1.697920
1.697920
1.697960
1.698000
1.698040
1.698080
1.698120
1.698120
1.698120
1.698160
1.698200
1.698240
1.698280
1.698320
1.698360
1.698400
1.698400
1.698440
1.698440
1.698480
1.698520
1.698560
1.698560
1.698560
1.698600
1.698640
1.698680
1.698720
1.698720
1.698760
1.698800
1.698800
1.698840
1.698840
1.698880
1.698920
1.698960
1.698960
1.698960
1.699000
1.699000
1.699040
1.699080
1.699120
1.699160
1.699160
1.699200
1.699240
1.699280
1.699280
1.699320
1.699320
1.699360
1.699400
1.699440
1.699480
1.699520
1.699560
1.699600
1.699640
1.699680
1.699720
1.699760
1.699800
1.699840
1.699880
1.699920
1.699960
1.699960
1.700000
1.700040
1.700080
1.700120
1.700120
1.700160
1.700200
1.700240
1.700280
1.700280
1.700280
1.700320
1.700360
1.700400
1.700440
1.700480
1.700520
1.700520
1.700520
1.700560
1.700600
1.700600
1.700640
1.700680
1.700720
1.700760
1.700760
1.700760
1.700800
1.700800
1.700840
1.700840
1.700880
1.700920
1.700960
1.701000
1.701040
1.701080
1.701080
1.701120
1.701160
1.701200
1.701240
1.701280
1.701320
1.701360
1.701360
1.701400
1.701440
1.701480
1.701520
1.701560
1.701560
1.701600
1.701640
1.701640
1.701640
1.701680
1.701720
1.701720
1.701760
1.701800
1.701800
1.701840
1.701840
1.701880
1.701920
1.701920
1.701960
1.702000
1.702040
1.702080
1.702120
1.702160
1.702200
1.702240
1.702280
1.702320
1.702320
1.702360
1.702400
1.702440
1.702440
1.702480
1.702480
1.702520
1.702560
1.702600
1.702640
1.702680
1.702720
1.702720
1.702760
1.702800
1.702840
1.702880
1.702920
1.702960
1.703000
1.703040
1.703080
1.703120
1.703160
1.703200
1.703240
1.703240
1.703280
1.703320
1.703360
1.703360
1.703400
1.703440
1.703480
1.703520
1.703560
1.703600
1.703600
1.703640
1.703680
1.703680
1.703680
1.703680
1.703680
1.703720
1.703720
1.703760
1.703800
1.703840
1.703880
1.703880
1.703920
1.703920
1.703960
1.704000
1.704040
1.704080
1.704120
1.704160
1.704200
1.704240
1.704280
1.704280
1.704320
1.704360
1.704400
1.704400
1.704440
1.704480
1.704520
1.704560
1.704600
1.704640
1.704680
1.704680
1.704720
1.704760
1.704800
1.704840
1.704880
1.704920
1.704960
1.705000
1.705040
1.705080
1.705120
1.705120
1.705160
1.705200
1.705240
1.705240
1.705240
1.705280
1.705320
1.705320
1.705360
1.705400
1.705440
1.705480
1.705520
1.705520
1.705560
1.705600
1.705640
1.705680
1.705720
1.705760
1.705800
1.705840
1.705880
1.705920
1.705960
1.705960
1.706000
1.706040
1.706080
1.706120
1.706160
1.706200
1.706240
1.706280
1.706320
1.706360
1.706400
1.706440
1.706440
1.706480
1.706520
1.706520
1.706560
1.706560
1.706600
1.706600
1.706640
1.706680
1.706720
1.706760
1.706800
1.706840
1.706880
1.706880
1.706920
1.706960
1.706960
1.707000
1.707000
1.707040
1.707040
1.707080
1.707120
1.707160
1.707200
1.707240
1.707240
1.707240
1.707280
1.707320
1.707320
1.707360
1.707400
1.707440
1.707440
1.707440
1.707440
1.707440
1.707480
1.707480
1.707520
1.707520
1.707560
1.707560
1.707560
1.707560
1.707600
1.707640
1.707640
1.707680
1.707720
1.707760
1.707800
1.707840
1.707840
1.707880
1.707920
1.707960
1.708000
1.708040
1.708080
1.708120
1.708120
1.708160
1.708160
1.708200
1.708200
1.708240
1.708280
1.708320
1.708320
1.708360
1.708400
1.708440
1.708480
1.708520
1.708560
1.708600
1.708640
1.708640
1.708680
1.708720
1.708760
1.708800
1.708840
1.708880
1.708920
1.708960
1.709000
1.709040
1.709080
1.709120
1.709160
1.709200
1.709200
1.709240
1.709280
1.709280
1.709320
1.709360
1.709400
1.709440
1.709440
1.709440
1.709480
1.709520
1.709520
1.709560
1.709600
1.709640
1.709680
1.709720
1.709720
1.709760
1.709800
1.709840
1.709880
1.709880
1.709920
1.709960
1.710000
1.710040
1.710080
1.710120
1.710160
1.710200
1.710240
1.710280
1.710320
1.710360
1.710400
1.710440
1.710480
1.710520
1.710560
1.710600
1.710640
1.710680
1.710680
1.710720
1.710720
1.710760
1.710800
1.710840
1.710880
1.710920
1.710960
1.710960
1.711000
1.711040
1.711040
1.711040
1.711040
1.711080
1.711120
1.711160
1.711160
1.711160
1.711200
1.711240
1.711280
1.711320
1.711360
1.711400
1.711440
1.711480
1.711520
1.711560
1.711600
1.711600
1.711640
1.711640
1.711680
1.711680
1.711720
1.711720
1.711760
1.711800
1.711800
1.711800
1.711840
1.711880
1.711920
1.711960
1.712000
1.712000
1.712040
1.712040
1.712080
1.712120
1.712160
1.712200
1.712200
1.712240
1.712240
1.712280
1.712320
1.712360
1.712400
1.712440
1.712480
1.712520
1.712560
1.712560
1.712600
1.712640
1.712680
1.712720
1.712760
1.712800
1.712800
1.712800
1.712840
1.712880
1.712920
1.712960
1.713000
1.713040
1.713040
1.713080
1.713080
1.713080
1.713120
1.713160
1.713200
1.713200
1.713240
1.713280
1.713320
1.713360
1.713400
1.713400
1.713440
1.713480
1.713480
1.713480
1.713480
1.713520
1.713560
1.713600
1.713640
1.713680
1.713720
1.713760
1.713800
1.713840
1.713880
1.713920
1.713960
1.713960
1.714000
1.714040
1.714080
1.714120
1.714160
1.714200
1.714240
1.714280
1.714320
1.714360
1.714400
1.714400
1.714440
1.714480
1.714520
1.714560
1.714600
1.714640
1.714680
1.714720
1.714760
1.714800
1.714800
1.714800
1.714840
1.714840
1.714880
1.714920
1.714960
1.715000
1.715000
1.715040
1.715080
1.715120
1.715160
1.715200
1.715240
1.715240
1.715240
1.715280
1.715320
1.715360
1.715400
1.715440
1.715480
1.715520
1.715560
1.715600
1.715640
1.715680
1.715680
1.715720
1.715760
1.715800
1.715800
1.715840
1.715880
1.715920
1.715960
1.716000
1.716040
1.716080
1.716120
1.716160
1.716160
1.716160
1.716200
1.716240
1.716280
1.716320
1.716360
1.716400
1.716440
1.716480
1.716480
1.716520
1.716560
1.716600
1.716640
1.716640
1.716680
1.716680
1.716720
1.716760
1.716800
1.716800
1.716840
1.716880
1.716920
1.716960
1.717000
1.717040
1.717040
1.717080
1.717080
1.717120
1.717160
1.717200
1.717240
1.717240
1.717240
1.717280
1.717320
1.717360
1.717400
1.717440
1.717440
1.717480
1.717520
1.717560
1.717600
1.717640
1.717640
1.717680
1.717720
1.717760
1.717800
1.717840
1.717880
1.717920
1.717920
1.717960
1.717960
1.718000
1.718040
1.718080
1.718080
1.718080
1.718120
1.718160
1.718160
1.718200
1.718200
1.718240
1.718240
1.718280
1.718320
1.718360
1.718400
1.718400
1.718440
1.718440
1.718440
1.718480
1.718520
1.718560
1.718560
1.718600
1.718600
1.718600
1.718640
1.718680
1.718680
1.718720
1.718760
1.718800
1.718800
1.718800
1.718840
1.718880
1.718920
1.718960
1.719000
1.719040
1.719080
1.719080
1.719120
1.719160
1.719200
1.719240
1.719280
1.719320
1.719360
1.719400
1.719440
1.719440
1.719480
1.719520
1.719560
1.719600
1.719640
1.719680
1.719720
1.719760
1.719800
1.719840
1.719880
1.719920
1.719960
1.720000
1.720040
1.720080
1.720120
1.720120
1.720160
1.720160
1.720200
1.720240
1.720280
1.720320
1.720360
1.720360
1.720360
1.720400
1.720440
1.720480
1.720520
1.720560
1.720600
1.720640
1.720680
1.720720
1.720760
1.720800
1.720840
1.720880
1.720920
1.720960
1.720960
1.721000
1.721040
1.721080
1.721120
1.721160
1.721200
1.721200
1.721240
1.721280
1.721320
1.721360
1.721400
1.721440
1.721480
1.721520
1.721560
1.721600
1.721600
1.721600
1.721640
1.721680
1.721720
1.721760
1.721800
1.721840
1.721880
1.721920
1.721920
1.721920
1.721960
1.722000
1.722000
1.722000
1.722040
1.722040
1.722080
1.722120
1.722160
1.722200
1.722240
1.722280
1.722280
1.722320
1.722320
1.722360
1.722400
1.722440
1.722480
1.722520
1.722520
1.722520
1.722560
1.722600
1.722640
1.722640
1.722640
1.722680
1.722720
1.722760
1.722760
1.722760
1.722800
1.722840
1.722840
1.722880
1.722920
1.722960
1.723000
1.723040
1.723080
1.723120
1.723160
1.723160
1.723200
1.723240
1.723280
1.723320
1.723360
1.723400
1.723440
1.723480
1.723520
1.723520
1.723560
1.723560
1.723600
1.723640
1.723680
1.723680
1.723720
1.723760
1.723760
1.723800
1.723840
1.723880
1.723920
1.723960
1.724000
1.724040
1.724080
1.724080
1.724120
1.724160
1.724160
1.724200
1.724200
1.724240
1.724280
1.724280
1.724320
1.724360
1.724360
1.724400
1.724440
1.724480
1.724520
1.724560
1.724560
1.724560
1.724600
1.724640
1.724680
1.724720
1.724760
1.724800
1.724840
1.724880
1.724920
1.724960
1.725000
1.725000
1.725040
1.725080
1.725080
1.725120
1.725120
1.725160
1.725200
1.725240
1.725280
1.725280
1.725280
1.725280
1.725280
1.725320
1.725360
1.725400
1.725400
1.725440
1.725480
1.725480
1.725520
1.725560
1.725600
1.725640
1.725680
1.725720
1.725720
1.725720
1.725760
1.725800
1.725840
1.725880
1.725920
1.725960
1.726000
1.726000
1.726040
1.726080
1.726120
1.726160
1.726200
1.726240
1.726280
1.726280
1.726280
1.726320
1.726360
1.726400
1.726440
1.726480
1.726480
1.726480
1.726520
1.726560
1.726560
1.726560
1.726600
1.726640
1.726640
1.726640
1.726640
1.726640
1.726680
1.726720
1.726760
1.726800
1.726840
1.726880
1.726920
1.726960
1.727000
1.727040
1.727040
1.727040
1.727080
1.727080
1.727120
1.727160
1.727200
1.727200
1.727200
1.727240
1.727280
1.727280
1.727320
1.727320
1.727360
1.727400
1.727440
1.727480
1.727520
1.727520
1.727560
1.727600
1.727640
1.727680
1.727720
1.727720
1.727760
1.727800
1.727840
1.727880
1.727920
1.727960
1.728000
1.728000
1.728040
1.728080
1.728080
1.728120
1.728120
1.728160
1.728200
1.728240
1.728240
1.728280
1.728320
1.728360
1.728400
1.728440
1.728480
1.728520
1.728520
1.728560
1.728600
1.728640
1.728680
1.728720
1.728760
1.728800
1.728840
1.728840
1.728880
1.728880
1.728880
1.728920
1.728960
1.729000
1.729000
1.729040
1.729080
1.729080
1.729120
1.729160
1.729200
1.729240
1.729240
1.729280
1.729320
1.729360
1.729360
1.729400
1.729440
1.729480
1.729520
1.729560
1.729600
1.729640
1.729680
1.729680
1.729680
1.729720
1.729720
1.729760
1.729800
1.729800
1.729840
1.729840
1.729880
1.729920
1.729960
1.730000
1.730040
1.730080
1.730120
1.730160
1.730200
1.730240
1.730280
1.730320
1.730320
1.730360
1.730400
1.730440
1.730480
1.730520
1.730560
1.730560
1.730600
1.730640
1.730680
1.730720
1.730720
1.730760
1.730800
1.730840
1.730880
1.730880
1.730920
1.730960
1.731000
1.731040
1.731080
1.731120
1.731120
1.731120
1.731160
1.731200
1.731240
1.731280
1.731320
1.731360
1.731400
1.731440
1.731480
1.731480
1.731520
1.731560
1.731600
1.731600
1.731600
1.731640
1.731680
1.731720
1.731720
1.731760
1.731800
1.731840
1.731880
1.731920
1.731960
1.732000
1.732000
1.732000
1.732040
1.732040
1.732080
1.732120
1.732160
1.732200
1.732240
1.732280
1.732320
1.732360
1.732400
1.732440
1.732440
1.732440
1.732480
1.732520
1.732560
1.732600
1.732600
1.732640
1.732680
1.732680
1.732720
1.732760
1.732800
1.732840
1.732840
1.732880
1.732920
1.732960
1.733000
1.733000
1.733040
1.733080
1.733120
1.733160
1.733200
1.733200
1.733240
1.733280
1.733320
1.733360
1.733400
1.733440
1.733480
1.733480
1.733520
1.733560
1.733560
1.733600
1.733640
1.733640
1.733640
1.733680
1.733720
1.733720
1.733760
1.733800
1.733840
1.733880
1.733920
1.733960
1.734000
1.734040
1.734040
1.734040
1.734080
1.734080
1.734080
1.734120
1.734160
1.734160
1.734200
1.734240
1.734280
1.734320
1.734360
1.734400
1.734440
1.734480
1.734520
1.734560
1.734600
1.734640
1.734640
1.734680
1.734720
1.734720
1.734760
1.734800
1.734840
1.734880
1.734920
1.734960
1.735000
1.735040
1.735080
1.735080
1.735080
1.735120
1.735120
1.735160
1.735200
1.735200
1.735200
1.735240
1.735280
1.735320
1.735360
1.735360
1.735400
1.735400
1.735440
1.735480
1.735520
1.735560
1.735560
1.735560
1.735600
1.735640
1.735680
1.735720
1.735760
1.735760
1.735800
1.735800
1.735840
1.735880
1.735920
1.735960
1.736000
1.736040
1.736080
1.736120
1.736160
1.736200
1.736240
1.736280
1.736320
1.736360
1.736400
1.736440
1.736480
1.736520
1.736560
1.736600
1.736640
1.736640
1.736680
1.736720
1.736760
1.736800
1.736800
1.736800
1.736840
1.736840
1.736840
1.736880
1.736920
1.736960
1.736960
1.737000
1.737040
1.737040
1.737080
1.737120
1.737120
1.737160
1.737200
1.737240
1.737240
1.737240
1.737280
1.737320
1.737320
1.737360
1.737360
1.737400
1.737440
1.737480
1.737520
1.737560
1.737600
1.737640
1.737680
1.737720
1.737760
1.737800
1.737840
1.737840
1.737880
1.737920
1.737960
1.738000
1.738040
1.738040
1.738080
1.738120
1.738120
1.738160
1.738200
1.738240
1.738280
1.738320
1.738360
1.738360
1.738400
1.738440
1.738480
1.738520
1.738520
1.738560
1.738600
1.738600
1.738640
1.738680
1.738720
1.738760
1.738800
1.738840
1.738880
1.738880
1.738920
1.738920
1.738960
1.739000
1.739040
1.739080
1.739120
1.739160
1.739200
1.739200
1.739240
1.739240
1.739280
1.739320
1.739360
1.739360
1.739400
1.739440
1.739440
1.739480
1.739520
1.739560
1.739600
1.739640
1.739680
1.739720
1.739760
1.739800
1.739840
1.739880
1.739920
1.739960
1.740000
1.740040
1.740080
1.740120
1.740160
1.740200
1.740240
1.740240
1.740240
1.740240
1.740280
1.740320
1.740320
1.740360
1.740400
1.740440
1.740480
1.740520
1.740560
1.740600
1.740600
1.740600
1.740640
1.740680
1.740720
1.740760
1.740760
1.740800
1.740840
1.740880
1.740920
1.740960
1.741000
1.741040
1.741080
1.741120
1.741160
1.741200
1.741240
1.741280
1.741320
1.741360
1.741360
1.741360
1.741400
1.741440
1.741480
1.741520
1.741560
1.741600
1.741640
1.741680
1.741680
1.741720
1.741720
1.741720
1.741760
1.741800
1.741840
1.741880
1.741920
1.741960
1.742000
1.742040
1.742080
1.742120
1.742120
1.742160
1.742200
1.742240
1.742280
1.742280
1.742320
1.742360
1.742400
1.742440
1.742480
1.742520
1.742560
1.742600
1.742640
1.742680
1.742720
1.742760
1.742800
1.742840
1.742880
1.742880
1.742920
1.742920
1.742960
1.743000
1.743040
1.743080
1.743080
1.743120
1.743120
1.743160
1.743200
1.743240
1.743280
1.743280
1.743280
1.743320
1.743360
1.743360
1.743400
1.743440
1.743480
1.743480
1.743520
1.743520
1.743560
1.743600
1.743640
1.743640
1.743680
1.743720
1.743760
1.743800
1.743840
1.743880
1.743920
1.743960
1.744000
1.744040
1.744080
1.744080
1.744120
1.744160
1.744160
1.744200
1.744240
1.744280
1.744320
1.744360
1.744360
1.744400
1.744400
1.744440
1.744480
1.744520
1.744560
1.744600
1.744640
1.744680
1.744720
1.744760
1.744800
1.744840
1.744840
1.744840
1.744840
1.744840
1.744880
1.744920
1.744960
1.745000
1.745040
1.745080
1.745120
1.745160
1.745200
1.745200
1.745240
1.745280
1.745320
1.745360
1.745360
1.745400
1.745440
1.745480
1.745520
1.745560
1.745600
1.745600
1.745640
1.745680
1.745720
1.745760
1.745800
1.745840
1.745880
1.745920
1.745960
1.746000
1.746040
1.746080
1.746120
1.746160
1.746200
1.746200
1.746240
1.746280
1.746280
1.746320
1.746360
1.746360
1.746400
1.746440
1.746480
1.746520
1.746560
1.746560
1.746560
1.746560
1.746600
1.746600
1.746640
1.746680
1.746720
1.746760
1.746800
1.746840
1.746880
1.746920
1.746920
1.746960
1.746960
1.747000
1.747040
1.747080
1.747120
1.747160
1.747200
1.747240
1.747280
1.747280
1.747320
1.747360
1.747400
1.747400
1.747440
1.747480
1.747520
1.747560
1.747600
1.747640
1.747680
1.747720
1.747760
1.747800
1.747800
1.747840
1.747880
1.747920
1.747960
1.747960
1.748000
1.748040
1.748080
1.748120
1.748160
1.748200
1.748240
1.748280
1.748320
1.748360
1.748400
1.748400
1.748440
1.748480
1.748520
1.748560
1.748600
1.748600
1.748640
1.748680
1.748720
1.748760
1.748800
1.748840
1.748840
1.748840
1.748880
1.748880
1.748920
1.748960
1.749000
1.749040
1.749080
1.749120
1.749160
1.749200
1.749240
1.749280
1.749320
1.749360
1.749400
1.749440
1.749440
1.749440
1.749480
1.749520
1.749560
1.749600
1.749640
1.749680
1.749720
1.749720
1.749720
1.749760
1.749800
1.749840
1.749880
1.749880
1.749920
1.749920
1.749960
1.750000
1.750000
1.750040
1.750080
1.750120
1.750160
1.750200
1.750200
1.750240
1.750280
1.750320
1.750360
1.750400
1.750440
1.750480
1.750480
1.750520
1.750520
1.750560
1.750600
1.750600
1.750600
1.750640
1.750680
1.750720
1.750720
1.750760
1.750760
1.750800
1.750840
1.750880
1.750880
1.750920
1.750960
1.750960
1.751000
1.751000
1.751040
1.751080
1.751120
1.751160
1.751160
1.751200
1.751200
1.751240
1.751280
1.751320
1.751320
1.751360
1.751400
1.751400
1.751400
1.751440
1.751440
1.751480
1.751520
1.751560
1.751600
1.751640
1.751680
1.751720
1.751760
1.751760
1.751800
1.751840
1.751840
1.751880
1.751920
1.751960
1.752000
1.752040
1.752080
1.752120
1.752120
1.752160
1.752200
1.752240
1.752280
1.752280
1.752320
1.752360
1.752400
1.752400
1.752440
1.752480
1.752520
1.752560
1.752600
1.752640
1.752680
1.752720
1.752760
1.752800
1.752800
1.752800
1.752840
1.752880
1.752920
1.752920
1.752960
1.753000
1.753040
1.753080
1.753120
1.753160
1.753200
1.753200
1.753240
1.753280
1.753320
1.753360
1.753400
1.753400
1.753400
1.753440
1.753480
1.753480
1.753520
1.753560
1.753600
1.753640
1.753680
1.753720
1.753760
1.753800
1.753840
1.753880
1.753920
1.753960
1.754000
1.754000
1.754000
1.754040
1.754080
1.754080
1.754120
1.754160
1.754200
1.754200
1.754200
1.754240
1.754280
1.754280
1.754320
1.754360
1.754400
1.754440
1.754480
1.754520
1.754520
1.754560
1.754600
1.754640
1.754680
1.754720
1.754760
1.754800
1.754840
1.754880
1.754920
1.754960
1.755000
1.755000
1.755040
1.755080
1.755120
1.755160
1.755160
1.755200
1.755200
1.755240
1.755280
1.755320
1.755360
1.755400
1.755440
1.755480
1.755480
1.755520
1.755520
1.755560
1.755560
1.755600
1.755600
1.755640
1.755680
1.755720
1.755760
1.755760
1.755800
1.755840
1.755880
1.755920
1.755960
1.756000
1.756040
1.756040
1.756080
1.756120
1.756160
1.756200
1.756240
1.756280
1.756320
1.756360
1.756400
1.756440
1.756480
1.756520
1.756520
1.756560
1.756600
1.756600
1.756600
1.756640
1.756680
1.756720
1.756760
1.756800
1.756840
1.756880
1.756920
1.756960
1.757000
1.757000
1.757040
1.757040
1.757080
1.757080
1.757120
1.757160
1.757160
1.757200
1.757240
1.757280
1.757320
1.757360
1.757400
1.757440
1.757480
1.757520
1.757520
1.757560
1.757600
1.757640
1.757680
1.757720
1.757760
1.757800
1.757840
1.757880
1.757880
1.757920
1.757920
1.757960
1.758000
1.758040
1.758080
1.758080
1.758120
1.758160
1.758200
1.758240
1.758280
1.758280
1.758320
1.758360
1.758400
1.758440
1.758480
1.758480
1.758520
1.758560
1.758600
1.758640
1.758680
1.758680
1.758720
1.758760
1.758800
1.758840
1.758880
1.758920
1.758920
1.758960
1.759000
1.759040
1.759080
1.759120
1.759160
1.759200
1.759240
1.759280
1.759280
1.759280
1.759280
1.759320
1.759320
1.759320
1.759320
1.759360
1.759400
1.759440
1.759480
1.759520
1.759560
1.759600
1.759640
1.759640
1.759680
1.759680
1.759680
1.759720
1.759760
1.759800
1.759840
1.759880
1.759880
1.759920
1.759960
1.760000
1.760040
1.760080
1.760120
1.760160
1.760160
1.760200
1.760200
1.760240
1.760240
1.760280
1.760320
1.760360
1.760400
1.760440
1.760480
1.760520
1.760560
1.760600
1.760640
1.760680
1.760720
1.760760
1.760760
1.760800
1.760840
1.760880
1.760920
1.760960
1.761000
1.761040
1.761040
1.761080
1.761120
1.761160
1.761200
1.761240
1.761280
1.761320
1.761360
1.761360
1.761400
1.761400
1.761440
1.761480
1.761520
1.761520
1.761560
1.761600
1.761640
1.761640
1.761680
1.761720
1.761760
1.761800
1.761840
1.761880
1.761920
1.761960
1.762000
1.762000
1.762040
1.762040
1.762040
1.762080
1.762120
1.762160
1.762200
1.762240
1.762240
1.762280
1.762320
1.762360
1.762400
1.762440
1.762480
1.762520
1.762560
1.762560
1.762560
1.762560
1.762600
1.762640
1.762680
1.762720
1.762760
1.762800
1.762840
1.762880
1.762920
1.762960
1.762960
1.763000
1.763040
1.763080
1.763120
1.763160
1.763200
1.763240
1.763280
1.763320
1.763320
1.763320
1.763360
1.763360
1.763400
1.763440
1.763480
1.763520
1.763560
1.763600
1.763640
1.763680
1.763680
1.763720
1.763760
1.763800
1.763840
1.763880
1.763880
1.763920
1.763960
1.764000
1.764040
1.764040
1.764080
1.764120
1.764160
1.764200
1.764200
1.764240
1.764280
1.764320
1.764360
1.764400
1.764440
1.764480
1.764520
1.764560
1.764600
1.764640
1.764680
1.764720
1.764760
1.764800
1.764840
1.764880
1.764920
1.764920
1.764960
1.765000
1.765040
1.765040
1.765080
1.765120
1.765120
1.765120
1.765160
1.765200
1.765240
1.765240
1.765280
1.765320
1.765360
1.765400
1.765440
1.765440
1.765480
1.765520
1.765560
1.765600
1.765640
1.765680
1.765720
1.765760
1.765800
1.765800
1.765840
1.765880
1.765920
1.765960
1.766000
1.766040
1.766080
1.766120
1.766160
1.766200
1.766240
1.766240
1.766280
1.766320
1.766360
1.766400
1.766440
1.766480
1.766520
1.766560
1.766600
1.766640
1.766680
1.766720
1.766760
1.766800
1.766840
1.766880
1.766920
1.766960
1.767000
1.767040
1.767080
1.767120
1.767160
1.767200
1.767240
1.767280
1.767320
1.767320
1.767360
1.767400
1.767440
1.767440
1.767440
1.767480
1.767480
1.767520
1.767560
1.767600
1.767640
1.767680
1.767720
1.767760
1.767800
1.767840
1.767880
1.767920
1.767960
1.768000
1.768040
1.768080
1.768120
1.768160
1.768200
1.768240
1.768280
1.768320
1.768360
1.768360
1.768400
1.768440
1.768440
1.768480
1.768520
1.768560
1.768600
1.768640
1.768680
1.768720
1.768760
1.768800
1.768840
1.768880
1.768920
1.768960
1.769000
1.769040
1.769080
1.769120
1.769120
1.769160
1.769200
1.769240
1.769240
1.769280
1.769280
1.769320
1.769360
1.769400
1.769440
1.769480
1.769520
1.769520
1.769560
1.769600
1.769600
1.769640
1.769680
1.769680
1.769680
1.769680
1.769720
1.769760
1.769800
1.769840
1.769880
1.769920
1.769960
1.770000
1.770040
1.770080
1.770120
1.770160
1.770200
1.770240
1.770280
1.770320
1.770360
1.770360
1.770400
1.770440
1.770480
1.770520
1.770560
1.770600
1.770640
1.770680
1.770720
1.770720
1.770720
1.770760
1.770760
1.770800
1.770840
1.770840
1.770880
1.770920
1.770960
1.771000
1.771040
1.771080
1.771120
1.771120
1.771160
1.771200
1.771240
1.771240
1.771280
1.771280
1.771280
1.771320
1.771360
1.771400
1.771440
1.771480
1.771520
1.771520
1.771520
1.771560
1.771600
1.771600
1.771640
1.771640
1.771680
1.771720
1.771760
1.771760
1.771800
1.771840
1.771880
1.771880
1.771920
1.771920
1.771960
1.771960
1.771960
1.772000
1.772040
1.772080
1.772080
1.772120
1.772120
1.772160
1.772200
1.772240
1.772240
1.772280
1.772280
1.772320
1.772360
1.772400
1.772440
1.772480
1.772520
1.772560
1.772600
1.772640
1.772640
1.772680
1.772680
1.772720
1.772760
1.772760
1.772800
1.772840
1.772840
1.772880
1.772920
1.772960
1.773000
1.773000
1.773040
1.773080
1.773120
1.773160
1.773200
1.773240
1.773280
1.773320
1.773320
1.773320
1.773360
1.773400
1.773440
1.773480
1.773520
1.773560
1.773600
1.773640
1.773680
1.773720
1.773760
1.773760
1.773800
1.773840
1.773840
1.773840
1.773880
1.773920
1.773960
1.774000
1.774040
1.774080
1.774120
1.774160
1.774160
1.774200
1.774240
1.774240
1.774280
1.774320
1.774320
1.774320
1.774360
1.774400
1.774440
1.774480
1.774480
1.774520
1.774520
1.774520
1.774560
1.774600
1.774640
1.774640
1.774680
1.774720
1.774760
1.774800
1.774800
1.774800
1.774840
1.774880
1.774880
1.774880
1.774880
1.774880
1.774920
1.774960
1.775000
1.775000
1.775040
1.775080
1.775120
1.775160
1.775200
1.775240
1.775280
1.775320
1.775360
1.775400
1.775440
1.775480
1.775480
1.775520
1.775560
1.775600
1.775640
1.775680
1.775720
1.775760
1.775800
1.775840
1.775880
1.775920
1.775960
1.776000
1.776040
1.776080
1.776120
1.776160
1.776200
1.776240
1.776280
1.776320
1.776360
1.776400
1.776440
1.776480
1.776520
1.776520
1.776520
1.776560
1.776600
1.776640
1.776680
1.776680
1.776680
1.776720
1.776760
1.776800
1.776840
1.776880
1.776920
1.776960
1.776960
1.776960
1.777000
1.777040
1.777080
1.777080
1.777120
1.777160
1.777200
1.777240
1.777280
1.777320
1.777320
1.777360
1.777400
1.777440
1.777480
1.777520
1.777560
1.777560
1.777600
1.777600
1.777640
1.777680
1.777680
1.777720
1.777760
1.777800
1.777840
1.777840
1.777880
1.777880
1.777920
1.777920
1.777920
1.777920
1.777920
1.777960
1.777960
1.778000
1.778040
1.778080
1.778120
1.778160
1.778200
1.778200
1.778240
1.778280
1.778320
1.778320
1.778360
1.778400
1.778440
1.778480
1.778520
1.778560
1.778600
1.778640
1.778680
1.778680
1.778720
1.778720
1.778760
1.778800
1.778840
1.778880
1.778920
1.778920
1.778960
1.779000
1.779040
1.779040
1.779040
1.779080
1.779080
1.779120
1.779160
1.779200
1.779240
1.779280
1.779320
1.779360
1.779360
1.779400
1.779440
1.779480
1.779520
1.779560
1.779600
1.779640
1.779680
1.779720
1.779760
1.779760
1.779800
1.779840
1.779880
1.779920
1.779960
1.780000
1.780040
1.780080
1.780120
1.780160
1.780200
1.780240
1.780280
1.780280
1.780320
1.780320
1.780360
1.780400
1.780440
1.780480
1.780480
1.780520
1.780560
1.780600
1.780640
1.780680
1.780720
1.780720
1.780720
1.780760
1.780800
1.780800
1.780840
1.780880
1.780920
1.780960
1.781000
1.781000
1.781040
1.781080
1.781120
1.781160
1.781200
1.781240
1.781280
1.781320
1.781360
1.781360
1.781400
1.781440
1.781480
1.781520
1.781520
1.781560
1.781600
1.781640
1.781680
1.781720
1.781720
1.781760
1.781800
1.781800
1.781840
1.781880
1.781920
1.781960
1.782000
1.782040
1.782080
1.782120
1.782160
1.782200
1.782240
1.782280
1.782320
1.782360
1.782400
1.782440
1.782480
1.782520
1.782560
1.782600
1.782640
1.782680
1.782680
1.782680
1.782720
1.782760
1.782800
1.782840
1.782880
1.782920
1.782960
1.783000
1.783040
1.783080
1.783120
1.783120
1.783160
1.783200
1.783240
1.783280
1.783320
1.783360
1.783400
1.783400
1.783440
1.783480
1.783480
1.783520
1.783520
1.783560
1.783600
1.783640
1.783640
1.783680
1.783720
1.783760
1.783800
1.783840
1.783880
1.783920
1.783960
1.784000
1.784040
1.784040
1.784080
1.784120
1.784160
1.784200
1.784240
1.784280
1.784320
1.784360
1.784400
1.784440
1.784480
1.784520
1.784520
1.784560
1.784600
1.784640
1.784680
1.784720
1.784760
1.784800
1.784840
1.784880
1.784880
1.784920
1.784960
1.785000
1.785040
1.785080
1.785080
1.785120
1.785160
1.785200
1.785240
1.785280
1.785320
1.785360
1.785360
1.785360
1.785400
1.785440
1.785440
1.785480
1.785520
1.785560
1.785600
1.785640
1.785680
1.785720
1.785760
1.785800
1.785840
1.785880
1.785920
1.785960
1.786000
1.786040
1.786040
1.786080
1.786120
1.786160
1.786160
1.786200
1.786240
1.786280
1.786320
1.786360
1.786400
1.786440
1.786480
1.786520
1.786560
1.786560
1.786600
1.786640
1.786680
1.786720
1.786760
1.786760
1.786800
1.786840
1.786880
1.786880
1.786880
1.786880
1.786920
1.786960
1.787000
1.787040
1.787080
1.787120
1.787160
1.787200
1.787240
1.787280
1.787320
1.787360
1.787400
1.787440
1.787480
1.787520
1.787560
1.787600
1.787640
1.787680
1.787720
1.787760
1.787800
1.787840
1.787880
1.787880
1.787920
1.787960
1.788000
1.788040
1.788080
1.788080
1.788120
1.788120
1.788160
1.788200
1.788240
1.788240
1.788280
1.788320
1.788320
1.788360
1.788400
1.788440
1.788480
1.788520
1.788560
1.788600
1.788600
1.788640
1.788680
1.788720
1.788760
1.788800
1.788840
1.788880
1.788880
1.788880
1.788920
1.788960
1.789000
1.789040
1.789080
1.789120
1.789120
1.789160
1.789200
1.789240
1.789240
1.789280
1.789320
1.789360
1.789400
1.789400
1.789440
1.789440
1.789480
1.789520
1.789560
1.789560
1.789600
1.789640
1.789640
1.789680
1.789680
1.789720
1.789760
1.789800
1.789840
1.789880
1.789920
1.789960
1.789960
1.789960
1.790000
1.790040
1.790080
1.790120
1.790160
1.790200
1.790240
1.790240
1.790280
1.790320
1.790360
1.790400
1.790440
1.790480
1.790520
1.790560
1.790600
1.790600
1.790640
1.790680
1.790680
1.790720
1.790760
1.790760
1.790800
1.790800
1.790840
1.790880
1.790920
1.790960
1.791000
1.791040
1.791080
1.791120
1.791160
1.791200
1.791240
1.791280
1.791320
1.791360
1.791400
1.791400
1.791440
1.791480
1.791520
1.791560
1.791560
1.791600
1.791600
1.791640
1.791680
1.791720
1.791760
1.791800
1.791840
1.791880
1.791920
1.791960
1.792000
1.792040
1.792040
1.792040
1.792080
1.792120
1.792160
1.792200
1.792240
1.792240
1.792280
1.792280
1.792320
1.792360
1.792400
1.792440
1.792480
1.792520
1.792560
1.792560
1.792600
1.792640
1.792680
1.792680
1.792720
1.792760
1.792760
1.792800
1.792840
1.792880
1.792920
1.792960
1.793000
1.793040
1.793040
1.793080
1.793080
1.793120
1.793120
1.793160
1.793200
1.793240
1.793280
1.793320
1.793360
1.793400
1.793440
1.793480
1.793520
1.793560
1.793600
1.793640
1.793680
1.793720
1.793760
1.793800
1.793840
1.793880
1.793920
1.793960
1.793960
1.794000
1.794040
1.794080
1.794120
1.794160
1.794200
1.794240
1.794280
1.794320
1.794320
1.794320
1.794360
1.794400
1.794440
1.794480
1.794520
1.794560
1.794600
1.794640
1.794640
1.794680
1.794720
1.794760
1.794760
1.794800
1.794800
1.794840
1.794880
1.794880
1.794920
1.794920
1.794960
1.795000
1.795040
1.795080
1.795120
1.795160
1.795160
1.795200
1.795240
1.795280
1.795320
1.795320
1.795360
1.795400
1.795440
1.795480
1.795480
1.795520
1.795560
1.795600
1.795640
1.795680
1.795720
1.795760
1.795800
1.795800
1.795840
1.795840
1.795880
1.795920
1.795960
1.795960
1.795960
1.796000
1.796040
1.796080
1.796120
1.796160
1.796200
1.796240
1.796280
1.796320
1.796320
1.796360
1.796400
1.796400
1.796440
1.796480
1.796480
1.796480
1.796520
1.796560
1.796600
1.796640
1.796680
1.796720
1.796760
1.796800
1.796840
1.796840
1.796880
1.796880
1.796920
1.796960
1.797000
1.797040
1.797080
1.797080
1.797120
1.797120
1.797160
1.797200
1.797240
1.797280
1.797280
1.797320
1.797360
1.797400
1.797440
1.797480
1.797520
1.797520
1.797520
1.797560
1.797600
1.797640
1.797680
1.797720
1.797760
1.797800
1.797840
1.797840
1.797880
1.797920
1.797920
1.797960
1.798000
1.798040
1.798080
1.798120
1.798160
1.798200
1.798240
1.798280
1.798280
1.798280
1.798280
1.798320
1.798360
1.798360
1.798400
1.798440
1.798480
1.798520
1.798560
1.798600
1.798600
1.798640
1.798680
1.798720
1.798760
1.798800
1.798840
1.798880
1.798920
1.798920
1.798960
1.799000
1.799040
1.799040
1.799080
1.799120
1.799160
1.799200
1.799240
1.799280
1.799280
1.799320
1.799320
1.799360
1.799360
1.799400
1.799400
1.799440
1.799480
1.799480
1.799520
1.799560
1.799600
1.799640
1.799640
1.799640
1.799680
1.799720
1.799720
1.799760
1.799800
1.799800
1.799840
1.799840
1.799840
1.799880
1.799880
1.799920
1.799960
1.800000
1.800040
1.800080
1.800120
1.800160
1.800160
1.800200
1.800200
1.800240
1.800280
1.800320
1.800360
1.800360
1.800360
1.800400
1.800440
1.800480
1.800520
1.800520
1.800560
1.800560
1.800600
1.800640
1.800640
1.800640
1.800640
1.800680
1.800720
1.800720
1.800760
1.800760
1.800800
1.800840
1.800880
1.800920
1.800960
1.801000
1.801040
1.801080
1.801120
1.801160
1.801200
1.801240
1.801280
1.801320
1.801360
1.801400
1.801400
1.801440
1.801480
1.801520
1.801560
1.801600
1.801640
1.801640
1.801680
1.801720
1.801760
1.801760
1.801800
1.801840
1.801880
1.801920
1.801960
1.802000
1.802040
1.802040
1.802080
1.802120
1.802120
1.802160
1.802200
1.802240
1.802240
1.802280
1.802320
1.802320
1.802360
1.802400
1.802440
1.802480
1.802480
1.802520
1.802560
1.802600
1.802600
1.802600
1.802640
1.802680
1.802720
1.802760
1.802760
1.802760
1.802800
1.802840
1.802840
1.802880
1.802920
1.802960
1.803000
1.803040
1.803080
1.803120
1.803160
1.803200
1.803240
1.803240
1.803280
1.803320
1.803360
1.803400
1.803440
1.803480
1.803520
1.803520
1.803560
1.803560
1.803600
1.803640
1.803680
1.803720
1.803760
1.803800
1.803840
1.803880
1.803920
1.803960
1.804000
1.804040
1.804080
1.804120
1.804160
1.804200
1.804200
1.804240
1.804280
1.804320
1.804360
1.804360
1.804360
1.804400
1.804440
1.804440
1.804440
1.804480
1.804520
1.804560
1.804600
1.804640
1.804680
1.804720
1.804720
1.804760
1.804800
1.804840
1.804880
1.804920
1.804960
1.805000
1.805000
1.805040
1.805080
1.805120
1.805160
1.805200
1.805240
1.805280
1.805320
1.805320
1.805360
1.805400
1.805400
1.805440
1.805480
1.805520
1.805560
1.805600
1.805600
1.805640
1.805680
1.805720
1.805760
1.805800
1.805840
1.805880
1.805920
1.805920
1.805960
1.806000
1.806040
1.806080
1.806080
1.806080
1.806120
1.806160
1.806200
1.806240
1.806280
1.806320
1.806360
1.806360
1.806400
1.806440
1.806440
1.806480
1.806480
1.806480
1.806520
1.806560
1.806600
1.806600
1.806640
1.806640
1.806640
1.806680
1.806680
1.806720
1.806760
1.806800
1.806840
1.806880
1.806880
1.806920
1.806960
1.807000
1.807000
1.807040
1.807080
1.807120
1.807160
1.807200
1.807200
1.807200
1.807200
1.807240
1.807280
1.807320
1.807360
1.807400
1.807440
1.807480
1.807520
1.807560
1.807600
1.807640
1.807680
1.807720
1.807760
1.807800
1.807840
1.807880
1.807920
1.807960
1.808000
1.808040
1.808040
1.808080
1.808120
1.808160
1.808200
1.808200
1.808240
1.808280
1.808320
1.808360
1.808400
1.808400
1.808440
1.808480
1.808520
1.808520
1.808560
1.808600
1.808600
1.808640
1.808640
1.808680
1.808720
1.808720
1.808760
1.808760
1.808800
1.808840
1.808880
1.808920
1.808960
1.809000
1.809040
1.809080
1.809120
1.809160
1.809160
1.809160
1.809200
1.809240
1.809240
1.809280
1.809320
1.809360
1.809360
1.809360
1.809360
1.809400
1.809440
1.809480
1.809520
1.809560
1.809600
1.809640
1.809680
1.809720
1.809720
1.809760
1.809800
1.809840
1.809880
1.809920
1.809960
1.809960
1.810000
1.810040
1.810080
1.810120
1.810160
1.810200
1.810240
1.810240
1.810280
1.810320
1.810360
1.810400
1.810440
1.810480
1.810520
1.810560
1.810600
1.810640
1.810680
1.810720
1.810760
1.810800
1.810800
1.810840
1.810880
1.810920
1.810960
1.810960
1.811000
1.811040
1.811080
1.811120
1.811160
1.811160
1.811200
1.811240
1.811280
1.811280
1.811320
1.811360
1.811400
1.811440
1.811480
1.811520
1.811560
1.811600
1.811640
1.811640
1.811640
1.811640
1.811680
1.811720
1.811760
1.811800
1.811840
1.811880
1.811920
1.811960
1.812000
1.812040
1.812080
1.812120
1.812160
1.812160
1.812160
1.812200
1.812200
1.812240
1.812280
1.812320
1.812360
1.812400
1.812440
1.812480
1.812520
1.812560
1.812600
1.812600
1.812640
1.812680
1.812720
1.812760
1.812800
1.812840
1.812880
1.812920
1.812960
1.812960
1.813000
1.813040
1.813040
1.813080
1.813120
1.813160
1.813200
1.813240
1.813240
1.813240
1.813280
1.813320
1.813360
1.813400
1.813440
1.813480
1.813480
1.813520
1.813520
1.813560
1.813600
1.813640
1.813680
1.813720
1.813760
1.813760
1.813800
1.813840
1.813840
1.813880
1.813880
1.813920
1.813920
1.813960
1.814000
1.814000
1.814040
1.814080
1.814120
1.814120
1.814160
1.814160
1.814200
1.814200
1.814240
1.814280
1.814280
1.814320
1.814360
1.814400
1.814400
1.814440
1.814480
1.814520
1.814560
1.814600
1.814640
1.814680
1.814720
1.814760
1.814800
1.814840
1.814840
1.814880
1.814920
1.814960
1.815000
1.815040
1.815080
1.815120
1.815160
1.815200
1.815240
1.815240
1.815240
1.815280
1.815320
1.815320
1.815360
1.815400
1.815440
1.815480
1.815520
1.815520
1.815560
1.815600
1.815640
1.815680
1.815720
1.815760
1.815760
1.815800
1.815800
1.815840
1.815880
1.815920
1.815960
1.815960
1.816000
1.816040
1.816040
1.816080
1.816120
1.816160
1.816200
1.816240
1.816280
1.816320
1.816360
1.816400
1.816440
1.816480
1.816520
1.816560
1.816600
1.816640
1.816680
1.816720
1.816720
1.816760
1.816760
1.816800
1.816800
1.816800
1.816840
1.816880
1.816880
1.816920
1.816960
1.816960
1.817000
1.817040
1.817080
1.817120
1.817160
1.817200
1.817240
1.817280
1.817320
1.817360
1.817400
1.817440
1.817440
1.817480
1.817520
1.817520
1.817560
1.817560
1.817600
1.817600
1.817640
1.817680
1.817720
1.817720
1.817760
1.817800
1.817840
1.817880
1.817920
1.817960
1.818000
1.818040
1.818080
1.818120
1.818160
1.818200
1.818240
1.818280
1.818280
1.818320
1.818360
1.818400
1.818440
1.818480
1.818520
1.818560
1.818600
1.818640
1.818640
1.818680
1.818720
1.818760
1.818800
1.818840
1.818840
1.818840
1.818840
1.818880
1.818920
1.818960
1.818960
1.819000
1.819040
1.819080
1.819120
1.819120
1.819160
1.819160
1.819160
1.819200
1.819240
1.819240
1.819240
1.819280
1.819320
1.819360
1.819360
1.819400
1.819440
1.819440
1.819480
1.819520
1.819560
1.819600
1.819640
1.819640
1.819680
1.819720
1.819760
1.819800
1.819840
1.819880
1.819920
1.819960
1.820000
1.820040
1.820040
1.820080
1.820120
1.820160
1.820160
1.820200
1.820240
1.820280
1.820320
1.820360
1.820360
1.820400
1.820440
1.820480
1.820480
1.820480
1.820520
1.820560
1.820600
1.820640
1.820680
1.820720
1.820760
1.820800
1.820840
1.820880
1.820920
1.820960
1.821000
1.821040
1.821040
1.821040
1.821080
1.821120
1.821160
1.821200
1.821200
1.821200
1.821200
1.821200
1.821240
1.821280
1.821280
1.821320
1.821360
1.821400
1.821400
1.821440
1.821480
1.821520
1.821520
1.821560
1.821560
1.821560
1.821560
1.821600
1.821640
1.821680
1.821720
1.821760
1.821800
1.821800
1.821800
1.821840
1.821880
1.821920
1.821960
1.821960
1.821960
1.822000
1.822040
1.822080
1.822080
1.822120
1.822160
1.822200
1.822240
1.822280
1.822280
1.822320
1.822360
1.822400
1.822440
1.822480
1.822520
1.822560
1.822560
1.822560
1.822600
1.822640
1.822680
1.822720
1.822760
1.822800
1.822840
1.822880
1.822920
1.822960
1.823000
1.823040
1.823080
1.823080
1.823080
1.823120
1.823160
1.823200
1.823240
1.823240
1.823280
1.823320
1.823360
1.823400
1.823440
1.823440
1.823480
1.823520
1.823560
1.823600
1.823600
1.823600
1.823640
1.823680
1.823720
1.823760
1.823800
1.823840
1.823880
1.823920
1.823920
1.823960
1.824000
1.824000
1.824040
1.824080
1.824120
1.824160
1.824200
1.824240
1.824240
1.824280
1.824320
1.824360
1.824400
1.824440
1.824440
1.824440
1.824480
1.824520
1.824520
1.824560
1.824600
1.824640
1.824680
1.824680
1.824720
1.824720
1.824760
1.824800
1.824840
1.824880
1.824880
1.824920
1.824960
1.825000
1.825040
1.825080
1.825120
1.825120
1.825160
1.825200
1.825240
1.825240
1.825280
1.825320
1.825360
1.825400
1.825400
1.825440
1.825480
1.825520
1.825560
1.825600
1.825640
1.825640
1.825680
1.825680
1.825680
1.825720
1.825760
1.825800
1.825840
1.825840
1.825840
1.825880
1.825920
1.825920
1.825920
1.825960
1.826000
1.826040
1.826080
1.826120
1.826160
1.826200
1.826240
1.826280
1.826320
1.826360
1.826360
1.826360
1.826360
1.826400
1.826440
1.826440
1.826480
1.826520
1.826560
1.826560
1.826600
1.826640
1.826680
1.826720
1.826720
1.826760
1.826800
1.826840
1.826880
1.826880
1.826920
1.826960
1.826960
1.827000
1.827040
1.827080
1.827080
1.827080
1.827120
1.827120
1.827160
1.827160
1.827160
1.827200
1.827200
1.827240
1.827280
1.827320
1.827360
1.827400
1.827440
1.827480
1.827520
1.827560
1.827600
1.827640
1.827640
1.827680
1.827720
1.827760
1.827800
1.827840
1.827840
1.827880
1.827920
1.827960
1.827960
1.828000
1.828000
1.828000
1.828000
1.828040
1.828040
1.828080
1.828120
1.828120
1.828160
1.828160
1.828200
1.828240
1.828280
1.828320
1.828360
1.828400
1.828440
1.828480
1.828520
1.828560
1.828600
1.828640
1.828680
1.828720
1.828720
1.828760
1.828800
1.828840
1.828880
1.828920
1.828960
1.829000
1.829040
1.829080
1.829120
1.829160
1.829160
1.829200
1.829240
1.829280
1.829320
1.829360
1.829400
1.829440
1.829480
1.829520
1.829560
1.829600
1.829640
1.829680
1.829720
1.829720
1.829760
1.829760
1.829800
1.829840
1.829880
1.829920
1.829920
1.829960
1.830000
1.830040
1.830040
1.830080
1.830120
1.830160
1.830200
1.830200
1.830240
1.830280
1.830280
1.830320
1.830360
1.830400
1.830440
1.830480
1.830480
1.830520
1.830560
1.830600
1.830640
1.830680
1.830720
1.830720
1.830760
1.830800
1.830840
1.830880
1.830920
1.830960
1.831000
1.831040
1.831080
1.831080
1.831120
1.831160
1.831200
1.831240
1.831280
1.831320
1.831360
1.831400
1.831440
1.831480
1.831480
1.831520
1.831560
1.831600
1.831600
1.831640
1.831680
1.831720
1.831760
1.831800
1.831840
1.831880
1.831880
1.831920
1.831960
1.832000
1.832040
1.832040
1.832040
1.832080
1.832120
1.832120
1.832160
1.832200
1.832240
1.832280
1.832320
1.832360
1.832400
1.832440
1.832480
1.832480
1.832520
1.832560
1.832600
1.832600
1.832600
1.832640
1.832640
1.832680
1.832720
1.832760
1.832800
1.832840
1.832880
1.832920
1.832960
1.832960
1.833000
1.833040
1.833040
1.833040
1.833080
1.833120
1.833160
1.833200
1.833240
1.833280
1.833320
1.833360
1.833360
1.833360
1.833400
1.833440
1.833480
1.833520
1.833520
1.833560
1.833600
1.833640
1.833680
1.833720
1.833760
1.833800
1.833840
1.833880
1.833920
1.833920
1.833960
1.834000
1.834040
1.834080
1.834120
1.834160
1.834200
1.834240
1.834280
1.834320
1.834360
1.834360
1.834400
1.834440
1.834480
1.834480
1.834520
1.834560
1.834600
1.834600
1.834640
1.834680
1.834680
1.834680
1.834720
1.834720
1.834760
1.834800
1.834840
1.834880
1.834880
1.834920
1.834960
1.834960
1.834960
1.835000
1.835000
1.835040
1.835080
1.835120
1.835160
1.835200
1.835240
1.835280
1.835320
1.835320
1.835360
1.835400
1.835440
1.835480
1.835480
1.835480
1.835520
1.835560
1.835600
1.835600
1.835600
1.835640
1.835680
1.835720
1.835760
1.835800
1.835840
1.835880
1.835920
1.835920
1.835920
1.835920
1.835920
1.835960
1.835960
1.835960
1.836000
1.836040
1.836080
1.836080
1.836120
1.836160
1.836200
1.836240
1.836280
1.836320
1.836320
1.836360
1.836360
1.836360
1.836400
1.836400
1.836400
1.836440
1.836480
1.836520
1.836560
1.836600
1.836640
1.836680
1.836680
1.836720
1.836760
1.836800
1.836800
1.836840
1.836880
1.836920
1.836960
1.837000
1.837040
1.837080
1.837120
1.837120
1.837160
1.837200
1.837240
1.837240
1.837240
1.837280
1.837280
1.837320
1.837360
1.837360
1.837360
1.837400
1.837400
1.837440
1.837480
1.837520
1.837560
1.837600
1.837600
1.837640
1.837640
1.837680
1.837720
1.837760
1.837800
1.837840
1.837880
1.837920
1.837960
1.838000
1.838040
1.838080
1.838120
1.838160
1.838200
1.838240
1.838280
1.838320
1.838360
1.838400
1.838440
1.838480
1.838520
1.838560
1.838600
1.838640
1.838680
1.838720
1.838760
1.838800
1.838840
1.838880
1.838880
1.838880
1.838920
1.838960
1.839000
1.839040
1.839080
1.839120
1.839160
1.839200
1.839240
1.839280
1.839320
1.839360
1.839400
1.839440
1.839440
1.839440
1.839480
1.839520
1.839560
1.839600
1.839600
1.839640
1.839680
1.839720
1.839720
1.839760
1.839800
1.839840
1.839880
1.839920
1.839960
1.840000
1.840040
1.840040
1.840080
1.840080
1.840080
1.840080
1.840120
1.840160
1.840200
1.840240
1.840280
1.840320
1.840320
1.840320
1.840360
1.840400
1.840440
1.840480
1.840520
1.840560
1.840600
1.840640
1.840680
1.840720
1.840760
1.840760
1.840800
1.840800
1.840840
1.840880
1.840920
1.840920
1.840960
1.841000
1.841040
1.841040
1.841080
1.841120
1.841120
1.841120
1.841120
1.841160
1.841200
1.841200
1.841200
1.841200
1.841240
1.841240
1.841240
1.841280
1.841320
1.841360
1.841360
1.841400
1.841440
1.841480
1.841520
1.841520
1.841560
1.841600
1.841640
1.841680
1.841720
1.841760
1.841760
1.841800
1.841840
1.841880
1.841920
1.841960
1.842000
1.842040
1.842040
1.842040
1.842080
1.842080
1.842120
1.842160
1.842200
1.842240
1.842280
1.842320
1.842360
1.842400
1.842440
1.842480
1.842520
1.842520
1.842560
1.842600
1.842640
1.842680
1.842720
1.842720
1.842720
1.842760
1.842800
1.842840
1.842880
1.842880
1.842920
1.842960
1.843000
1.843000
1.843000
1.843040
1.843040
1.843080
1.843120
1.843160
1.843200
1.843240
1.843280
1.843320
1.843360
1.843400
1.843440
1.843480
1.843520
1.843520
1.843560
1.843600
1.843640
1.843680
1.843720
1.843720
1.843720
1.843760
1.843800
1.843840
1.843880
1.843920
1.843960
1.844000
1.844040
1.844080
1.844120
1.844160
1.844160
1.844200
1.844200
1.844200
1.844240
1.844280
1.844320
1.844320
1.844320
1.844360
1.844360
1.844360
1.844400
1.844440
1.844480
1.844520
1.844560
1.844600
1.844600
1.844640
1.844680
1.844680
1.844720
1.844760
1.844760
1.844800
1.844800
1.844840
1.844880
1.844920
1.844920
1.844960
1.845000
1.845040
1.845080
1.845080
1.845120
1.845160
1.845200
1.845240
1.845280
1.845320
1.845320
1.845360
1.845360
1.845360
1.845360
1.845360
1.845400
1.845400
1.845440
1.845480
1.845520
1.845560
1.845560
1.845600
1.845640
1.845680
1.845720
1.845760
1.845800
1.845800
1.845840
1.845840
1.845880
1.845920
1.845960
1.846000
1.846040
1.846080
1.846120
1.846160
1.846200
1.846240
1.846240
1.846280
1.846280
1.846280
1.846280
1.846320
1.846360
1.846400
1.846400
1.846440
1.846480
1.846520
1.846520
1.846520
1.846560
1.846600
1.846640
1.846680
1.846720
1.846760
1.846800
1.846840
1.846880
1.846920
1.846960
1.847000
1.847040
1.847080
1.847120
1.847160
1.847200
1.847240
1.847280
1.847320
1.847360
1.847400
1.847440
1.847480
1.847520
1.847560
1.847600
1.847600
1.847640
1.847680
1.847720
1.847720
1.847720
1.847760
1.847800
1.847840
1.847880
1.847920
1.847960
1.848000
1.848040
1.848080
1.848080
1.848080
1.848080
1.848120
1.848160
1.848200
1.848200
1.848240
1.848280
1.848320
1.848320
1.848360
1.848400
1.848400
1.848440
1.848480
1.848480
1.848520
1.848560
1.848600
1.848640
1.848680
1.848720
1.848760
1.848800
1.848840
1.848840
1.848880
1.848920
1.848960
1.849000
1.849040
1.849080
1.849120
1.849160
1.849160
1.849160
1.849200
1.849240
1.849280
1.849280
1.849320
1.849360
1.849400
1.849440
1.849480
1.849520
1.849560
1.849600
1.849640
1.849680
1.849720
1.849760
1.849800
1.849840
1.849840
1.849880
1.849920
1.849960
1.850000
1.850040
1.850080
1.850080
1.850080
1.850120
1.850160
1.850200
1.850240
1.850280
1.850320
1.850320
1.850360
1.850400
1.850440
1.850440
1.850480
1.850520
1.850560
1.850560
1.850600
1.850640
1.850680
1.850720
1.850760
1.850800
1.850840
1.850880
1.850920
1.850960
1.851000
1.851040
1.851080
1.851120
1.851120
1.851120
1.851120
1.851160
1.851160
1.851200
1.851240
1.851280
1.851320
1.851360
1.851400
1.851400
1.851440
1.851440
1.851440
1.851440
1.851480
1.851520
1.851560
1.851560
1.851600
1.851640
1.851680
1.851720
1.851720
1.851760
1.851800
1.851840
1.851880
1.851920
1.851960
1.852000
1.852040
1.852080
1.852120
1.852160
1.852200
1.852240
1.852280
1.852320
1.852320
1.852360
1.852400
1.852440
1.852480
1.852520
1.852520
1.852560
1.852600
1.852640
1.852680
1.852720
1.852760
1.852800
1.852840
1.852840
1.852840
1.852880
1.852920
1.852960
1.853000
1.853040
1.853040
1.853080
1.853120
1.853160
1.853160
1.853200
1.853240
1.853240
1.853240
1.853280
1.853320
1.853360
1.853400
1.853440
1.853480
1.853480
1.853520
1.853560
1.853600
1.853640
1.853680
1.853720
1.853760
1.853800
1.853840
1.853880
1.853920
1.853960
1.853960
1.854000
1.854040
1.854080
1.854120
1.854160
1.854200
1.854200
1.854240
1.854280
1.854320
1.854360
1.854400
1.854440
1.854480
1.854520
1.854520
1.854520
1.854520
1.854560
1.854600
1.854640
1.854680
1.854720
1.854760
1.854800
1.854840
1.854880
1.854920
1.854960
1.855000
1.855040
1.855080
1.855120
1.855160
1.855200
1.855200
1.855240
1.855280
1.855320
1.855360
1.855400
1.855440
1.855440
1.855480
1.855520
1.855560
1.855560
1.855600
1.855640
1.855680
1.855680
1.855680
1.855720
1.855720
1.855720
1.855760
1.855760
1.855800
1.855840
1.855840
1.855880
1.855920
1.855960
1.856000
1.856040
1.856080
1.856120
1.856160
1.856200
1.856240
1.856280
1.856320
1.856360
1.856400
1.856440
1.856480
1.856520
1.856560
1.856600
1.856640
1.856680
1.856720
1.856760
1.856800
1.856840
1.856840
1.856880
1.856920
1.856960
1.857000
1.857040
1.857080
1.857120
1.857160
1.857160
1.857200
1.857240
1.857280
1.857320
1.857360
1.857400
1.857440
1.857440
1.857440
1.857480
1.857520
1.857560
1.857600
1.857640
1.857680
1.857680
1.857720
1.857760
1.857760
1.857800
1.857800
1.857800
1.857800
1.857840
1.857840
1.857840
1.857880
1.857920
1.857920
1.857920
1.857960
1.858000
1.858040
1.858080
1.858120
1.858160
1.858160
1.858200
1.858240
1.858280
1.858320
1.858360
1.858400
1.858440
1.858480
1.858520
1.858560
1.858600
1.858640
1.858680
1.858720
1.858760
1.858800
1.858840
1.858880
1.858920
1.858960
1.859000
1.859000
1.859040
1.859080
1.859080
1.859120
1.859160
1.859200
1.859240
1.859240
1.859280
1.859280
1.859280
1.859320
1.859360
1.859400
1.859440
1.859480
1.859520
1.859560
1.859600
1.859640
1.859680
1.859720
1.859720
1.859760
1.859800
1.859840
1.859880
1.859920
1.859960
1.860000
1.860040
1.860040
1.860040
1.860080
1.860120
1.860160
1.860200
1.860240
1.860280
1.860320
1.860320
1.860360
1.860400
1.860400
1.860440
1.860480
1.860480
1.860520
1.860560
1.860600
1.860600
1.860600
1.860640
1.860680
1.860720
1.860760
1.860800
1.860800
1.860800
1.860800
1.860840
1.860840
1.860840
1.860880
1.860920
1.860960
1.861000
1.861040
1.861080
1.861120
1.861160
1.861160
1.861160
1.861200
1.861240
1.861280
1.861320
1.861360
1.861400
1.861440
1.861440
1.861480
1.861480
1.861520
1.861560
1.861600
1.861640
1.861680
1.861720
1.861720
1.861760
1.861800
1.861840
1.861880
1.861920
1.861920
1.861960
1.862000
1.862000
1.862040
1.862080
1.862120
1.862160
1.862200
1.862240
1.862280
1.862320
1.862360
1.862400
1.862400
1.862440
1.862440
1.862480
1.862520
1.862560
1.862600
1.862640
1.862680
1.862720
1.862760
1.862800
1.862840
1.862880
1.862920
1.862960
1.863000
1.863000
1.863040
1.863080
1.863120
1.863160
1.863160
1.863200
1.863200
1.863200
1.863200
1.863240
1.863280
1.863320
1.863360
1.863360
1.863400
1.863440
1.863480
1.863480
1.863520
1.863520
1.863560
1.863560
1.863600
1.863640
1.863680
1.863720
1.863760
1.863800
1.863840
1.863880
1.863920
1.863960
1.864000
1.864040
1.864080
1.864120
1.864120
1.864160
1.864200
1.864240
1.864240
1.864280
1.864320
1.864360
1.864400
1.864440
1.864480
1.864520
1.864560
1.864600
1.864600
1.864640
1.864680
1.864720
1.864720
1.864760
1.864760
1.864800
1.864840
1.864880
1.864880
1.864920
1.864920
1.864920
1.864960
1.865000
1.865040
1.865080
1.865120
1.865160
1.865200
1.865240
1.865280
1.865320
1.865360
1.865400
1.865440
1.865480
1.865520
1.865520
1.865560
1.865560
1.865600
1.865640
1.865640
1.865640
1.865680
1.865720
1.865760
1.865800
1.865840
1.865880
1.865920
1.865960
1.866000
1.866040
1.866040
1.866080
1.866120
1.866160
1.866200
1.866240
1.866280
1.866320
1.866320
1.866360
1.866360
1.866400
1.866440
1.866480
1.866480
1.866520
1.866560
1.866560
1.866600
1.866640
1.866680
1.866680
1.866720
1.866760
1.866800
1.866840
1.866880
1.866920
1.866960
1.866960
1.866960
1.867000
1.867040
1.867040
1.867040
1.867040
1.867080
1.867120
1.867160
1.867200
1.867240
1.867280
1.867280
1.867320
1.867360
1.867400
1.867440
1.867480
1.867520
1.867560
1.867600
1.867640
1.867680
1.867680
1.867720
1.867760
1.867800
1.867840
1.867880
1.867920
1.867920
1.867920
1.867960
1.868000
1.868040
1.868080
1.868080
1.868120
1.868160
1.868200
1.868240
1.868280
1.868320
1.868320
1.868320
1.868360
1.868400
1.868440
1.868440
1.868440
1.868480
1.868520
1.868560
1.868600
1.868640
1.868640
1.868680
1.868720
1.868760
1.868800
1.868840
1.868880
1.868920
1.868960
1.869000
1.869040
1.869080
1.869120
1.869120
1.869120
1.869160
1.869200
1.869240
1.869280
1.869320
1.869360
1.869400
1.869440
1.869480
1.869520
1.869520
1.869520
1.869560
1.869600
1.869640
1.869640
1.869680
1.869720
1.869760
1.869800
1.869800
1.869800
1.869840
1.869880
1.869920
1.869960
1.869960
1.870000
1.870040
1.870080
1.870120
1.870160
1.870200
1.870240
1.870280
1.870320
1.870360
1.870400
1.870440
1.870480
1.870520
1.870520
1.870520
1.870560
1.870560
1.870560
1.870600
1.870600
1.870600
1.870640
1.870640
1.870680
1.870720
1.870760
1.870760
1.870800
1.870840
1.870880
1.870920
1.870960
1.871000
1.871000
1.871040
1.871080
1.871080
1.871120
1.871120
1.871160
1.871200
1.871240
1.871280
1.871320
1.871360
1.871400
1.871400
1.871440
1.871440
1.871480
1.871480
1.871520
1.871560
1.871600
1.871640
1.871680
1.871720
1.871760
1.871760
1.871800
1.871840
1.871880
1.871880
1.871920
1.871920
1.871960
1.872000
1.872040
1.872080
1.872120
1.872120
1.872160
1.872200
1.872240
1.872280
1.872320
1.872320
1.872360
1.872400
1.872440
1.872480
1.872520
1.872560
1.872600
1.872600
1.872640
1.872680
1.872680
1.872720
1.872760
1.872800
1.872800
1.872840
1.872880
1.872920
1.872960
1.872960
1.873000
1.873040
1.873080
1.873080
1.873120
1.873160
1.873160
1.873160
1.873200
1.873240
1.873280
1.873320
1.873360
1.873400
1.873400
1.873440
1.873480
1.873520
1.873560
1.873600
1.873640
1.873680
1.873720
1.873760
1.873800
1.873800
1.873840
1.873880
1.873920
1.873960
1.874000
1.874040
1.874080
1.874120
1.874160
1.874160
1.874200
1.874200
1.874240
1.874280
1.874320
1.874360
1.874400
1.874400
1.874440
1.874480
1.874520
1.874560
1.874560
1.874560
1.874600
1.874640
1.874680
1.874720
1.874720
1.874760
1.874800
1.874840
1.874880
1.874920
1.874920
1.874960
1.875000
1.875040
1.875080
1.875120
1.875160
1.875160
1.875200
1.875240
1.875240
1.875240
1.875280
1.875320
1.875360
1.875360
1.875400
1.875440
1.875480
1.875520
1.875560
1.875560
1.875600
1.875640
1.875680
1.875720
1.875760
1.875800
1.875840
1.875880
1.875880
1.875920
1.875960
1.876000
1.876040
1.876080
1.876120
1.876160
1.876200
1.876240
1.876280
1.876280
1.876320
1.876360
1.876400
1.876400
1.876440
1.876480
1.876520
1.876560
1.876600
1.876640
1.876680
1.876720
1.876760
1.876800
1.876800
1.876840
1.876880
1.876920
1.876960
1.877000
1.877040
1.877080
1.877080
1.877120
1.877160
1.877200
1.877240
1.877280
1.877320
1.877360
1.877400
1.877440
1.877480
1.877480
1.877520
1.877560
1.877600
1.877640
1.877640
1.877680
1.877720
1.877720
1.877760
1.877800
1.877840
1.877880
1.877920
1.877960
1.878000
1.878040
1.878040
1.878080
1.878120
1.878160
1.878200
1.878240
1.878280
1.878320
1.878360
1.878400
1.878440
1.878440
1.878480
1.878520
1.878560
1.878600
1.878640
1.878640
1.878680
1.878720
1.878760
1.878800
1.878840
1.878880
1.878920
1.878960
1.879000
1.879040
1.879080
1.879120
1.879160
1.879200
1.879240
1.879280
1.879320
1.879320
1.879360
1.879400
1.879440
1.879480
1.879520
1.879560
1.879560
1.879600
1.879600
1.879640
1.879680
1.879720
1.879760
1.879760
1.879800
1.879840
1.879840
1.879880
1.879920
1.879960
1.880000
1.880040
1.880080
1.880120
1.880160
1.880200
1.880240
1.880280
1.880320
1.880360
1.880400
1.880440
1.880440
1.880480
1.880520
1.880520
1.880560
1.880600
1.880640
1.880680
1.880720
1.880760
1.880800
1.880840
1.880880
1.880920
1.880960
1.881000
1.881040
1.881080
1.881080
1.881120
1.881160
1.881160
1.881200
1.881200
1.881200
1.881200
1.881240
1.881240
1.881280
1.881320
1.881320
1.881360
1.881400
1.881440
1.881480
1.881480
1.881520
1.881560
1.881600
1.881640
1.881640
1.881680
1.881720
1.881760
1.881760
1.881800
1.881800
1.881840
1.881840
1.881880
1.881920
1.881960
1.882000
1.882040
1.882080
1.882120
1.882120
1.882120
1.882160
1.882200
1.882240
1.882280
1.882280
1.882320
1.882360
1.882400
1.882440
1.882440
1.882480
1.882520
1.882560
1.882600
1.882640
1.882680
1.882720
1.882760
1.882800
1.882840
1.882840
1.882880
1.882920
1.882960
1.883000
1.883040
1.883080
1.883080
1.883120
1.883160
1.883200
1.883200
1.883200
1.883240
1.883280
1.883320
1.883320
1.883360
1.883400
1.883440
1.883480
1.883520
1.883520
1.883560
1.883600
1.883640
1.883680
1.883720
1.883760
1.883800
1.883840
1.883880
1.883880
1.883880
1.883920
1.883960
1.884000
1.884040
1.884080
1.884120
1.884160
1.884200
1.884240
1.884280
1.884320
1.884320
1.884320
1.884360
1.884400
1.884440
1.884480
1.884520
1.884520
1.884560
1.884600
1.884640
1.884680
1.884720
1.884760
1.884760
1.884800
1.884840
1.884880
1.884920
1.884960
1.884960
1.885000
1.885000
1.885040
1.885080
1.885120
1.885160
1.885200
1.885240
1.885280
1.885320
1.885360
1.885400
1.885440
1.885480
1.885520
1.885520
1.885560
1.885560
1.885600
1.885640
1.885680
1.885720
1.885760
1.885800
1.885800
1.885800
1.885840
1.885880
1.885920
1.885920
1.885960
1.886000
1.886000
1.886040
1.886040
1.886080
1.886120
1.886160
1.886200
1.886240
1.886280
1.886320
1.886360
1.886400
1.886400
1.886440
1.886440
1.886480
1.886520
1.886560
1.886600
1.886600
1.886600
1.886640
1.886680
1.886680
1.886720
1.886720
1.886720
1.886720
1.886720
1.886760
1.886800
1.886840
1.886880
1.886920
1.886920
1.886960
1.887000
1.887040
1.887080
1.887120
1.887160
1.887200
1.887240
1.887280
1.887320
1.887360
1.887400
1.887440
1.887480
1.887520
1.887520
1.887560
1.887600
1.887600
1.887600
1.887640
1.887680
1.887720
1.887720
1.887760
1.887760
1.887800
1.887840
1.887880
1.887920
1.887960
1.887960
1.888000
1.888040
1.888080
1.888120
1.888160
1.888160
1.888160
1.888200
1.888240
1.888240
1.888280
1.888320
1.888360
1.888400
1.888440
1.888480
1.888520
1.888560
1.888600
1.888640
1.888640
1.888680
1.888720
1.888760
1.888800
1.888840
1.888880
1.888880
1.888880
1.888920
1.888960
1.888960
1.889000
1.889000
1.889040
1.889080
1.889120
1.889120
1.889160
1.889200
1.889240
1.889240
1.889280
1.889320
1.889360
1.889400
1.889440
1.889480
1.889520
1.889560
1.889560
1.889600
1.889640
1.889640
1.889680
1.889680
1.889720
1.889760
1.889800
1.889840
1.889880
1.889920
1.889960
1.890000
1.890040
1.890080
1.890120
1.890160
1.890200
1.890240
1.890280
1.890320
1.890360
1.890400
1.890440
1.890440
1.890480
1.890520
1.890560
1.890600
1.890640
1.890680
1.890720
1.890760
1.890800
1.890840
1.890880
1.890920
1.890960
1.891000
1.891040
1.891080
1.891120
1.891160
1.891160
1.891200
1.891200
1.891240
1.891280
1.891320
1.891320
1.891360
1.891400
1.891440
1.891480
1.891520
1.891520
1.891560
1.891600
1.891640
1.891680
1.891720
1.891760
1.891760
1.891800
1.891840
1.891880
1.891920
1.891920
1.891960
1.892000
1.892040
1.892080
1.892120
1.892160
1.892200
1.892240
1.892280
1.892320
1.892360
1.892360
1.892400
1.892440
1.892480
1.892520
1.892560
1.892600
1.892640
1.892680
1.892720
1.892760
1.892800
1.892800
1.892840
1.892880
1.892920
1.892960
1.893000
1.893040
1.893080
1.893120
1.893160
1.893200
1.893200
1.893240
1.893280
1.893320
1.893360
1.893400
1.893440
1.893480
1.893520
1.893560
1.893560
1.893600
1.893640
1.893680
1.893720
1.893760
1.893800
1.893840
1.893880
1.893920
1.893960
1.893960
1.894000
1.894000
1.894040
1.894080
1.894120
1.894160
1.894200
1.894240
1.894280
1.894320
1.894360
1.894400
1.894400
1.894440
1.894440
1.894480
1.894480
1.894520
1.894520
1.894560
1.894560
1.894600
1.894640
1.894680
1.894720
1.894760
1.894800
1.894840
1.894880
1.894920
1.894960
1.895000
1.895040
1.895080
1.895120
1.895160
1.895200
1.895240
1.895240
1.895280
1.895320
1.895360
1.895400
1.895440
1.895480
1.895520
1.895520
1.895560
1.895600
1.895640
1.895640
1.895680
1.895720
1.895760
1.895800
1.895840
1.895880
1.895920
1.895960
1.896000
1.896040
1.896080
1.896120
1.896160
1.896200
1.896240
1.896240
1.896280
1.896280
1.896320
1.896320
1.896360
1.896400
1.896440
1.896480
1.896520
1.896520
1.896560
1.896600
1.896640
1.896680
1.896680
1.896720
1.896760
1.896800
1.896800
1.896840
1.896880
1.896920
1.896960
1.897000
1.897040
1.897080
1.897120
1.897160
1.897160
1.897200
1.897240
1.897280
1.897280
1.897280
1.897320
1.897360
1.897400
1.897440
1.897480
1.897520
1.897560
1.897600
1.897640
1.897680
1.897720
1.897760
1.897760
1.897760
1.897800
1.897840
1.897880
1.897920
1.897920
1.897960
1.897960
1.897960
1.898000
1.898040
1.898080
1.898120
1.898160
1.898200
1.898240
1.898280
1.898320
1.898360
1.898400
1.898440
1.898440
1.898440
1.898480
1.898520
1.898560
1.898560
1.898600
1.898640
1.898640
1.898680
1.898720
1.898760
1.898760
1.898800
1.898840
1.898880
1.898920
1.898960
1.899000
1.899000
1.899040
1.899080
1.899120
1.899120
1.899160
1.899200
1.899200
1.899240
1.899280
1.899320
1.899360
1.899400
1.899400
1.899400
1.899440
1.899480
1.899520
1.899560
1.899600
1.899640
1.899680
1.899680
1.899720
1.899720
1.899760
1.899800
1.899840
1.899840
1.899880
1.899920
1.899960
1.899960
1.900000
1.900040
1.900040
1.900080
1.900120
1.900120
1.900160
1.900200
1.900200
1.900240
1.900240
1.900240
1.900280
1.900280
1.900280
1.900320
1.900360
1.900360
1.900400
1.900440
1.900440
1.900440
1.900480
1.900520
1.900560
1.900560
1.900560
1.900600
1.900640
1.900680
1.900720
1.900720
1.900760
1.900800
1.900840
1.900880
1.900920
1.900960
1.900960
1.900960
1.900960
1.901000
1.901040
1.901040
1.901080
1.901120
1.901160
1.901200
1.901200
1.901200
1.901200
1.901200
1.901200
1.901240
1.901280
1.901320
1.901360
1.901400
1.901400
1.901440
1.901480
1.901480
1.901480
1.901520
1.901560
1.901600
1.901640
1.901680
1.901680
1.901720
1.901720
1.901760
1.901800
1.901840
1.901880
1.901920
1.901960
1.901960
1.901960
1.901960
1.902000
1.902040
1.902080
1.902120
1.902160
1.902200
1.902200
1.902240
1.902280
1.902320
1.902360
1.902400
1.902400
1.902440
1.902440
1.902440
1.902440
1.902480
1.902520
1.902520
1.902560
1.902600
1.902640
1.902640
1.902640
1.902680
1.902720
1.902760
1.902760
1.902800
1.902840
1.902880
1.902920
1.902920
1.902960
1.902960
1.903000
1.903040
1.903080
1.903120
1.903160
1.903160
1.903200
1.903240
1.903280
1.903320
1.903320
1.903360
1.903400
1.903400
1.903440
1.903440
1.903440
1.903480
1.903520
1.903560
1.903600
1.903640
1.903680
1.903720
1.903760
1.903760
1.903800
1.903840
1.903840
1.903880
1.903920
1.903960
1.903960
1.903960
1.903960
1.904000
1.904000
1.904000
1.904040
1.904080
1.904120
1.904160
1.904200
1.904240
1.904280
1.904280
1.904320
1.904360
1.904360
1.904400
1.904400
1.904440
1.904480
1.904520
1.904520
1.904560
1.904600
1.904640
1.904680
1.904680
1.904720
1.904760
1.904800
1.904840
1.904880
1.904920
1.904960
1.904960
1.905000
1.905000
1.905040
1.905080
1.905120
1.905160
1.905200
1.905240
1.905280
1.905320
1.905360
1.905400
1.905440
1.905480
1.905520
1.905560
1.905600
1.905640
1.905680
1.905720
1.905760
1.905800
1.905840
1.905880
1.905920
1.905960
1.906000
1.906040
1.906040
1.906040
1.906080
1.906120
1.906160
1.906200
1.906240
1.906280
1.906320
1.906360
1.906400
1.906400
1.906440
1.906440
1.906480
1.906520
1.906560
1.906600
1.906640
1.906640
1.906680
1.906720
1.906760
1.906800
1.906840
1.906880
1.906920
1.906920
1.906920
1.906920
1.906960
1.907000
1.907040
1.907080
1.907120
1.907160
1.907200
1.907240
1.907280
1.907320
1.907320
1.907360
1.907360
1.907360
1.907400
1.907440
1.907440
1.907480
1.907520
1.907560
1.907600
1.907640
1.907680
1.907720
1.907760
1.907760
1.907760
1.907760
1.907800
1.907800
1.907840
1.907880
1.907920
1.907960
1.908000
1.908040
1.908080
1.908080
1.908120
1.908160
1.908200
1.908240
1.908280
1.908320
1.908360
1.908400
1.908440
1.908480
1.908520
1.908560
1.908600
1.908640
1.908680
1.908720
1.908760
1.908760
1.908800
1.908840
1.908880
1.908920
1.908960
1.909000
1.909040
1.909080
1.909120
1.909160
1.909200
1.909240
1.909240
1.909280
1.909320
1.909360
1.909400
1.909440
1.909440
1.909480
1.909520
1.909560
1.909600
1.909600
1.909640
1.909680
1.909720
1.909720
1.909760
1.909760
1.909800
1.909840
1.909840
1.909880
1.909880
1.909920
1.909920
1.909960
1.909960
1.910000
1.910040
1.910080
1.910120
1.910160
1.910160
1.910200
1.910240
1.910280
1.910280
1.910320
1.910360
1.910400
1.910440
1.910480
1.910520
1.910560
1.910600
1.910640
1.910680
1.910720
1.910760
1.910760
1.910800
1.910840
1.910880
1.910880
1.910920
1.910920
1.910960
1.911000
1.911040
1.911080
1.911120
1.911160
1.911200
1.911240
1.911280
1.911280
1.911320
1.911320
1.911360
1.911360
1.911400
1.911440
1.911440
1.911480
1.911520
1.911560
1.911600
1.911600
1.911640
1.911680
1.911720
1.911760
1.911760
1.911760
1.911800
1.911800
1.911840
1.911880
1.911920
1.911920
1.911960
1.912000
1.912040
1.912080
1.912120
1.912120
1.912160
1.912200
1.912240
1.912280
1.912280
1.912320
1.912360
1.912400
1.912400
1.912440
1.912480
1.912480
1.912520
1.912560
1.912600
1.912640
1.912680
1.912720
1.912760
1.912800
1.912840
1.912840
1.912840
1.912880
1.912920
1.912920
1.912920
1.912960
1.913000
1.913040
1.913040
1.913080
1.913120
1.913160
1.913200
1.913240
1.913280
1.913320
1.913360
1.913360
1.913360
1.913360
1.913400
1.913440
1.913480
1.913520
1.913560
1.913560
1.913600
1.913640
1.913680
1.913720
1.913760
1.913760
1.913800
1.913840
1.913840
1.913880
1.913880
1.913920
1.913960
1.914000
1.914000
1.914040
1.914080
1.914120
1.914160
1.914200
1.914240
1.914280
1.914320
1.914360
1.914400
1.914440
1.914480
1.914520
1.914560
1.914600
1.914640
1.914680
1.914720
1.914760
1.914800
1.914840
1.914880
1.914920
1.914960
1.914960
1.914960
1.915000
1.915040
1.915080
1.915120
1.915120
1.915160
1.915200
1.915240
1.915240
1.915280
1.915320
1.915360
1.915360
1.915400
1.915440
1.915480
1.915480
1.915520
1.915560
1.915600
1.915640
1.915680
1.915720
1.915760
1.915800
1.915840
1.915880
1.915880
1.915920
1.915960
1.916000
1.916000
1.916040
1.916080
1.916120
1.916120
1.916160
1.916160
1.916200
1.916200
1.916200
1.916240
1.916280
1.916280
1.916320
1.916320
1.916360
1.916400
1.916440
1.916440
1.916480
1.916520
1.916560
1.916600
1.916640
1.916680
1.916720
1.916760
1.916800
1.916840
1.916880
1.916880
1.916920
1.916960
1.917000
1.917040
1.917080
1.917120
1.917160
1.917200
1.917240
1.917240
1.917240
1.917280
1.917280
1.917320
1.917360
1.917400
1.917400
1.917440
1.917440
1.917480
1.917520
1.917520
1.917560
1.917600
1.917600
1.917640
1.917640
1.917640
1.917680
1.917720
1.917760
1.917800
1.917840
1.917880
1.917920
1.917920
1.917960
1.917960
1.918000
1.918040
1.918040
1.918040
1.918080
1.918120
1.918160
1.918200
1.918240
1.918280
1.918320
1.918360
1.918400
1.918440
1.918480
1.918520
1.918560
1.918600
1.918600
1.918640
1.918680
1.918720
1.918760
1.918760
1.918760
1.918800
1.918800
1.918840
1.918880
1.918920
1.918960
1.918960
1.919000
1.919040
1.919080
1.919120
1.919120
1.919160
1.919200
1.919240
1.919280
1.919280
1.919280
1.919320
1.919360
1.919400
1.919440
1.919480
1.919520
1.919560
1.919600
1.919640
1.919680
1.919680
1.919720
1.919760
1.919800
1.919800
1.919840
1.919840
1.919880
1.919920
1.919960
1.920000
1.920000
1.920040
1.920040
1.920080
1.920120
1.920160
1.920160
1.920160
1.920200
1.920200
1.920240
1.920280
1.920320
1.920360
1.920400
1.920440
1.920440
1.920480
1.920520
1.920560
1.920600
1.920640
1.920680
1.920720
1.920760
1.920760
1.920760
1.920760
1.920800
1.920840
1.920880
1.920920
1.920960
1.921000
1.921040
1.921080
1.921120
1.921120
1.921160
1.921160
1.921160
1.921200
1.921240
1.921280
1.921280
1.921280
1.921280
1.921320
1.921360
1.921360
1.921400
1.921440
1.921480
1.921520
1.921560
1.921600
1.921600
1.921600
1.921640
1.921680
1.921720
1.921760
1.921800
1.921800
1.921840
1.921880
1.921920
1.921920
1.921960
1.922000
1.922000
1.922040
1.922080
1.922120
1.922160
1.922200
1.922240
1.922280
1.922320
1.922360
1.922360
1.922400
1.922400
1.922440
1.922480
1.922520
1.922560
1.922560
1.922600
1.922600
1.922640
1.922640
1.922640
1.922680
1.922680
1.922720
1.922760
1.922800
1.922800
1.922840
1.922840
1.922880
1.922920
1.922920
1.922920
1.922960
1.923000
1.923040
1.923080
1.923120
1.923160
1.923200
1.923200
1.923200
1.923240
1.923280
1.923280
1.923320
1.923360
1.923400
1.923440
1.923480
1.923520
1.923560
1.923600
1.923640
1.923680
1.923720
1.923720
1.923760
1.923800
1.923840
1.923880
1.923880
1.923920
1.923960
1.923960
1.924000
1.924040
1.924080
1.924120
1.924160
1.924200
1.924240
1.924280
1.924280
1.924280
1.924320
1.924320
1.924360
1.924400
1.924400
1.924440
1.924480
1.924520
1.924560
1.924560
1.924600
1.924640
1.924640
1.924640
1.924640
1.924680
1.924680
1.924680
1.924720
1.924720
1.924760
1.924800
1.924840
1.924880
1.924920
1.924960
1.925000
1.925040
1.925080
1.925120
1.925120
1.925160
1.925160
1.925200
1.925240
1.925280
1.925320
1.925360
1.925400
1.925400
1.925400
1.925440
1.925480
1.925520
1.925560
1.925600
1.925640
1.925640
1.925680
1.925680
1.925720
1.925760
1.925800
1.925800
1.925840
1.925880
1.925920
1.925960
1.925960
1.925960
1.926000
1.926040
1.926080
1.926120
1.926120
1.926160
1.926200
1.926240
1.926280
1.926320
1.926320
1.926360
1.926400
1.926440
1.926480
1.926480
1.926520
1.926560
1.926600
1.926640
1.926640
1.926680
1.926720
1.926760
1.926760
1.926800
1.926800
1.926840
1.926880
1.926920
1.926960
1.927000
1.927040
1.927080
1.927120
1.927160
1.927200
1.927240
1.927240
1.927280
1.927320
1.927360
1.927400
1.927400
1.927400
1.927400
1.927440
1.927480
1.927520
1.927560
1.927600
1.927600
1.927640
1.927680
1.927720
1.927760
1.927760
1.927800
1.927840
1.927880
1.927920
1.927960
1.928000
1.928040
1.928080
1.928080
1.928120
1.928160
1.928200
1.928240
1.928280
1.928320
1.928360
1.928400
1.928440
1.928440
1.928480
1.928520
1.928560
1.928600
1.928640
1.928680
1.928720
1.928720
1.928760
1.928760
1.928800
1.928840
1.928880
1.928920
1.928960
1.928960
1.929000
1.929000
1.929000
1.929040
1.929040
1.929080
1.929080
1.929120
1.929120
1.929160
1.929200
1.929240
1.929280
1.929320
1.929360
1.929400
1.929440
1.929480
1.929480
1.929520
1.929560
1.929600
1.929640
1.929680
1.929680
1.929680
1.929680
1.929720
1.929760
1.929760
1.929800
1.929840
1.929880
1.929880
1.929880
1.929880
1.929920
1.929960
1.930000
1.930040
1.930080
1.930120
1.930120
1.930160
1.930200
1.930240
1.930280
1.930320
1.930320
1.930320
1.930320
1.930360
1.930400
1.930400
1.930440
1.930480
1.930520
1.930560
1.930560
1.930600
1.930640
1.930640
1.930680
1.930720
1.930760
1.930800
1.930840
1.930880
1.930920
1.930960
1.931000
1.931000
1.931040
1.931080
1.931120
1.931160
1.931160
1.931200
1.931240
1.931280
1.931280
1.931320
1.931320
1.931360
1.931400
1.931440
1.931480
1.931520
1.931560
1.931560
1.931600
1.931600
1.931640
1.931640
1.931680
1.931720
1.931760
1.931800
1.931840
1.931840
1.931880
1.931920
1.931960
1.932000
1.932040
1.932080
1.932120
1.932160
1.932200
1.932200
1.932240
1.932240
1.932280
1.932320
1.932360
1.932400
1.932440
1.932440
1.932480
1.932520
1.932560
1.932600
1.932640
1.932680
1.932720
1.932760
1.932760
1.932800
1.932840
1.932840
1.932880
1.932880
1.932880
1.932920
1.932960
1.932960
1.933000
1.933040
1.933080
1.933120
1.933160
1.933200
1.933240
1.933280
1.933320
1.933360
1.933400
1.933440
1.933480
1.933520
1.933560
1.933600
1.933640
1.933680
1.933720
1.933720
1.933760
1.933800
1.933840
1.933880
1.933880
1.933880
1.933920
1.933960
1.933960
1.934000
1.934040
1.934080
1.934120
1.934120
1.934160
1.934200
1.934200
1.934240
1.934280
1.934320
1.934360
1.934400
1.934440
1.934480
1.934520
1.934560
1.934600
1.934600
1.934640
1.934680
1.934720
1.934760
1.934800
1.934840
1.934880
1.934920
1.934960
1.934960
1.935000
1.935000
1.935000
1.935040
1.935080
1.935120
1.935120
1.935160
1.935200
1.935200
1.935240
1.935280
1.935320
1.935360
1.935360
1.935400
1.935400
1.935440
1.935440
1.935480
1.935520
1.935560
1.935600
1.935600
1.935600
1.935640
1.935680
1.935720
1.935760
1.935800
1.935840
1.935880
1.935920
1.935960
1.936000
1.936000
1.936040
1.936080
1.936120
1.936160
1.936160
1.936200
1.936200
1.936240
1.936280
1.936320
1.936360
1.936400
1.936440
1.936480
1.936480
1.936520
1.936560
1.936600
1.936640
1.936680
1.936720
1.936720
1.936760
1.936800
1.936840
1.936880
1.936920
1.936920
1.936960
1.936960
1.937000
1.937040
1.937080
1.937120
1.937160
1.937160
1.937200
1.937200
1.937240
1.937280
1.937320
1.937320
1.937320
1.937360
1.937400
1.937440
1.937480
1.937480
1.937520
1.937520
1.937560
1.937560
1.937560
1.937600
1.937640
1.937680
1.937720
1.937760
1.937760
1.937800
1.937840
1.937880
1.937880
1.937920
1.937960
1.937960
1.938000
1.938040
1.938080
1.938120
1.938160
1.938200
1.938240
1.938280
1.938280
1.938320
1.938360
1.938360
1.938400
1.938440
1.938480
1.938520
1.938560
1.938600
1.938640
1.938680
1.938720
1.938760
1.938800
1.938840
1.938840
1.938880
1.938920
1.938960
1.939000
1.939040
1.939080
1.939120
1.939160
1.939160
1.939200
1.939200
1.939240
1.939240
1.939240
1.939240
1.939280
1.939320
1.939360
1.939360
1.939400
1.939440
1.939480
1.939520
1.939560
1.939600
1.939640
1.939680
1.939720
1.939760
1.939800
1.939840
1.939880
1.939920
1.939960
1.940000
1.940040
1.940080
1.940120
1.940160
1.940200
1.940240
1.940280
1.940320
1.940360
1.940360
1.940400
1.940400
1.940440
1.940480
1.940520
1.940520
1.940520
1.940560
1.940600
1.940600
1.940640
1.940680
1.940720
1.940760
1.940800
1.940840
1.940880
1.940920
1.940960
1.941000
1.941040
1.941080
1.941120
1.941120
1.941120
1.941160
1.941200
1.941240
1.941280
1.941280
1.941320
1.941360
1.941400
1.941440
1.941480
1.941520
1.941560
1.941600
1.941640
1.941680
1.941680
1.941680
1.941720
1.941720
1.941760
1.941800
1.941800
1.941840
1.941840
1.941880
1.941920
1.941920
1.941960
1.942000
1.942040
1.942040
1.942040
1.942080
1.942120
1.942160
1.942200
1.942240
1.942280
1.942280
1.942320
1.942360
1.942360
1.942400
1.942440
1.942480
1.942520
1.942560
1.942600
1.942640
1.942680
1.942720
1.942760
1.942760
1.942800
1.942840
1.942880
1.942880
1.942920
1.942920
1.942960
1.942960
1.943000
1.943040
1.943080
1.943120
1.943160
1.943200
1.943240
1.943240
1.943280
1.943320
1.943360
1.943400
1.943440
1.943480
1.943520
1.943560
1.943600
1.943640
1.943680
1.943720
1.943760
1.943800
1.943840
1.943840
1.943880
1.943920
1.943960
1.944000
1.944040
1.944040
1.944080
1.944080
1.944120
1.944160
1.944200
1.944240
1.944280
1.944320
1.944360
1.944360
1.944400
1.944440
1.944480
1.944480
1.944520
1.944520
1.944520
1.944520
1.944560
1.944600
1.944640
1.944680
1.944680
1.944720
1.944760
1.944760
1.944800
1.944840
1.944880
1.944880
1.944920
1.944920
1.944960
1.944960
1.945000
1.945040
1.945040
1.945080
1.945080
1.945120
1.945120
1.945160
1.945200
1.945240
1.945280
1.945320
1.945360
1.945400
1.945440
1.945440
1.945480
1.945480
1.945520
1.945560
1.945560
1.945600
1.945640
1.945680
1.945680
1.945720
1.945760
1.945800
1.945840
1.945880
1.945920
1.945960
1.946000
1.946040
1.946080
1.946120
1.946120
1.946160
1.946200
1.946240
1.946280
1.946280
1.946320
1.946320
1.946360
1.946400
1.946440
1.946480
1.946520
1.946560
1.946600
1.946640
1.946680
1.946720
1.946720
1.946760
1.946760
1.946800
1.946840
1.946840
1.946880
1.946920
1.946960
1.947000
1.947040
1.947040
1.947040
1.947080
1.947120
1.947160
1.947200
1.947240
1.947280
1.947320
1.947360
1.947400
1.947440
1.947480
1.947480
1.947520
1.947560
1.947560
1.947560
1.947600
1.947600
1.947640
1.947680
1.947680
1.947720
1.947760
1.947800
1.947840
1.947880
1.947920
1.947920
1.947960
1.948000
1.948040
1.948080
1.948120
1.948160
1.948200
1.948240
1.948280
1.948280
1.948280
1.948320
1.948360
1.948360
1.948400
1.948440
1.948480
1.948520
1.948560
1.948600
1.948600
1.948640
1.948680
1.948720
1.948720
1.948760
1.948800
1.948800
1.948800
1.948800
1.948840
1.948880
1.948920
1.948960
1.949000
1.949000
1.949040
1.949080
1.949120
1.949120
1.949160
1.949200
1.949240
1.949280
1.949320
1.949360
1.949400
1.949440
1.949440
1.949440
1.949480
1.949480
1.949480
1.949520
1.949520
1.949520
1.949560
1.949560
1.949560
1.949560
1.949560
1.949600
1.949640
1.949680
1.949720
1.949720
1.949760
1.949800
1.949840
1.949880
1.949920
1.949920
1.949920
1.949960
1.949960
1.950000
1.950040
1.950080
1.950120
1.950160
1.950200
1.950240
1.950240
1.950280
1.950320
1.950360
1.950400
1.950400
1.950440
1.950480
1.950520
1.950520
1.950520
1.950520
1.950560
1.950560
1.950600
1.950640
1.950640
1.950680
1.950720
1.950760
1.950800
1.950840
1.950880
1.950920
1.950960
1.951000
1.951040
1.951080
1.951080
1.951120
1.951120
1.951120
1.951160
1.951200
1.951240
1.951280
1.951320
1.951320
1.951360
1.951400
1.951440
1.951440
1.951480
1.951520
1.951560
1.951560
1.951600
1.951600
1.951640
1.951680
1.951720
1.951760
1.951800
1.951840
1.951880
1.951920
1.951920
1.951960
1.952000
1.952040
1.952040
1.952080
1.952120
1.952160
1.952200
1.952200
1.952240
1.952280
1.952280
1.952320
1.952360
1.952360
1.952400
1.952440
1.952480
1.952520
1.952560
1.952560
1.952600
1.952640
1.952680
1.952680
1.952720
1.952760
1.952760
1.952800
1.952840
1.952840
1.952880
1.952880
1.952920
1.952960
1.953000
1.953040
1.953080
1.953120
1.953160
1.953200
1.953240
1.953280
1.953320
1.953360
1.953400
1.953440
1.953480
1.953480
1.953520
1.953520
1.953560
1.953600
1.953640
1.953640
1.953680
1.953720
1.953760
1.953800
1.953800
1.953800
1.953800
1.953840
1.953880
1.953920
1.953960
1.954000
1.954000
1.954000
1.954000
1.954040
1.954040
1.954040
1.954080
1.954120
1.954160
1.954160
1.954200
1.954240
1.954280
1.954280
1.954320
1.954360
1.954360
1.954400
1.954440
1.954440
1.954480
1.954480
1.954520
1.954560
1.954600
1.954640
1.954680
1.954720
1.954760
1.954800
1.954840
1.954880
1.954920
1.954920
1.954960
1.955000
1.955040
1.955080
1.955120
1.955160
1.955200
1.955200
1.955240
1.955280
1.955320
1.955360
1.955400
1.955440
1.955440
1.955480
1.955480
1.955520
1.955560
1.955560
1.955600
1.955640
1.955680
1.955720
1.955760
1.955800
1.955840
1.955840
1.955880
1.955920
1.955960
1.956000
1.956040
1.956080
1.956120
1.956120
1.956160
1.956200
1.956240
1.956240
1.956280
1.956280
1.956320
1.956360
1.956400
1.956440
1.956480
1.956520
1.956520
1.956560
1.956560
1.956560
1.956600
1.956640
1.956680
1.956720
1.956760
1.956800
1.956840
1.956880
1.956920
1.956960
1.957000
1.957040
1.957040
1.957080
1.957120
1.957160
1.957160
1.957200
1.957240
1.957280
1.957320
1.957360
1.957360
1.957400
1.957440
1.957480
1.957520
1.957560
1.957600
1.957640
1.957640
1.957680
1.957720
1.957760
1.957800
1.957800
1.957840
1.957880
1.957920
1.957960
1.958000
1.958040
1.958080
1.958120
1.958160
1.958200
1.958200
1.958200
1.958200
1.958240
1.958280
1.958320
1.958360
1.958400
1.958400
1.958440
1.958480
1.958480
1.958520
1.958560
1.958600
1.958640
1.958680
1.958720
1.958760
1.958800
1.958840
1.958880
1.958920
1.958960
1.958960
1.959000
1.959040
1.959080
1.959120
1.959120
1.959160
1.959200
1.959240
1.959280
1.959320
1.959360
1.959400
1.959400
1.959440
1.959440
1.959480
1.959520
1.959520
1.959560
1.959600
1.959640
1.959640
1.959640
1.959680
1.959680
1.959720
1.959760
1.959800
1.959840
1.959840
1.959880
1.959880
1.959920
1.959920
1.959960
1.960000
1.960040
1.960080
1.960120
1.960160
1.960200
1.960240
1.960280
1.960320
1.960360
1.960400
1.960440
1.960480
1.960520
1.960560
1.960600
1.960640
1.960640
1.960640
1.960680
1.960720
1.960720
1.960760
1.960800
1.960840
1.960880
1.960920
1.960960
1.960960
1.961000
1.961040
1.961040
1.961080
1.961120
1.961160
1.961200
1.961240
1.961280
1.961320
1.961360
1.961400
1.961440
1.961480
1.961520
1.961560
1.961600
1.961640
1.961680
1.961680
1.961720
1.961720
1.961760
1.961800
1.961840
1.961880
1.961920
1.961960
1.961960
1.962000
1.962040
1.962080
1.962120
1.962160
1.962160
1.962200
1.962240
1.962280
1.962320
1.962360
1.962400
1.962440
1.962480
1.962520
1.962560
1.962600
1.962640
1.962680
1.962720
1.962720
1.962760
1.962800
1.962840
1.962840
1.962880
1.962920
1.962960
1.963000
1.963040
1.963080
1.963120
1.963160
1.963200
1.963240
1.963240
1.963280
1.963320
1.963360
1.963360
1.963400
1.963440
1.963480
1.963520
1.963520
1.963560
1.963560
1.963600
1.963640
1.963680
1.963720
1.963760
1.963760
1.963800
1.963840
1.963880
1.963880
1.963920
1.963960
1.963960
1.963960
1.964000
1.964040
1.964080
1.964120
1.964160
1.964200
1.964240
1.964240
1.964280
1.964320
1.964360
1.964400
1.964440
1.964480
1.964520
1.964560
1.964600
1.964640
1.964680
1.964680
1.964720
1.964760
1.964800
1.964840
1.964880
1.964880
1.964920
1.964920
1.964920
1.964960
1.965000
1.965040
1.965040
1.965080
1.965120
1.965160
1.965200
1.965200
1.965200
1.965240
1.965280
1.965320
1.965360
1.965400
1.965440
1.965480
1.965520
1.965520
1.965560
1.965600
1.965640
1.965680
1.965680
1.965720
1.965760
1.965800
1.965840
1.965880
1.965920
1.965960
1.965960
1.966000
1.966040
1.966080
1.966120
1.966120
1.966160
1.966160
1.966200
1.966240
1.966280
1.966280
1.966280
1.966320
1.966360
1.966400
1.966400
1.966440
1.966480
1.966520
1.966520
1.966560
1.966600
1.966640
1.966680
1.966720
1.966760
1.966760
1.966800
1.966840
1.966880
1.966920
1.966960
1.967000
1.967040
1.967080
1.967120
1.967160
1.967200
1.967240
1.967280
1.967320
1.967360
1.967400
1.967440
1.967480
1.967480
1.967520
1.967560
1.967600
1.967640
1.967680
1.967680
1.967720
1.967760
1.967800
1.967840
1.967880
1.967920
1.967960
1.967960
1.968000
1.968040
1.968080
1.968080
1.968080
1.968120
1.968160
1.968160
1.968200
1.968240
1.968240
1.968280
1.968320
1.968360
1.968400
1.968440
1.968480
1.968520
1.968560
1.968600
1.968640
1.968680
1.968680
1.968720
1.968760
1.968800
1.968840
1.968840
1.968880
1.968920
1.968960
1.969000
1.969040
1.969080
1.969120
1.969160
1.969200
1.969240
1.969280
1.969320
1.969360
1.969360
1.969400
1.969440
1.969480
1.969520
1.969560
1.969600
1.969640
1.969680
1.969720
1.969760
1.969800
1.969800
1.969840
1.969880
1.969920
1.969960
1.970000
1.970040
1.970040
1.970040
1.970080
1.970120
1.970160
1.970200
1.970240
1.970280
1.970320
1.970320
1.970360
1.970400
1.970440
1.970480
1.970520
1.970560
1.970600
1.970640
1.970680
1.970720
1.970760
1.970760
1.970800
1.970800
1.970840
1.970880
1.970880
1.970920
1.970920
1.970960
1.971000
1.971040
1.971080
1.971120
1.971160
1.971200
1.971240
1.971280
1.971320
1.971320
1.971360
1.971360
1.971400
1.971440
1.971480
1.971480
1.971520
1.971560
1.971600
1.971640
1.971680
1.971720
1.971760
1.971800
1.971800
1.971800
1.971840
1.971840
1.971840
1.971880
1.971920
1.971960
1.972000
1.972000
1.972000
1.972040
1.972080
1.972120
1.972160
1.972160
1.972200
1.972240
1.972280
1.972320
1.972320
1.972320
1.972360
1.972400
1.972440
1.972480
1.972520
1.972520
1.972560
1.972600
1.972600
1.972640
1.972640
1.972680
1.972720
1.972760
1.972760
1.972800
1.972800
1.972840
1.972840
1.972880
1.972920
1.972960
1.973000
1.973040
1.973080
1.973120
1.973160
1.973200
1.973200
1.973240
1.973280
1.973320
1.973320
1.973360
1.973400
1.973440
1.973480
1.973520
1.973560
1.973600
1.973640
1.973680
1.973720
1.973720
1.973720
1.973720
1.973760
1.973800
1.973840
1.973880
1.973920
1.973960
1.974000
1.974040
1.974080
1.974120
1.974160
1.974200
1.974240
1.974240
1.974240
1.974240
1.974280
1.974320
1.974320
1.974360
1.974400
1.974440
1.974480
1.974520
1.974560
1.974600
1.974640
1.974680
1.974720
1.974760
1.974800
1.974840
1.974880
1.974920
1.974960
1.975000
1.975040
1.975040
1.975080
1.975080
1.975080
1.975120
1.975160
1.975200
1.975240
1.975240
1.975280
1.975320
1.975360
1.975400
1.975400
1.975440
1.975480
1.975520
1.975560
1.975560
1.975560
1.975600
1.975600
1.975640
1.975680
1.975720
1.975720
1.975760
1.975800
1.975840
1.975880
1.975920
1.975960
1.975960
1.976000
1.976040
1.976080
1.976120
1.976120
1.976160
1.976200
1.976240
1.976280
1.976320
1.976320
1.976360
1.976360
1.976400
1.976440
1.976480
1.976520
1.976560
1.976600
1.976640
1.976680
1.976720
1.976760
1.976800
1.976840
1.976880
1.976920
1.976960
1.977000
1.977040
1.977080
1.977120
1.977160
1.977200
1.977240
1.977280
1.977280
1.977320
1.977320
1.977360
1.977400
1.977440
1.977440
1.977440
1.977480
1.977520
1.977520
1.977560
1.977560
1.977600
1.977600
1.977640
1.977680
1.977720
1.977760
1.977800
1.977840
1.977880
1.977880
1.977920
1.977960
1.978000
1.978000
1.978000
1.978000
1.978040
1.978080
1.978120
1.978120
1.978160
1.978200
1.978240
1.978280
1.978320
1.978320
1.978360
1.978400
1.978440
1.978440
1.978440
1.978480
1.978520
1.978560
1.978600
1.978640
1.978680
1.978720
1.978760
1.978800
1.978800
1.978840
1.978880
1.978920
1.978960
1.979000
1.979040
1.979080
1.979080
1.979120
1.979160
1.979200
1.979240
1.979280
1.979320
1.979360
1.979400
1.979400
1.979440
1.979480
1.979480
1.979520
1.979560
1.979600
1.979640
1.979640
1.979680
1.979720
1.979760
1.979760
1.979800
1.979840
1.979880
1.979920
1.979960
1.980000
1.980040
1.980040
1.980080
1.980120
1.980160
1.980200
1.980240
1.980240
1.980280
1.980320
1.980320
1.980360
1.980400
1.980440
1.980480
1.980480
1.980520
1.980520
1.980560
1.980560
1.980600
1.980600
1.980640
1.980680
1.980720
1.980760
1.980800
1.980840
1.980840
1.980880
1.980880
1.980920
1.980960
1.981000
1.981040
1.981080
1.981120
1.981160
1.981200
1.981240
1.981280
1.981280
1.981280
1.981320
1.981360
1.981360
1.981400
1.981440
1.981480
1.981520
1.981560
1.981600
1.981640
1.981680
1.981720
1.981720
1.981760
1.981800
1.981840
1.981880
1.981880
1.981920
1.981960
1.981960
1.982000
1.982040
1.982080
1.982080
1.982080
1.982120
1.982120
1.982160
1.982200
1.982240
1.982280
1.982320
1.982360
1.982400
1.982440
1.982480
1.982520
1.982520
1.982520
1.982560
1.982600
1.982640
1.982640
1.982640
1.982680
1.982720
1.982760
1.982760
1.982760
1.982760
1.982800
1.982800
1.982840
1.982840
1.982880
1.982880
1.982920
1.982960
1.983000
1.983040
1.983080
1.983120
1.983160
1.983200
1.983200
1.983240
1.983280
1.983280
1.983280
1.983280
1.983320
1.983360
1.983400
1.983440
1.983480
1.983520
1.983560
1.983600
1.983640
1.983640
1.983640
1.983640
1.983680
1.983720
1.983760
1.983800
1.983840
1.983840
1.983880
1.983920
1.983960
1.984000
1.984040
1.984080
1.984080
1.984120
1.984160
1.984200
1.984240
1.984280
1.984320
1.984360
1.984400
1.984440
1.984480
1.984520
1.984560
1.984600
1.984600
1.984640
1.984640
1.984680
1.984720
1.984760
1.984800
1.984840
1.984880
1.984880
1.984880
1.984920
1.984960
1.985000
1.985000
1.985040
1.985080
1.985120
1.985120
1.985120
1.985160
1.985160
1.985160
1.985160
1.985200
1.985240
1.985280
1.985320
1.985360
1.985360
1.985400
1.985440
1.985440
1.985480
1.985520
1.985560
1.985600
1.985640
1.985680
1.985720
1.985760
1.985800
1.985840
1.985880
1.985920
1.985960
1.986000
1.986040
1.986080
1.986120
1.986160
1.986200
1.986240
1.986280
1.986320
1.986360
1.986400
1.986440
1.986480
1.986480
1.986520
1.986520
1.986560
1.986600
1.986640
1.986680
1.986720
1.986760
1.986800
1.986840
1.986880
1.986920
1.986920
1.986960
1.987000
1.987000
1.987040
1.987080
1.987120
1.987160
1.987160
1.987160
1.987160
1.987160
1.987200
1.987240
1.987280
1.987320
1.987360
1.987400
1.987440
1.987480
1.987520
1.987520
1.987520
1.987560
1.987600
1.987640
1.987680
1.987720
1.987760
1.987800
1.987840
1.987880
1.987880
1.987880
1.987920
1.987960
1.988000
1.988040
1.988040
1.988080
1.988120
1.988120
1.988160
1.988200
1.988240
1.988280
1.988280
1.988280
1.988280
1.988320
1.988320
1.988360
1.988400
1.988440
1.988480
1.988520
1.988560
1.988600
1.988600
1.988640
1.988680
1.988720
1.988760
1.988800
1.988840
1.988880
1.988920
1.988960
1.989000
1.989040
1.989080
1.989120
1.989160
1.989200
1.989240
1.989280
1.989320
1.989320
1.989360
1.989400
1.989440
1.989480
1.989480
1.989480
1.989520
1.989520
1.989560
1.989600
1.989640
1.989680
1.989720
1.989720
1.989760
1.989800
1.989840
1.989880
1.989920
1.989960
1.990000
1.990040
1.990040
1.990080
1.990120
1.990160
1.990200
1.990240
1.990280
1.990320
1.990360
1.990400
1.990440
1.990480
1.990520
1.990560
1.990600
1.990640
1.990680
1.990720
1.990760
1.990760
1.990800
1.990840
1.990880
1.990920
1.990920
1.990920
1.990960
1.991000
1.991000
1.991000
1.991000
1.991000
1.991040
1.991080
1.991120
1.991120
1.991120
1.991160
1.991200
1.991200
1.991240
1.991280
1.991280
1.991320
1.991360
1.991360
1.991360
1.991360
1.991400
1.991440
1.991440
1.991480
1.991520
1.991560
1.991600
1.991600
1.991640
1.991640
1.991680
1.991720
1.991760
1.991800
1.991840
1.991880
1.991920
1.991920
1.991960
1.992000
1.992040
1.992080
1.992120
1.992160
1.992160
1.992200
1.992240
1.992280
1.992280
1.992320
1.992360
1.992400
1.992440
1.992480
1.992520
1.992560
1.992600
1.992640
1.992680
1.992720
1.992720
1.992760
1.992800
1.992840
1.992880
1.992920
1.992920
1.992960
1.993000
1.993040
1.993080
1.993120
1.993160
1.993200
1.993240
1.993280
1.993280
1.993320
1.993360
1.993400
1.993440
1.993480
1.993520
1.993560
1.993560
1.993600
1.993640
1.993640
1.993680
1.993720
1.993760
1.993760
1.993800
1.993840
1.993840
1.993840
1.993880
1.993920
1.993920
1.993960
1.994000
1.994040
1.994080
1.994080
1.994080
1.994120
1.994160
1.994160
1.994200
1.994240
1.994280
1.994320
1.994320
1.994360
1.994400
1.994440
1.994480
1.994480
1.994480
1.994520
1.994560
1.994560
1.994560
1.994560
1.994600
1.994640
1.994640
1.994680
1.994720
1.994720
1.994760
1.994760
1.994760
1.994760
1.994800
1.994840
1.994880
1.994920
1.994960
1.994960
1.994960
1.995000
1.995040
1.995080
1.995120
1.995160
1.995200
1.995200
1.995240
1.995280
1.995320
1.995360
1.995400
1.995400
1.995440
1.995480
1.995520
1.995560
1.995600
1.995640
1.995680
1.995720
1.995760
1.995800
1.995840
1.995880
1.995920
1.995960
1.996000
1.996040
1.996080
1.996120
1.996160
1.996200
1.996200
1.996240
1.996240
1.996280
1.996320
1.996360
1.996360
1.996400
1.996440
1.996480
1.996520
1.996560
1.996600
1.996640
1.996680
1.996720
1.996760
1.996800
1.996840
1.996880
1.996880
1.996920
1.996960
1.996960
1.997000
1.997000
1.997040
1.997080
1.997120
1.997160
1.997200
1.997240
1.997280
1.997320
1.997360
1.997400
1.997440
1.997480
1.997520
1.997560
1.997560
1.997600
1.997640
1.997680
1.997680
1.997680
1.997720
1.997760
1.997800
1.997840
1.997840
1.997880
1.997880
1.997920
1.997920
1.997960
1.997960
1.998000
1.998000
1.998040
1.998080
1.998120
1.998160
1.998200
1.998240
1.998240
1.998280
1.998320
1.998360
1.998400
1.998400
1.998400
1.998400
1.998440
1.998480
1.998520
1.998520
1.998560
1.998600
1.998600
1.998640
1.998680
1.998720
1.998760
1.998800
1.998840
1.998880
1.998920
1.998960
1.999000
1.999040
1.999080
1.999080
1.999120
1.999160
1.999200
1.999240
1.999240
1.999280
1.999320
1.999360
1.999400
1.999400
1.999440
1.999440
1.999480
1.999480
1.999520
1.999560
1.999600
1.999640
1.999680
1.999720
1.999760
1.999800
1.999840
1.999880
1.999920
1.999960
2.000000
2.000040
2.000040
2.000080
2.000080
2.000080
2.000120
2.000160
2.000200
2.000240
2.000240
2.000240
2.000280
2.000320
2.000360
2.000400
2.000440
2.000480
2.000520
2.000560
2.000600
2.000640
2.000680
2.000720
2.000760
2.000800
2.000840
2.000880
2.000920
2.000960
2.001000
2.001040
2.001040
2.001040
2.001080
2.001120
2.001160
2.001160
2.001200
2.001200
2.001240
2.001280
2.001320
2.001360
2.001400
2.001440
2.001480
2.001520
2.001520
2.001560
2.001600
2.001640
2.001680
2.001720
2.001760
2.001760
2.001760
2.001760
2.001800
2.001840
2.001880
2.001920
2.001960
2.002000
2.002000
2.002040
2.002080
2.002120
2.002160
2.002200
2.002240
2.002280
2.002320
2.002360
2.002400
2.002440
2.002440
2.002480
2.002520
2.002560
2.002600
2.002640
2.002680
2.002720
2.002720
2.002760
2.002800
2.002840
2.002880
2.002880
2.002920
2.002960
2.003000
2.003040
2.003080
2.003120
2.003160
2.003200
2.003240
2.003280
2.003320
2.003360
2.003360
2.003400
2.003440
2.003480
2.003520
2.003560
2.003600
2.003640
2.003680
2.003720
2.003720
2.003760
2.003800
2.003840
2.003840
2.003840
2.003880
2.003920
2.003920
2.003920
2.003960
2.004000
2.004000
2.004040
2.004080
2.004120
2.004120
2.004160
2.004200
2.004240
2.004280
2.004280
2.004320
2.004360
2.004360
2.004400
2.004400
2.004400
2.004440
2.004480
2.004520
2.004560
2.004600
2.004640
2.004680
2.004720
2.004720
2.004760
2.004800
2.004800
2.004840
2.004840
2.004880
2.004920
2.004960
2.005000
2.005040
2.005080
2.005120
2.005160
2.005200
2.005240
2.005280
2.005320
2.005360
2.005400
2.005440
2.005480
2.005480
2.005520
2.005560
2.005600
2.005640
2.005680
2.005720
2.005760
2.005760
2.005800
2.005800
2.005840
2.005880
2.005920
2.005960
2.006000
2.006000
2.006000
2.006000
2.006040
2.006040
2.006040
2.006040
2.006080
2.006120
2.006160
2.006200
2.006240
2.006280
2.006280
2.006280
2.006320
2.006360
2.006400
2.006440
2.006480
2.006520
2.006520
2.006560
2.006600
2.006640
2.006640
2.006680
2.006720
2.006760
2.006800
2.006840
2.006880
2.006920
2.006920
2.006960
2.007000
2.007040
2.007080
2.007120
2.007160
2.007160
2.007200
2.007240
2.007280
2.007280
2.007280
2.007320
2.007360
2.007400
2.007440
2.007480
2.007520
2.007560
2.007600
2.007600
2.007640
2.007680
2.007720
2.007760
2.007760
2.007800
2.007840
2.007880
2.007920
2.007960
2.008000
2.008040
2.008080
2.008080
2.008120
2.008160
2.008200
2.008240
2.008240
2.008280
2.008320
2.008360
2.008360
2.008400
2.008400
2.008440
2.008480
2.008520
2.008520
2.008560
2.008600
2.008640
2.008680
2.008720
2.008760
2.008800
2.008840
2.008880
2.008920
2.008960
2.009000
2.009000
2.009040
2.009080
2.009120
2.009160
2.009200
2.009240
2.009280
2.009320
2.009320
2.009360
2.009400
2.009440
2.009440
2.009480
2.009520
2.009560
2.009600
2.009640
2.009640
2.009680
2.009680
2.009720
2.009760
2.009800
2.009840
2.009880
2.009920
2.009960
2.010000
2.010040
2.010080
2.010120
2.010160
2.010200
2.010240
2.010280
2.010320
2.010320
2.010360
2.010400
2.010440
2.010480
2.010520
2.010560
2.010600
2.010640
2.010680
2.010720
2.010760
2.010800
2.010840
2.010880
2.010880
2.010920
2.010960
2.011000
2.011000
2.011000
2.011040
2.011080
2.011120
2.011160
2.011160
2.011200
2.011240
2.011240
2.011280
2.011320
2.011320
2.011360
2.011400
2.011440
2.011440
2.011440
2.011440
2.011480
2.011520
2.011560
2.011600
2.011640
2.011640
2.011680
2.011720
2.011760
2.011800
2.011800
2.011840
2.011880
2.011920
2.011960
2.012000
2.012040
2.012040
2.012080
2.012120
2.012160
2.012200
2.012240
2.012280
2.012280
2.012320
2.012360
2.012400
2.012440
2.012480
2.012520
2.012560
2.012600
2.012640
2.012680
2.012680
2.012720
2.012760
2.012800
2.012840
2.012840
2.012880
2.012920
2.012960
2.012960
2.013000
2.013040
2.013080
2.013080
2.013120
2.013120
2.013160
2.013200
2.013240
2.013240
2.013280
2.013280
2.013320
2.013360
2.013360
2.013400
2.013400
2.013440
2.013480
2.013520
2.013560
2.013600
2.013600
2.013600
2.013640
2.013640
2.013680
2.013720
2.013760
2.013800
2.013840
2.013880
2.013920
2.013960
2.013960
2.014000
2.014040
2.014080
2.014120
2.014160
2.014160
2.014200
2.014240
2.014280
2.014320
2.014360
2.014360
2.014400
2.014440
2.014480
2.014480
2.014520
2.014520
2.014560
2.014600
2.014640
2.014640
2.014680
2.014720
2.014760
2.014800
2.014840
2.014880
2.014920
2.014960
2.015000
2.015040
2.015080
2.015120
2.015160
2.015200
2.015240
2.015280
2.015280
2.015320
2.015360
2.015400
2.015440
2.015480
2.015520
2.015560
2.015600
2.015600
2.015640
2.015680
2.015720
2.015760
2.015760
2.015760
2.015760
2.015760
2.015800
2.015800
2.015840
2.015880
2.015920
2.015920
2.015960
2.016000
2.016040
2.016040
2.016040
2.016080
2.016120
2.016160
2.016200
2.016240
2.016280
2.016320
2.016360
2.016400
2.016440
2.016480
2.016520
2.016520
2.016560
2.016600
2.016600
2.016640
2.016680
2.016720
2.016760
2.016800
2.016840
2.016840
2.016880
2.016920
2.016920
2.016960
2.017000
2.017000
2.017000
2.017040
2.017080
2.017080
2.017120
2.017120
2.017120
2.017160
2.017200
2.017240
2.017280
2.017320
2.017360
2.017400
2.017400
2.017440
2.017480
2.017520
2.017560
2.017600
2.017600
2.017640
2.017680
2.017720
2.017720
2.017760
2.017760
2.017800
2.017840
2.017880
2.017880
2.017920
2.017960
2.018000
2.018040
2.018080
2.018080
2.018120
2.018160
2.018160
2.018200
2.018240
2.018280
2.018320
2.018360
2.018400
2.018440
2.018480
2.018520
2.018560
2.018600
2.018640
2.018680
2.018720
2.018760
2.018800
2.018840
2.018880
2.018920
2.018960
2.019000
2.019000
2.019040
2.019080
2.019080
2.019120
2.019160
2.019200
2.019240
2.019240
2.019240
2.019280
2.019320
2.019320
2.019360
2.019400
2.019440
2.019480
2.019520
2.019560
2.019600
2.019640
2.019680
2.019680
2.019680
2.019720
2.019760
2.019800
2.019800
2.019800
2.019840
2.019880
2.019880
2.019920
2.019960
2.020000
2.020040
2.020080
2.020120
2.020160
2.020200
2.020240
2.020280
2.020280
2.020320
2.020360
2.020400
2.020440
2.020480
2.020520
2.020520
2.020560
2.020560
2.020560
2.020600
2.020640
2.020680
2.020720
2.020760
2.020800
2.020840
2.020880
2.020920
2.020960
2.021000
2.021040
2.021040
2.021080
2.021120
2.021160
2.021200
2.021240
2.021280
2.021280
2.021280
2.021320
2.021320
2.021360
2.021400
2.021400
2.021440
2.021480
2.021520
2.021520
2.021560
2.021600
2.021640
2.021680
2.021720
2.021760
2.021800
2.021840
2.021880
2.021920
2.021960
2.022000
2.022040
2.022080
2.022120
2.022160
2.022160
2.022160
2.022200
2.022240
2.022240
2.022280
2.022320
2.022360
2.022360
2.022400
2.022440
2.022480
2.022520
2.022520
2.022560
2.022600
2.022600
2.022600
2.022640
2.022680
2.022720
2.022760
2.022800
2.022840
2.022880
2.022920
2.022960
2.023000
2.023040
2.023080
2.023080
2.023120
2.023160
2.023200
2.023240
2.023280
2.023320
2.023320
2.023360
2.023400
2.023440
2.023480
2.023520
2.023560
2.023600
2.023640
2.023680
2.023680
2.023720
2.023760
2.023800
2.023840
2.023880
2.023920
2.023960
2.024000
2.024040
2.024080
2.024080
2.024120
2.024160
2.024200
2.024200
2.024240
2.024240
2.024240
2.024280
2.024280
2.024320
2.024360
2.024360
2.024400
2.024440
2.024480
2.024520
2.024560
2.024600
2.024640
2.024680
2.024720
2.024760
2.024760
2.024800
2.024840
2.024880
2.024920
2.024920
2.024960
2.025000
2.025040
2.025080
2.025120
2.025160
2.025160
2.025200
2.025240
2.025280
2.025320
2.025320
2.025320
2.025360
2.025360
2.025400
2.025440
2.025480
2.025520
2.025560
2.025600
2.025640
2.025680
2.025720
2.025760
2.025760
2.025800
2.025840
2.025840
2.025880
2.025920
2.025960
2.026000
2.026040
2.026080
2.026120
2.026120
2.026160
2.026200
2.026240
2.026280
2.026320
2.026360
2.026400
2.026400
2.026440
2.026480
2.026520
2.026560
2.026600
2.026600
2.026640
2.026680
2.026680
2.026720
2.026760
2.026800
2.026840
2.026840
2.026880
2.026920
2.026960
2.027000
2.027040
2.027040
2.027040
2.027080
2.027120
2.027160
2.027200
2.027240
2.027280
2.027320
2.027360
2.027400
2.027440
2.027440
2.027480
2.027480
2.027520
2.027520
2.027560
2.027600
2.027600
2.027600
2.027600
2.027640
2.027640
2.027680
2.027720
2.027760
2.027800
2.027840
2.027880
2.027920
2.027920
2.027960
2.027960
2.028000
2.028040
2.028080
2.028120
2.028120
2.028160
2.028200
2.028240
2.028280
2.028320
2.028360
2.028360
2.028400
2.028400
2.028440
2.028480
2.028520
2.028520
2.028560
2.028600
2.028640
2.028640
2.028680
2.028720
2.028760
2.028800
2.028840
2.028880
2.028920
2.028960
2.029000
2.029000
2.029040
2.029040
2.029080
2.029080
2.029120
2.029120
2.029120
2.029160
2.029200
2.029240
2.029280
2.029320
2.029360
2.029400
2.029440
2.029480
2.029520
2.029560
2.029560
2.029560
2.029600
2.029640
2.029680
2.029720
2.029720
2.029720
2.029760
2.029760
2.029760
2.029800
2.029840
2.029880
2.029920
2.029960
2.030000
2.030040
2.030040
2.030080
2.030120
2.030120
2.030120
2.030160
2.030160
2.030160
2.030160
2.030160
2.030200
2.030240
2.030280
2.030320
2.030360
2.030360
2.030400
2.030440
2.030480
2.030480
2.030520
2.030520
2.030560
2.030560
2.030600
2.030640
2.030680
2.030720
2.030760
2.030800
2.030840
2.030880
2.030880
2.030880
2.030920
2.030960
2.031000
2.031040
2.031080
2.031120
2.031160
2.031200
2.031240
2.031280
2.031320
2.031360
2.031360
2.031400
2.031440
2.031480
2.031520
2.031560
2.031600
2.031640
2.031680
2.031720
2.031720
2.031760
2.031800
2.031840
2.031880
2.031880
2.031920
2.031960
2.032000
2.032040
2.032080
2.032120
2.032160
2.032200
2.032200
2.032200
2.032240
2.032280
2.032320
2.032360
2.032400
2.032440
2.032480
2.032520
2.032560
2.032600
2.032640
2.032680
2.032680
2.032720
2.032760
2.032800
2.032840
2.032880
2.032920
2.032960
2.032960
2.033000
2.033040
2.033080
2.033080
2.033080
2.033120
2.033160
2.033200
2.033240
2.033280
2.033320
2.033320
2.033320
2.033320
2.033360
2.033400
2.033440
2.033440
2.033440
2.033440
2.033480
2.033480
2.033520
2.033560
2.033600
2.033600
2.033640
2.033680
2.033720
2.033760
2.033760
2.033800
2.033840
2.033880
2.033920
2.033960
2.034000
2.034040
2.034080
2.034120
2.034160
2.034200
2.034240
2.034240
2.034280
2.034320
2.034320
2.034360
2.034400
2.034440
2.034480
2.034520
2.034560
2.034560
2.034600
2.034640
2.034640
2.034680
2.034720
2.034760
2.034800
2.034840
2.034880
2.034920
2.034960
2.035000
2.035040
2.035080
2.035120
2.035120
2.035160
2.035200
2.035240
2.035280
2.035280
2.035320
2.035360
2.035400
2.035440
2.035440
2.035480
2.035520
2.035560
2.035560
2.035600
2.035600
2.035600
2.035640
2.035680
2.035680
2.035720
2.035760
2.035800
2.035800
2.035840
2.035880
2.035920
2.035960
2.035960
2.035960
2.036000
2.036040
2.036080
2.036120
2.036160
2.036200
2.036240
2.036240
2.036240
2.036280
2.036320
2.036360
2.036360
2.036360
2.036360
2.036400
2.036440
2.036480
2.036480
2.036480
2.036520
2.036520
2.036560
2.036600
2.036640
2.036680
2.036720
2.036760
2.036800
2.036840
2.036880
2.036880
2.036920
2.036960
2.037000
2.037040
2.037040
2.037040
2.037080
2.037080
2.037080
2.037120
2.037160
2.037200
2.037240
2.037280
2.037320
2.037360
2.037400
2.037440
2.037440
2.037440
2.037480
2.037520
2.037560
2.037600
2.037640
2.037640
2.037680
2.037680
2.037680
2.037720
2.037760
2.037760
2.037800
2.037840
2.037840
2.037880
2.037920
2.037960
2.038000
2.038040
2.038080
2.038120
2.038160
2.038160
2.038160
2.038200
2.038240
2.038280
2.038320
2.038320
2.038360
2.038360
2.038360
2.038400
2.038440
2.038480
2.038480
2.038520
2.038520
2.038560
2.038560
2.038600
2.038640
2.038680
2.038720
2.038720
2.038760
2.038800
2.038800
2.038840
2.038840
2.038880
2.038880
2.038920
2.038960
2.039000
2.039000
2.039040
2.039080
2.039120
2.039160
2.039160
2.039200
2.039240
2.039280
2.039280
2.039280
2.039320
2.039320
2.039320
2.039360
2.039400
2.039440
2.039480
2.039520
2.039560
2.039600
2.039600
2.039640
2.039680
2.039720
2.039760
2.039800
2.039840
2.039880
2.039920
2.039960
2.040000
2.040040
2.040080
2.040120
2.040160
2.040200
2.040240
2.040280
2.040320
2.040360
2.040400
2.040440
2.040480
2.040480
2.040520
2.040560
2.040600
2.040640
2.040640
2.040640
2.040640
2.040640
2.040680
2.040720
2.040760
2.040800
2.040840
2.040840
2.040880
2.040920
2.040920
2.040960
2.041000
2.041040
2.041080
2.041120
2.041160
2.041200
2.041240
2.041280
2.041320
2.041360
2.041400
2.041400
2.041440
2.041440
2.041480
2.041520
2.041560
2.041600
2.041640
2.041680
2.041720
2.041760
2.041800
2.041840
2.041880
2.041920
2.041960
2.042000
2.042040
2.042080
2.042120
2.042160
2.042160
2.042200
2.042240
2.042280
2.042320
2.042360
2.042400
2.042440
2.042480
2.042520
2.042560
2.042600
2.042640
2.042680
2.042720
2.042720
2.042760
2.042800
2.042800
2.042840
2.042840
2.042880
2.042920
2.042920
2.042960
2.043000
2.043000
2.043040
2.043080
2.043120
2.043160
2.043160
2.043160
2.043200
2.043200
2.043240
2.043280
2.043320
2.043360
2.043400
2.043440
2.043440
2.043480
2.043480
2.043520
2.043560
2.043600
2.043640
2.043680
2.043720
2.043760
2.043800
2.043840
2.043840
2.043840
2.043880
2.043920
2.043960
2.044000
2.044040
2.044040
2.044080
2.044120
2.044160
2.044200
2.044240
2.044240
2.044280
2.044320
2.044360
2.044400
2.044440
2.044480
2.044520
2.044520
2.044560
2.044560
2.044560
2.044560
2.044600
2.044600
2.044600
2.044640
2.044680
2.044680
2.044680
2.044720
2.044760
2.044800
2.044800
2.044840
2.044880
2.044880
2.044920
2.044920
2.044920
2.044920
2.044960
2.045000
2.045040
2.045080
2.045120
2.045160
2.045200
2.045240
2.045280
2.045320
2.045320
2.045360
2.045400
2.045440
2.045480
2.045520
2.045560
2.045600
2.045640
2.045640
2.045680
2.045680
2.045720
2.045760
2.045800
2.045800
2.045840
2.045880
2.045920
2.045920
2.045960
2.045960
2.046000
2.046040
2.046080
2.046120
2.046120
2.046160
2.046160
2.046200
2.046240
2.046280
2.046320
2.046360
2.046360
2.046400
2.046440
2.046480
2.046520
2.046520
2.046560
2.046600
2.046640
2.046680
2.046680
2.046720
2.046760
2.046800
2.046840
2.046880
2.046880
2.046920
2.046960
2.047000
2.047040
2.047040
2.047080
2.047120
2.047160
2.047160
2.047200
2.047240
2.047280
2.047320
2.047360
2.047400
2.047440
2.047480
2.047480
2.047520
2.047520
2.047520
2.047560
2.047600
2.047640
2.047680
2.047720
2.047720
2.047760
2.047800
2.047840
2.047880
2.047920
2.047960
2.048000
2.048040
2.048040
2.048040
2.048080
2.048080
2.048080
2.048120
2.048160
2.048200
2.048200
2.048240
2.048280
2.048280
2.048280
2.048320
2.048360
2.048400
2.048400
2.048440
2.048480
2.048520
2.048560
2.048600
2.048640
2.048680
2.048720
2.048720
2.048760
2.048800
2.048840
2.048880
2.048880
2.048920
2.048960
2.048960
2.049000
2.049040
2.049040
2.049040
2.049080
2.049120
2.049160
2.049160
2.049200
2.049240
2.049280
2.049320
2.049320
2.049360
2.049360
2.049400
2.049440
2.049480
2.049520
2.049520
2.049560
2.049560
2.049600
2.049600
2.049640
2.049680
2.049720
2.049720
2.049760
2.049760
2.049800
2.049840
2.049840
2.049880
2.049880
2.049920
2.049960
2.049960
2.050000
2.050040
2.050080
2.050120
2.050160
2.050160
2.050160
2.050200
2.050240
2.050280
2.050320
2.050320
2.050360
2.050400
2.050400
2.050440
2.050480
2.050520
2.050520
2.050560
2.050560
2.050560
2.050560
2.050560
2.050600
2.050640
2.050680
2.050720
2.050760
2.050800
2.050840
2.050840
2.050840
2.050880
2.050880
2.050920
2.050960
2.051000
2.051040
2.051080
2.051120
2.051160
2.051200
2.051240
2.051280
2.051320
2.051360
2.051400
2.051440
2.051480
2.051520
2.051520
2.051560
2.051600
2.051640
2.051680
2.051720
2.051760
2.051800
2.051840
2.051880
2.051920
2.051960
2.052000
2.052040
2.052080
2.052120
2.052160
2.052200
2.052240
2.052240
2.052280
2.052320
2.052320
2.052320
2.052360
2.052400
2.052440
2.052480
2.052480
2.052480
2.052520
2.052560
2.052560
2.052600
2.052640
2.052680
2.052720
2.052760
2.052800
2.052840
2.052840
2.052840
2.052880
2.052920
2.052920
2.052960
2.053000
2.053040
2.053080
2.053120
2.053120
2.053120
2.053120
2.053160
2.053200
2.053240
2.053280
2.053320
2.053360
2.053400
2.053400
2.053400
2.053400
2.053440
2.053480
2.053480
2.053520
2.053560
2.053600
2.053600
2.053600
2.053600
2.053600
2.053640
2.053640
2.053640
2.053640
2.053680
2.053720
2.053760
2.053800
2.053840
2.053880
2.053920
2.053960
2.054000
2.054040
2.054080
2.054080
2.054080
2.054120
2.054160
2.054200
2.054240
2.054240
2.054280
2.054320
2.054320
2.054320
2.054320
2.054360
2.054360
2.054360
2.054400
2.054440
2.054480
2.054520
2.054560
2.054600
2.054640
2.054640
2.054680
2.054720
2.054760
2.054800
2.054800
2.054840
2.054880
2.054920
2.054920
2.054960
2.054960
2.055000
2.055040
2.055080
2.055120
2.055120
2.055160
2.055200
2.055240
2.055280
2.055320
2.055360
2.055400
2.055440
2.055480
2.055520
2.055560
2.055600
2.055640
2.055640
2.055640
2.055640
2.055680
2.055720
2.055760
2.055760
2.055800
2.055840
2.055880
2.055920
2.055960
2.056000
2.056040
2.056080
2.056120
2.056160
2.056200
2.056240
2.056280
2.056280
2.056320
2.056360
2.056400
2.056440
2.056480
2.056520
2.056560
2.056600
2.056640
2.056680
2.056680
2.056720
2.056760
2.056760
2.056800
2.056800
2.056840
2.056880
2.056880
2.056920
2.056920
2.056920
2.056960
2.057000
2.057040
2.057080
2.057120
2.057160
2.057200
2.057200
2.057200
2.057240
2.057280
2.057320
2.057360
2.057400
2.057440
2.057440
2.057440
2.057480
2.057520
2.057560
2.057600
2.057640
2.057640
2.057680
2.057680
2.057720
2.057720
2.057760
2.057760
2.057800
2.057800
2.057840
2.057880
2.057920
2.057960
2.058000
2.058040
2.058080
2.058120
2.058160
2.058200
2.058240
2.058280
2.058320
2.058360
2.058360
2.058400
2.058400
2.058440
2.058480
2.058520
2.058560
2.058560
2.058600
2.058640
2.058680
2.058720
2.058760
2.058800
2.058840
2.058840
2.058880
2.058920
2.058960
2.059000
2.059040
2.059080
2.059120
2.059160
2.059200
2.059240
2.059280
2.059320
2.059360
2.059400
2.059400
2.059440
2.059440
2.059480
2.059480
2.059520
2.059560
2.059600
2.059600
2.059640
2.059680
2.059680
2.059680
2.059720
2.059760
2.059800
2.059800
2.059840
2.059880
2.059920
2.059960
2.060000
2.060040
2.060080
2.060120
2.060160
2.060160
2.060200
2.060200
2.060240
2.060240
2.060240
2.060240
2.060280
2.060280
2.060320
2.060360
2.060400
2.060400
2.060440
2.060480
2.060520
2.060560
2.060600
2.060600
2.060600
2.060640
2.060640
2.060640
2.060680
2.060720
2.060720
2.060760
2.060800
2.060840
2.060880
2.060920
2.060960
2.061000
2.061040
2.061080
2.061120
2.061160
2.061160
2.061160
2.061160
2.061200
2.061200
2.061240
2.061280
2.061320
2.061360
2.061360
2.061400
2.061440
2.061480
2.061520
2.061560
2.061600
2.061640
2.061680
2.061720
2.061760
2.061800
2.061840
2.061880
2.061880
2.061920
2.061960
2.062000
2.062040
2.062080
2.062120
2.062120
2.062160
2.062200
2.062240
2.062280
2.062280
2.062320
2.062320
2.062360
2.062400
2.062440
2.062480
2.062480
2.062520
2.062560
2.062560
2.062600
2.062640
2.062640
2.062680
2.062720
2.062760
2.062760
2.062800
2.062840
2.062840
2.062880
2.062880
2.062920
2.062920
2.062960
2.063000
2.063000
2.063040
2.063080
2.063120
2.063160
2.063200
2.063200
2.063240
2.063240
2.063280
2.063320
2.063360
2.063360
2.063400
2.063440
2.063440
2.063480
2.063520
2.063560
2.063600
2.063640
2.063680
2.063720
2.063760
2.063800
2.063840
2.063880
2.063920
2.063960
2.063960
2.064000
2.064040
2.064080
2.064120
2.064160
2.064200
2.064240
2.064240
2.064280
2.064320
2.064360
2.064400
2.064400
2.064440
2.064480
2.064480
2.064520
2.064560
2.064600
2.064640
2.064680
2.064720
2.064760
2.064800
2.064840
2.064880
2.064920
2.064960
2.065000
2.065040
2.065040
2.065080
2.065080
2.065120
2.065120
2.065120
2.065120
2.065120
2.065160
2.065160
2.065200
2.065240
2.065280
2.065320
2.065360
2.065400
2.065440
2.065480
2.065520
2.065560
2.065600
2.065640
2.065680
2.065720
2.065760
2.065800
2.065840
2.065880
2.065920
2.065960
2.066000
2.066040
2.066080
2.066120
2.066160
2.066200
2.066240
2.066280
2.066320
2.066360
2.066400
2.066440
2.066480
2.066520
2.066560
2.066560
2.066600
2.066600
2.066640
2.066680
2.066720
2.066760
2.066800
2.066840
2.066840
2.066880
2.066880
2.066920
2.066920
2.066960
2.067000
2.067040
2.067080
2.067080
2.067120
2.067120
2.067160
2.067200
2.067200
2.067240
2.067280
2.067320
2.067360
2.067400
2.067440
2.067480
2.067480
2.067520
2.067560
2.067600
2.067640
2.067680
2.067720
2.067720
2.067760
2.067800
2.067840
2.067880
2.067920
2.067960
2.068000
2.068040
2.068080
2.068120
2.068120
2.068160
2.068200
2.068200
2.068200
2.068240
2.068280
2.068320
2.068360
2.068360
2.068400
2.068440
2.068480
2.068480
2.068520
2.068560
2.068560
2.068560
2.068600
2.068640
2.068680
2.068720
2.068720
2.068760
2.068800
2.068840
2.068840
2.068880
2.068920
2.068960
2.068960
2.069000
2.069000
2.069040
2.069080
2.069080
2.069080
2.069120
2.069160
2.069200
2.069240
2.069280
2.069320
2.069360
2.069400
2.069440
2.069480
2.069520
2.069560
2.069600
2.069640
2.069680
2.069680
2.069680
2.069720
2.069720
2.069760
2.069760
2.069800
2.069840
2.069880
2.069920
2.069960
2.070000
2.070040
2.070080
2.070120
2.070160
2.070200
2.070240
2.070280
2.070320
2.070360
2.070400
2.070440
2.070480
2.070520
2.070560
2.070560
2.070560
2.070600
2.070640
2.070680
2.070720
2.070720
2.070760
2.070800
2.070840
2.070880
2.070920
2.070960
2.071000
2.071040
2.071040
2.071080
2.071120
2.071160
2.071200
2.071240
2.071280
2.071280
2.071320
2.071320
2.071360
2.071400
2.071400
2.071440
2.071480
2.071480
2.071520
2.071560
2.071600
2.071640
2.071680
2.071720
2.071760
2.071800
2.071840
2.071880
2.071920
2.071960
2.072000
2.072000
2.072040
2.072080
2.072120
2.072120
2.072160
2.072200
2.072240
2.072240
2.072280
2.072320
2.072360
2.072400
2.072400
2.072440
2.072480
2.072520
2.072560
2.072560
2.072600
2.072640
2.072680
2.072680
2.072720
2.072760
2.072800
2.072840
2.072840
2.072880
2.072920
2.072920
2.072960
2.073000
2.073040
2.073040
2.073080
2.073120
2.073160
2.073160
2.073200
2.073240
2.073280
2.073320
2.073360
2.073400
2.073440
2.073480
2.073520
2.073560
2.073600
2.073600
2.073640
2.073680
2.073720
2.073760
2.073800
2.073840
2.073880
2.073920
2.073960
2.074000
2.074040
2.074080
2.074120
2.074160
2.074200
2.074240
2.074280
2.074280
2.074320
2.074360
2.074400
2.074400
2.074400
2.074440
2.074480
2.074480
2.074520
2.074560
2.074600
2.074600
2.074600
2.074640
2.074680
2.074720
2.074760
2.074760
2.074800
2.074840
2.074880
2.074920
2.074920
2.074920
2.074960
2.075000
2.075040
2.075080
2.075120
2.075160
2.075200
2.075240
2.075280
2.075320
2.075320
2.075360
2.075400
2.075440
2.075480
2.075520
2.075560
2.075600
2.075640
2.075680
2.075680
2.075720
2.075760
2.075800
2.075840
2.075880
2.075880
2.075880
2.075920
2.075920
2.075960
2.075960
2.076000
2.076040
2.076040
2.076080
2.076120
2.076120
2.076160
2.076200
2.076240
2.076280
2.076320
2.076360
2.076400
2.076400
2.076400
2.076400
2.076440
2.076480
2.076520
2.076560
2.076600
2.076640
2.076680
2.076720
2.076760
2.076800
2.076800
2.076800
2.076840
2.076880
2.076920
2.076920
2.076960
2.077000
2.077040
2.077080
2.077120
2.077160
2.077160
2.077160
2.077200
2.077240
2.077280
2.077280
2.077320
2.077320
2.077360
2.077400
2.077440
2.077480
2.077480
2.077520
2.077560
2.077600
2.077600
2.077600
2.077640
2.077640
2.077640
2.077680
2.077680
2.077720
2.077760
2.077800
2.077800
2.077840
2.077840
2.077880
2.077920
2.077960
2.078000
2.078040
2.078080
2.078120
2.078160
2.078200
2.078240
2.078280
2.078320
2.078360
2.078400
2.078440
2.078480
2.078480
2.078520
2.078560
2.078600
2.078640
2.078680
2.078680
2.078720
2.078760
2.078800
2.078800
2.078840
2.078880
2.078920
2.078960
2.079000
2.079040
2.079080
2.079120
2.079120
2.079120
2.079120
2.079160
2.079200
2.079240
2.079280
2.079320
2.079360
2.079400
2.079440
2.079480
2.079520
2.079560
2.079560
2.079560
2.079560
2.079560
2.079560
2.079600
2.079640
2.079680
2.079720
2.079760
2.079800
2.079840
2.079880
2.079920
2.079920
2.079920
2.079920
2.079960
2.080000
2.080000
2.080040
2.080080
2.080120
2.080120
2.080120
2.080120
2.080160
2.080200
2.080240
2.080280
2.080320
2.080360
2.080400
2.080440
2.080480
2.080520
2.080520
2.080520
2.080520
2.080560
2.080600
2.080640
2.080680
2.080720
2.080760
2.080800
2.080840
2.080880
2.080920
2.080960
2.080960
2.081000
2.081040
2.081040
2.081080
2.081120
2.081120
2.081160
2.081200
2.081200
2.081240
2.081280
2.081320
2.081320
2.081360
2.081400
2.081440
2.081480
2.081520
2.081560
2.081560
2.081600
2.081640
2.081640
2.081680
2.081720
2.081760
2.081760
2.081760
2.081800
2.081840
2.081840
2.081880
2.081920
2.081960
2.082000
2.082040
2.082080
2.082120
2.082120
2.082160
2.082200
2.082240
2.082280
2.082320
2.082360
2.082400
2.082440
2.082480
2.082520
2.082520
2.082560
2.082600
2.082640
2.082640
2.082640
2.082680
2.082720
2.082760
2.082800
2.082840
2.082840
2.082880
2.082920
2.082920
2.082960
2.083000
2.083000
2.083040
2.083080
2.083120
2.083160
2.083200
2.083240
2.083240
2.083280
2.083320
2.083320
2.083360
2.083360
2.083400
2.083440
2.083480
2.083520
2.083560
2.083600
2.083600
2.083640
2.083680
2.083680
2.083720
2.083720
2.083760
2.083800
2.083800
2.083840
2.083880
2.083880
2.083920
2.083960
2.084000
2.084000
2.084000
2.084040
2.084080
2.084120
2.084160
2.084200
2.084240
2.084280
2.084280
2.084280
2.084320
2.084320
2.084360
2.084360
2.084400
2.084400
2.084440
2.084440
2.084480
2.084520
2.084560
2.084600
2.084640
2.084680
2.084720
2.084760
2.084800
2.084840
2.084840
2.084880
2.084920
2.084960
2.085000
2.085000
2.085000
2.085000
2.085040
2.085080
2.085120
2.085160
2.085200
2.085240
2.085280
2.085320
2.085360
2.085360
2.085400
2.085440
2.085480
2.085520
2.085560
2.085600
2.085640
2.085680
2.085720
2.085720
2.085760
2.085760
2.085800
2.085800
2.085840
2.085840
2.085880
2.085920
2.085960
2.086000
2.086000
2.086040
2.086040
2.086040
2.086040
2.086080
2.086120
2.086160
2.086200
2.086240
2.086280
2.086320
2.086360
2.086360
2.086400
2.086440
2.086480
2.086520
2.086560
2.086600
2.086600
2.086640
2.086680
2.086720
2.086760
2.086760
2.086800
2.086840
2.086840
2.086880
2.086920
2.086960
2.087000
2.087040
2.087080
2.087120
2.087160
2.087200
2.087240
2.087280
2.087320
2.087360
2.087400
2.087440
2.087480
2.087520
2.087560
2.087600
2.087600
2.087640
2.087640
2.087680
2.087720
2.087760
2.087800
2.087840
2.087880
2.087920
2.087920
2.087960
2.088000
2.088000
2.088000
2.088040
2.088080
2.088080
2.088120
2.088160
2.088200
2.088240
2.088280
2.088320
2.088320
2.088360
2.088360
2.088400
2.088440
2.088440
2.088480
2.088520
2.088560
2.088600
2.088640
2.088680
2.088680
2.088720
2.088760
2.088800
2.088840
2.088880
2.088880
2.088920
2.088960
2.089000
2.089040
2.089040
2.089080
2.089080
2.089120
2.089160
2.089200
2.089240
2.089280
2.089280
2.089320
2.089360
2.089400
2.089400
2.089440
2.089480
2.089520
2.089560
2.089600
2.089640
2.089640
2.089680
2.089720
2.089760
2.089800
2.089840
2.089880
2.089920
2.089960
2.090000
2.090040
2.090080
2.090120
2.090160
2.090160
2.090200
2.090240
2.090280
2.090320
2.090360
2.090400
2.090440
2.090440
2.090480
2.090480
2.090520
2.090560
2.090600
2.090600
2.090640
2.090680
2.090720
2.090720
2.090760
2.090800
2.090840
2.090880
2.090920
2.090960
2.091000
2.091040
2.091040
2.091080
2.091120
2.091160
2.091200
2.091200
2.091240
2.091280
2.091320
2.091320
2.091360
2.091360
2.091400
2.091440
2.091480
2.091520
2.091560
2.091600
2.091640
2.091680
2.091720
2.091760
2.091760
2.091800
2.091840
2.091880
2.091920
2.091960
2.092000
2.092040
2.092080
2.092120
2.092160
2.092200
2.092240
2.092240
2.092280
2.092320
2.092360
2.092400
2.092400
2.092440
2.092440
2.092440
2.092480
2.092520
2.092560
2.092600
2.092600
2.092640
2.092680
2.092720
2.092760
2.092800
2.092800
2.092840
2.092880
2.092920
2.092960
2.092960
2.092960
2.093000
2.093000
2.093000
2.093000
2.093000
2.093040
2.093040
2.093080
2.093120
2.093160
2.093160
2.093200
2.093240
2.093280
2.093280
2.093280
2.093320
2.093320
2.093360
2.093400
2.093440
2.093480
2.093520
2.093560
2.093600
2.093640
2.093640
2.093640
2.093680
2.093680
2.093720
2.093760
2.093800
2.093840
2.093880
2.093920
2.093920
2.093960
2.094000
2.094040
2.094080
2.094120
2.094160
2.094160
2.094200
2.094240
2.094280
2.094320
2.094360
2.094400
2.094440
2.094480
2.094520
2.094560
2.094600
2.094600
2.094640
2.094680
2.094680
2.094680
2.094720
2.094720
2.094760
2.094800
2.094840
2.094840
2.094880
2.094920
2.094960
2.094960
2.095000
2.095040
2.095040
2.095080
2.095120
2.095120
2.095120
2.095160
2.095160
2.095200
2.095240
2.095280
2.095320
2.095360
2.095360
2.095400
2.095440
2.095440
2.095480
2.095520
2.095560
2.095600
2.095640
2.095680
2.095720
2.095760
2.095760
2.095760
2.095800
2.095800
2.095840
2.095880
2.095920
2.095960
2.096000
2.096000
2.096040
2.096080
2.096080
2.096120
2.096160
2.096160
2.096200
2.096240
2.096280
2.096320
2.096360
2.096400
2.096400
2.096400
2.096440
2.096480
2.096480
2.096520
2.096560
2.096600
2.096600
2.096640
2.096680
2.096720
2.096760
2.096800
2.096840
2.096840
2.096880
2.096880
2.096920
2.096920
2.096920
2.096920
2.096920
2.096960
2.097000
2.097040
2.097080
2.097120
2.097120
2.097160
2.097200
2.097240
2.097280
2.097280
2.097320
2.097320
2.097360
2.097400
2.097440
2.097480
2.097520
2.097560
2.097600
2.097600
2.097640
2.097680
2.097720
2.097720
2.097760
2.097800
2.097840
2.097880
2.097880
2.097920
2.097960
2.097960
2.098000
2.098000
2.098040
2.098080
2.098120
2.098160
2.098200
2.098240
2.098280
2.098320
2.098360
2.098400
2.098440
2.098480
2.098520
2.098560
2.098600
2.098640
2.098680
2.098720
2.098760
2.098800
2.098840
2.098880
2.098880
2.098920
2.098920
2.098960
2.099000
2.099000
2.099040
2.099080
2.099120
2.099160
2.099200
2.099200
2.099240
2.099280
2.099280
2.099320
2.099360
2.099400
2.099440
2.099480
2.099520
2.099560
2.099600
2.099640
2.099640
2.099680
2.099680
2.099720
2.099720
2.099720
2.099760
2.099800
2.099840
2.099880
2.099920
2.099920
2.099960
2.099960
2.100000
2.100040
2.100080
2.100120
2.100160
2.100200
2.100240
2.100280
2.100320
2.100360
2.100400
2.100400
2.100400
2.100440
2.100480
2.100520
2.100560
2.100600
2.100600
2.100640
2.100680
2.100720
2.100720
2.100760
2.100800
2.100840
2.100840
2.100840
2.100840
2.100880
2.100920
2.100960
2.100960
2.101000
2.101040
2.101080
2.101120
2.101160
2.101160
2.101160
2.101200
2.101240
2.101280
2.101280
2.101320
2.101360
2.101400
2.101440
2.101480
2.101520
2.101560
2.101600
2.101640
2.101680
2.101720
2.101720
2.101760
2.101800
2.101840
2.101880
2.101920
2.101920
2.101960
2.101960
2.102000
2.102040
2.102080
2.102080
2.102120
2.102120
2.102120
2.102160
2.102200
2.102240
2.102280
2.102280
2.102320
2.102360
2.102400
2.102440
2.102440
2.102480
2.102520
2.102560
2.102560
2.102600
2.102640
2.102680
2.102720
2.102760
2.102800
2.102840
2.102840
2.102840
2.102840
2.102880
2.102920
2.102920
2.102960
2.103000
2.103040
2.103080
2.103080
2.103120
2.103160
2.103200
2.103240
2.103280
2.103280
2.103320
2.103360
2.103360
2.103360
2.103400
2.103440
2.103480
2.103480
2.103520
2.103560
2.103600
2.103640
2.103680
2.103720
2.103760
2.103800
2.103840
2.103880
2.103920
2.103960
2.103960
2.104000
2.104040
2.104080
2.104120
2.104120
2.104160
2.104160
2.104200
2.104240
2.104280
2.104320
2.104360
2.104400
2.104440
2.104480
2.104520
2.104560
2.104560
2.104560
2.104600
2.104640
2.104680
2.104720
2.104760
2.104760
2.104800
2.104840
2.104880
2.104920
2.104920
2.104920
2.104960
2.105000
2.105000
2.105040
2.105080
2.105120
2.105160
2.105200
2.105240
2.105280
2.105320
2.105360
2.105400
2.105440
2.105480
2.105480
2.105520
2.105560
2.105600
2.105640
2.105680
2.105680
2.105720
2.105720
2.105760
2.105760
2.105800
2.105840
2.105880
2.105920
2.105960
2.106000
2.106040
2.106080
2.106120
2.106160
2.106160
2.106200
2.106200
2.106240
2.106280
2.106320
2.106360
2.106400
2.106400
2.106440
2.106480
2.106520
2.106560
2.106600
2.106640
2.106680
2.106720
2.106760
2.106800
2.106800
2.106840
2.106880
2.106920
2.106960
2.106960
2.106960
2.107000
2.107040
2.107080
2.107080
2.107120
2.107160
2.107200
2.107240
2.107280
2.107320
2.107360
2.107400
2.107400
2.107440
2.107480
2.107480
2.107520
2.107560
2.107560
2.107600
2.107600
2.107640
2.107640
2.107680
2.107680
2.107720
2.107760
2.107760
2.107800
2.107840
2.107880
2.107880
2.107920
2.107960
2.108000
2.108000
2.108040
2.108080
2.108120
2.108160
2.108160
2.108160
2.108200
2.108200
2.108240
2.108240
2.108280
2.108320
2.108320
2.108320
2.108360
2.108400
2.108440
2.108480
2.108520
2.108560
2.108560
2.108560
2.108600
2.108640
2.108640
2.108680
2.108720
2.108720
2.108760
2.108800
2.108840
2.108840
2.108880
2.108920
2.108960
2.108960
2.109000
2.109040
2.109080
2.109120
2.109160
2.109200
2.109240
2.109280
2.109280
2.109320
2.109360
2.109400
2.109400
2.109440
2.109480
2.109520
2.109520
2.109560
2.109600
2.109640
2.109680
2.109720
2.109760
2.109800
2.109840
2.109880
2.109880
2.109920
2.109920
2.109960
2.110000
2.110040
2.110080
2.110080
2.110120
2.110160
2.110160
2.110200
2.110240
2.110280
2.110280
2.110320
2.110320
2.110360
2.110400
2.110440
2.110480
2.110520
2.110560
2.110560
2.110600
2.110600
2.110640
2.110680
2.110680
2.110680
2.110720
2.110760
2.110800
2.110800
2.110840
2.110880
2.110880
2.110920
2.110960
2.111000
2.111040
2.111080
2.111080
2.111120
2.111160
2.111200
2.111240
2.111240
2.111280
2.111320
2.111320
2.111360
2.111360
2.111400
2.111440
2.111440
2.111480
2.111520
2.111520
2.111560
2.111600
2.111640
2.111640
2.111680
2.111720
2.111760
2.111800
2.111800
2.111840
2.111880
2.111920
2.111960
2.112000
2.112000
2.112040
2.112080
2.112120
2.112160
2.112200
2.112240
2.112280
2.112280
2.112320
2.112360
2.112400
2.112440
2.112440
2.112440
2.112480
2.112520
2.112520
2.112560
2.112600
2.112640
2.112680
2.112680
2.112720
2.112760
2.112800
2.112840
2.112840
2.112840
2.112840
2.112880
2.112920
2.112960
2.113000
2.113040
2.113080
2.113120
2.113160
2.113200
2.113240
2.113280
2.113320
2.113360
2.113400
2.113440
2.113480
2.113520
2.113520
2.113560
2.113560
2.113600
2.113640
2.113640
2.113680
2.113720
2.113760
2.113800
2.113800
2.113840
2.113880
2.113920
2.113960
2.114000
2.114040
2.114080
2.114120
2.114160
2.114200
2.114240
2.114240
2.114280
2.114320
2.114320
2.114360
2.114400
2.114440
2.114480
2.114480
2.114520
2.114560
2.114600
2.114600
2.114640
2.114680
2.114720
2.114720
2.114760
2.114800
2.114840
2.114840
2.114840
2.114880
2.114880
2.114880
2.114880
2.114920
2.114960
2.114960
2.114960
2.115000
2.115040
2.115080
2.115120
2.115160
2.115200
2.115240
2.115280
2.115320
2.115360
2.115400
2.115440
2.115480
2.115520
2.115560
2.115600
2.115640
2.115680
2.115720
2.115760
2.115800
2.115840
2.115880
2.115920
2.115920
2.115960
2.115960
2.116000
2.116040
2.116080
2.116120
2.116120
2.116160
2.116200
2.116240
2.116280
2.116280
2.116280
2.116320
2.116360
2.116360
2.116400
2.116440
2.116480
2.116480
2.116520
2.116520
2.116560
2.116600
2.116640
2.116680
2.116720
2.116760
2.116800
2.116800
2.116840
2.116880
2.116920
2.116960
2.117000
2.117040
2.117080
2.117080
2.117120
2.117160
2.117200
2.117240
2.117280
2.117280
2.117280
2.117320
2.117360
2.117400
2.117400
2.117400
2.117440
2.117480
2.117520
2.117560
2.117600
2.117640
2.117680
2.117680
2.117680
2.117680
2.117720
2.117760
2.117800
2.117840
2.117880
2.117920
2.117960
2.118000
2.118040
2.118080
2.118120
2.118160
2.118200
2.118240
2.118280
2.118280
2.118320
2.118360
2.118400
2.118400
2.118440
2.118440
2.118480
2.118520
2.118560
2.118560
2.118600
2.118600
2.118640
2.118680
2.118720
2.118760
2.118760
2.118800
2.118800
2.118840
2.118880
2.118920
2.118960
2.119000
2.119040
2.119080
2.119120
2.119160
2.119200
2.119240
2.119280
2.119320
2.119360
2.119360
2.119400
2.119440
2.119480
2.119520
2.119560
2.119600
2.119640
2.119680
2.119720
2.119760
2.119760
2.119760
2.119760
2.119800
2.119840
2.119880
2.119920
2.119960
2.120000
2.120040
2.120040
2.120040
2.120080
2.120120
2.120160
2.120200
2.120240
2.120280
2.120320
2.120360
2.120400
2.120440
2.120480
2.120520
2.120560
2.120560
2.120600
2.120640
2.120680
2.120720
2.120760
2.120760
2.120760
2.120800
2.120840
2.120840
2.120880
2.120920
2.120960
2.121000
2.121040
2.121080
2.121120
2.121160
2.121200
2.121200
2.121240
2.121280
2.121320
2.121320
2.121360
2.121360
2.121400
2.121440
2.121480
2.121520
2.121520
2.121560
2.121600
2.121640
2.121680
2.121680
2.121720
2.121760
2.121800
2.121840
2.121880
2.121920
2.121960
2.121960
2.122000
2.122040
2.122080
2.122120
2.122120
2.122160
2.122160
2.122200
2.122240
2.122280
2.122320
2.122360
2.122360
2.122360
2.122400
2.122400
2.122440
2.122480
2.122480
2.122480
2.122520
2.122560
2.122600
2.122600
2.122640
2.122680
2.122720
2.122760
2.122800
2.122840
2.122880
2.122920
2.122960
2.123000
2.123040
2.123080
2.123120
2.123160
2.123200
2.123240
2.123280
2.123320
2.123360
2.123400
2.123440
2.123480
2.123480
2.123520
2.123560
2.123560
2.123600
2.123640
2.123640
2.123640
2.123640
2.123680
2.123680
2.123680
2.123720
2.123760
2.123800
2.123800
2.123840
2.123880
2.123880
2.123920
2.123960
2.123960
2.124000
2.124040
2.124080
2.124080
2.124120
2.124160
2.124200
2.124240
2.124240
2.124280
2.124320
2.124360
2.124400
2.124440
2.124480
2.124520
2.124560
2.124600
2.124640
2.124680
2.124720
2.124760
2.124800
2.124840
2.124840
2.124840
2.124880
2.124920
2.124960
2.124960
2.125000
2.125040
2.125080
2.125120
2.125160
2.125200
2.125200
2.125200
2.125240
2.125280
2.125320
2.125360
2.125400
2.125440
2.125480
2.125520
2.125520
2.125560
2.125600
2.125640
2.125680
2.125720
2.125720
2.125760
2.125800
2.125840
2.125880
2.125920
2.125960
2.126000
2.126040
2.126040
2.126080
2.126080
2.126120
2.126120
2.126160
2.126200
2.126240
2.126280
2.126280
2.126280
2.126280
2.126320
2.126320
2.126360
2.126400
2.126440
2.126480
2.126520
2.126560
2.126560
2.126560
2.126600
2.126640
2.126680
2.126720
2.126720
2.126760
2.126800
2.126800
2.126800
2.126840
2.126880
2.126920
2.126960
2.126960
2.127000
2.127040
2.127040
2.127080
2.127080
2.127080
2.127120
2.127160
2.127200
2.127240
2.127280
2.127320
2.127360
2.127400
2.127440
2.127480
2.127480
2.127520
2.127560
2.127560
2.127600
2.127640
2.127680
2.127680
2.127720
2.127760
2.127760
2.127800
2.127800
2.127840
2.127880
2.127920
2.127960
2.127960
2.128000
2.128040
2.128080
2.128120
2.128160
2.128200
2.128240
2.128280
2.128320
2.128360
2.128400
2.128440
2.128480
2.128520
2.128560
2.128600
2.128600
2.128600
2.128640
2.128640
2.128680
2.128720
2.128760
2.128800
2.128800
2.128840
2.128880
2.128880
2.128920
2.128960
2.129000
2.129040
2.129080
2.129120
2.129160
2.129200
2.129200
2.129240
2.129240
2.129280
2.129320
2.129320
2.129360
2.129360
2.129360
2.129400
2.129440
2.129480
2.129480
2.129520
2.129560
2.129600
2.129640
2.129680
2.129720
2.129760
2.129800
2.129840
2.129880
2.129920
2.129960
2.129960
2.129960
2.130000
2.130000
2.130040
2.130080
2.130120
2.130160
2.130200
2.130200
2.130200
2.130240
2.130280
2.130280
2.130280
2.130320
2.130320
2.130360
2.130400
2.130440
2.130480
2.130520
2.130520
2.130520
2.130520
2.130560
2.130600
2.130640
2.130680
2.130720
2.130760
2.130800
2.130840
2.130880
2.130920
2.130960
2.131000
2.131040
2.131080
2.131120
2.131120
2.131160
2.131200
2.131200
2.131240
2.131280
2.131280
2.131320
2.131360
2.131400
2.131440
2.131480
2.131520
2.131560
2.131560
2.131600
2.131640
2.131680
2.131720
2.131760
2.131800
2.131840
2.131840
2.131840
2.131880
2.131920
2.131920
2.131920
2.131960
2.132000
2.132040
2.132080
2.132120
2.132120
2.132160
2.132200
2.132240
2.132280
2.132320
2.132320
2.132360
2.132400
2.132400
2.132440
2.132480
2.132480
2.132520
2.132560
2.132600
2.132600
2.132640
2.132680
2.132680
2.132720
2.132760
2.132800
2.132840
2.132880
2.132920
2.132960
2.133000
2.133040
2.133040
2.133040
2.133080
2.133080
2.133120
2.133160
2.133200
2.133240
2.133280
2.133280
2.133320
2.133320
2.133360
2.133400
2.133440
2.133480
2.133520
2.133560
2.133600
2.133640
2.133680
2.133720
2.133720
2.133760
2.133800
2.133840
2.133880
2.133920
2.133960
2.134000
2.134040
2.134080
2.134080
2.134120
2.134120
2.134160
2.134200
2.134240
2.134240
2.134280
2.134280
2.134320
2.134360
2.134400
2.134440
2.134440
2.134480
2.134520
2.134520
2.134560
2.134600
2.134640
2.134680
2.134720
2.134760
2.134800
2.134840
2.134880
2.134880
2.134920
2.134960
2.135000
2.135040
2.135080
2.135080
2.135080
2.135120
2.135120
2.135160
2.135200
2.135240
2.135240
2.135280
2.135320
2.135360
2.135400
2.135440
2.135480
2.135480
2.135520
2.135520
2.135520
2.135560
2.135560
2.135600
2.135640
2.135680
2.135720
2.135760
2.135800
2.135800
2.135840
2.135880
2.135880
2.135880
2.135880
2.135920
2.135960
2.135960
2.136000
2.136040
2.136080
2.136080
2.136120
2.136160
2.136200
2.136240
2.136280
2.136320
2.136360
2.136400
2.136400
2.136440
2.136480
2.136520
2.136560
2.136600
2.136600
2.136640
2.136680
2.136680
2.136720
2.136760
2.136800
2.136840
2.136880
2.136920
2.136920
2.136920
2.136960
2.137000
2.137040
2.137080
2.137120
2.137120
2.137160
2.137160
2.137200
2.137200
2.137240
2.137280
2.137280
2.137280
2.137320
2.137320
2.137360
2.137400
2.137400
2.137440
2.137480
2.137520
2.137560
2.137560
2.137600
2.137640
2.137680
2.137720
2.137760
2.137800
2.137800
2.137800
2.137840
2.137880
2.137920
2.137960
2.137960
2.138000
2.138000
2.138040
2.138040
2.138080
2.138120
2.138160
2.138160
2.138200
2.138240
2.138280
2.138320
2.138360
2.138400
2.138440
2.138480
2.138520
2.138520
2.138560
2.138600
2.138640
2.138640
2.138640
2.138680
2.138720
2.138760
2.138800
2.138840
2.138840
2.138880
2.138920
2.138960
2.138960
2.139000
2.139000
2.139000
2.139000
2.139040
2.139080
2.139080
2.139120
2.139120
2.139160
2.139200
2.139240
2.139280
2.139320
2.139320
2.139360
2.139400
2.139440
2.139440
2.139480
2.139520
2.139560
2.139600
2.139640
2.139680
2.139680
2.139720
2.139760
2.139760
2.139800
2.139800
2.139840
2.139840
2.139840
2.139880
2.139920
2.139960
2.140000
2.140040
2.140080
2.140120
2.140160
2.140200
2.140240
2.140280
2.140280
2.140280
2.140320
2.140360
2.140400
2.140440
2.140480
2.140520
2.140560
2.140600
2.140640
2.140640
2.140680
2.140720
2.140720
2.140760
2.140760
2.140800
2.140840
2.140880
2.140920
2.140920
2.140960
2.141000
2.141040
2.141080
2.141120
2.141160
2.141160
2.141200
2.141200
2.141200
2.141200
2.141240
2.141240
2.141280
2.141320
2.141360
2.141400
2.141440
2.141480
2.141480
2.141520
2.141560
2.141600
2.141640
2.141680
2.141680
2.141720
2.141760
2.141800
2.141840
2.141880
2.141920
2.141960
2.142000
2.142040
2.142080
2.142120
2.142160
2.142200
2.142240
2.142280
2.142320
2.142360
2.142400
2.142400
2.142440
2.142480
2.142480
2.142480
2.142480
2.142520
2.142520
2.142560
2.142600
2.142640
2.142680
2.142720
2.142760
2.142800
2.142800
2.142840
2.142880
2.142920
2.142960
2.143000
2.143040
2.143080
2.143120
2.143160
2.143200
2.143240
2.143280
2.143320
2.143360
2.143400
2.143440
2.143480
2.143520
2.143560
2.143600
2.143640
2.143680
2.143720
2.143760
2.143800
2.143800
2.143840
2.143880
2.143880
2.143920
2.143920
2.143920
2.143960
2.144000
2.144040
2.144080
2.144080
2.144120
2.144160
2.144200
2.144240
2.144240
2.144280
2.144320
2.144360
2.144400
2.144440
2.144480
2.144520
2.144560
2.144600
2.144640
2.144680
2.144720
2.144760
2.144800
2.144840
2.144880
2.144880
2.144920
2.144960
2.144960
2.145000
2.145040
2.145080
2.145120
2.145120
2.145160
2.145160
2.145200
2.145240
2.145280
2.145280
2.145320
2.145360
2.145400
2.145440
2.145440
2.145480
2.145520
2.145560
2.145600
2.145640
2.145680
2.145720
2.145760
2.145800
2.145800
2.145840
2.145880
2.145920
2.145920
2.145960
2.146000
2.146040
2.146080
2.146120
2.146160
2.146200
2.146240
2.146280
2.146280
2.146320
2.146320
2.146360
2.146400
2.146440
2.146480
2.146480
2.146520
2.146560
2.146600
2.146640
2.146680
2.146720
2.146760
2.146800
2.146840
2.146840
2.146840
2.146880
2.146880
2.146880
2.146920
2.146920
2.146920
2.146960
2.147000
2.147040
2.147080
2.147120
2.147160
2.147200
2.147240
2.147280
2.147320
2.147360
2.147360
2.147400
2.147440
2.147480
2.147520
2.147560
2.147600
2.147600
2.147640
2.147680
2.147720
2.147760
2.147800
2.147840
2.147880
2.147920
2.147960
2.148000
2.148040
2.148080
2.148080
2.148120
2.148160
2.148200
2.148200
2.148240
2.148280
2.148280
2.148280
2.148320
2.148360
2.148400
2.148440
2.148440
2.148480
2.148520
2.148520
2.148560
2.148560
2.148600
2.148640
2.148640
2.148680
2.148720
2.148760
2.148800
2.148840
2.148880
2.148920
2.148960
2.149000
2.149040
2.149040
2.149080
2.149120
2.149160
2.149200
2.149200
2.149200
2.149240
2.149240
2.149280
2.149320
2.149320
2.149320
2.149360
2.149360
2.149400
2.149440
2.149480
2.149480
2.149520
2.149560
2.149600
2.149600
2.149640
2.149680
2.149720
2.149760
2.149800
2.149840
2.149880
2.149880
2.149920
2.149960
2.150000
2.150000
2.150000
2.150040
2.150080
2.150080
2.150080
2.150080
2.150080
2.150120
2.150120
2.150160
2.150200
2.150240
2.150280
2.150280
2.150280
2.150320
2.150360
2.150360
2.150360
2.150400
2.150440
2.150480
2.150520
2.150560
2.150560
2.150600
2.150640
2.150680
2.150720
2.150760
2.150800
2.150840
2.150880
2.150920
2.150960
2.151000
2.151040
2.151080
2.151120
2.151120
2.151160
2.151200
2.151240
2.151280
2.151320
2.151360
2.151400
2.151440
2.151480
2.151520
2.151520
2.151560
2.151600
2.151640
2.151680
2.151720
2.151760
2.151760
2.151800
2.151800
2.151840
2.151880
2.151920
2.151960
2.152000
2.152040
2.152080
2.152120
2.152160
2.152200
2.152200
2.152240
2.152280
2.152280
2.152320
2.152320
2.152320
2.152360
2.152360
2.152360
2.152400
2.152440
2.152440
2.152440
2.152480
2.152520
2.152560
2.152600
2.152640
2.152640
2.152680
2.152720
2.152720
2.152720
2.152760
2.152800
2.152800
2.152840
2.152880
2.152920
2.152960
2.153000
2.153040
2.153080
2.153120
2.153160
2.153160
2.153160
2.153200
2.153240
2.153280
2.153320
2.153360
2.153360
2.153400
2.153440
2.153480
2.153520
2.153560
2.153560
2.153600
2.153640
2.153680
2.153720
2.153760
2.153800
2.153840
2.153880
2.153880
2.153880
2.153920
2.153960
2.154000
2.154040
2.154040
2.154040
2.154080
2.154120
2.154120
2.154120
2.154160
2.154200
2.154240
2.154280
2.154320
2.154360
2.154360
2.154400
2.154440
2.154480
2.154520
2.154560
2.154600
2.154640
2.154680
2.154720
2.154760
2.154800
2.154840
2.154880
2.154920
2.154960
2.154960
2.155000
2.155040
2.155080
2.155080
2.155080
2.155120
2.155120
2.155160
2.155200
2.155240
2.155240
2.155280
2.155320
2.155360
2.155360
2.155360
2.155400
2.155400
2.155440
2.155480
2.155520
2.155560
2.155600
2.155640
2.155680
2.155720
2.155760
2.155800
2.155800
2.155840
2.155880
2.155880
2.155920
2.155960
2.155960
2.156000
2.156040
2.156080
2.156120
2.156120
2.156160
2.156200
2.156240
2.156280
2.156320
2.156360
2.156400
2.156400
2.156400
2.156440
2.156440
2.156480
2.156520
2.156560
2.156600
2.156640
2.156680
2.156720
2.156760
2.156760
2.156800
2.156840
2.156880
2.156880
2.156920
2.156960
2.156960
2.156960
2.157000
2.157040
2.157080
2.157120
2.157160
2.157160
2.157200
2.157240
2.157280
2.157320
2.157360
2.157400
2.157440
2.157440
2.157480
2.157520
2.157560
2.157600
2.157640
2.157680
2.157680
2.157720
2.157760
2.157800
2.157840
2.157880
2.157920
2.157920
2.157960
2.157960
2.157960
2.158000
2.158040
2.158080
2.158120
2.158160
2.158200
2.158240
2.158240
2.158280
2.158280
2.158320
2.158320
2.158320
2.158360
2.158360
2.158400
2.158440
2.158480
2.158520
2.158560
2.158600
2.158640
2.158680
2.158720
2.158760
2.158800
2.158840
2.158880
2.158880
2.158880
2.158880
2.158920
2.158960
2.159000
2.159040
2.159040
2.159080
2.159120
2.159160
2.159200
2.159240
2.159280
2.159320
2.159360
2.159360
2.159400
2.159400
2.159440
2.159480
2.159480
2.159520
2.159560
2.159600
2.159600
2.159640
2.159680
2.159680
2.159720
2.159760
2.159800
2.159800
2.159840
2.159880
2.159920
2.159960
2.159960
2.160000
2.160040
2.160080
2.160120
2.160160
2.160160
2.160160
2.160160
2.160160
2.160160
2.160200
2.160240
2.160280
2.160280
2.160280
2.160320
2.160360
2.160400
2.160400
2.160440
2.160480
2.160480
2.160520
2.160560
2.160600
2.160640
2.160640
2.160680
2.160680
2.160720
2.160760
2.160800
2.160840
2.160880
2.160920
2.160920
2.160960
2.161000
2.161040
2.161080
2.161120
2.161160
2.161200
2.161240
2.161280
2.161320
2.161360
2.161400
2.161440
2.161480
2.161480
2.161520
2.161560
2.161600
2.161600
2.161640
2.161680
2.161720
2.161760
2.161800
2.161840
2.161880
2.161880
2.161880
2.161920
2.161960
2.162000
2.162040
2.162080
2.162120
2.162120
2.162160
2.162200
2.162240
2.162240
2.162280
2.162320
2.162360
2.162400
2.162440
2.162440
2.162440
2.162480
2.162520
2.162560
2.162600
2.162640
2.162640
2.162680
2.162720
2.162720
2.162760
2.162760
2.162800
2.162840
2.162880
2.162920
2.162960
2.163000
2.163040
2.163040
2.163080
2.163120
2.163160
2.163200
2.163240
2.163280
2.163320
2.163360
2.163400
2.163400
2.163440
2.163440
2.163480
2.163520
2.163560
2.163600
2.163640
2.163640
2.163680
2.163720
2.163760
2.163760
2.163800
2.163840
2.163880
2.163920
2.163960
2.164000
2.164000
2.164040
2.164080
2.164120
2.164160
2.164200
2.164240
2.164280
2.164320
2.164320
2.164360
2.164400
2.164400
2.164440
2.164440
2.164480
2.164520
2.164560
2.164600
2.164640
2.164640
2.164680
2.164720
2.164760
2.164800
2.164840
2.164840
2.164880
2.164920
2.164960
2.165000
2.165040
2.165080
2.165120
2.165120
2.165160
2.165200
2.165240
2.165280
2.165320
2.165360
2.165400
2.165440
2.165480
2.165520
2.165560
2.165600
2.165640
2.165680
2.165720
2.165760
2.165800
2.165840
2.165880
2.165920
2.165920
2.165920
2.165920
2.165920
2.165960
2.166000
2.166040
2.166040
2.166080
2.166120
2.166160
2.166200
2.166240
2.166240
2.166280
2.166320
2.166360
2.166360
2.166400
2.166440
2.166480
2.166520
2.166520
2.166560
2.166600
2.166640
2.166680
2.166720
2.166760
2.166800
2.166840
2.166880
2.166920
2.166960
2.167000
2.167040
2.167080
2.167120
2.167160
2.167200
2.167200
2.167200
2.167240
2.167280
2.167320
2.167360
2.167400
2.167440
2.167480
2.167480
2.167520
2.167560
2.167600
2.167600
2.167640
2.167680
2.167720
2.167760
2.167760
2.167800
2.167840
2.167880
2.167880
2.167920
2.167960
2.168000
2.168040
2.168080
2.168120
2.168120
2.168160
2.168200
2.168240
2.168280
2.168320
2.168360
2.168360
2.168400
2.168440
2.168480
2.168520
2.168560
2.168600
2.168640
2.168640
2.168680
2.168720
2.168760
2.168800
2.168800
2.168840
2.168840
2.168880
2.168920
2.168920
2.168960
2.168960
2.169000
2.169040
2.169080
2.169120
2.169160
2.169200
2.169240
2.169280
2.169320
2.169360
2.169400
2.169440
2.169480
2.169480
2.169520
2.169520
2.169560
2.169560
2.169600
2.169640
2.169680
2.169720
2.169760
2.169800
2.169840
2.169880
2.169920
2.169920
2.169960
2.169960
2.169960
2.170000
2.170040
2.170080
2.170120
2.170120
2.170160
2.170200
2.170240
2.170280
2.170280
2.170320
2.170360
2.170400
2.170400
2.170440
2.170440
2.170480
2.170520
2.170560
2.170600
2.170640
2.170680
2.170720
2.170760
2.170800
2.170840
2.170880
2.170880
2.170920
2.170920
2.170960
2.171000
2.171040
2.171080
2.171120
2.171160
2.171200
2.171240
2.171280
2.171280
2.171320
2.171360
2.171400
2.171440
2.171440
2.171480
2.171520
2.171520
2.171520
2.171520
2.171560
2.171600
2.171640
2.171640
2.171680
2.171720
2.171760
2.171760
2.171800
2.171840
2.171840
2.171880
2.171920
2.171920
2.171920
2.171960
2.172000
2.172040
2.172080
2.172120
2.172160
2.172160
2.172200
2.172240
2.172280
2.172320
2.172360
2.172360
2.172400
2.172440
2.172480
2.172520
2.172560
2.172600
2.172640
2.172680
2.172720
2.172720
2.172760
2.172800
2.172840
2.172880
2.172920
2.172960
2.173000
2.173040
2.173080
2.173120
2.173160
2.173200
2.173200
2.173200
2.173200
2.173240
2.173240
2.173280
2.173320
2.173360
2.173400
2.173440
2.173480
2.173520
2.173560
2.173600
2.173640
2.173680
2.173720
2.173720
2.173760
2.173800
2.173840
2.173880
2.173920
2.173920
2.173960
2.174000
2.174000
2.174040
2.174040
2.174040
2.174040
2.174080
2.174120
2.174120
2.174160
2.174160
2.174200
2.174240
2.174280
2.174320
2.174320
2.174360
2.174360
2.174400
2.174400
2.174440
2.174440
2.174480
2.174520
2.174560
2.174600
2.174640
2.174680
2.174720
2.174760
2.174760
2.174760
2.174760
2.174760
2.174800
2.174800
2.174840
2.174840
2.174880
2.174880
2.174920
2.174920
2.174960
2.174960
2.175000
2.175040
2.175080
2.175120
2.175160
2.175200
2.175240
2.175280
2.175320
2.175360
2.175400
2.175440
2.175480
2.175520
2.175560
2.175600
2.175640
2.175680
2.175720
2.175760
2.175800
2.175840
2.175880
2.175880
2.175880
2.175920
2.175960
2.175960
2.176000
2.176000
2.176040
2.176040
2.176080
2.176120
2.176120
2.176160
2.176160
2.176200
2.176240
2.176280
2.176320
2.176360
2.176400
2.176440
2.176480
2.176520
2.176520
2.176560
2.176600
2.176600
2.176640
2.176640
2.176680
2.176720
2.176720
2.176760
2.176800
2.176840
2.176880
2.176920
2.176960
2.177000
2.177040
2.177080
2.177120
2.177160
2.177200
2.177240
2.177240
2.177280
2.177320
2.177360
2.177400
2.177440
2.177480
2.177520
2.177520
2.177560
2.177560
2.177560
2.177600
2.177640
2.177680
2.177720
2.177720
2.177760
2.177800
2.177840
2.177880
2.177880
2.177920
2.177960
2.178000
2.178040
2.178080
2.178120
2.178160
2.178200
2.178240
2.178280
2.178320
2.178360
2.178400
2.178400
2.178440
2.178480
2.178520
2.178520
2.178560
2.178560
2.178600
2.178640
2.178680
2.178720
2.178720
2.178720
2.178760
2.178760
2.178800
2.178840
2.178880
2.178920
2.178960
2.179000
2.179040
2.179080
2.179120
2.179160
2.179200
2.179240
2.179280
2.179320
2.179360
2.179400
2.179440
2.179480
2.179480
2.179520
2.179560
2.179600
2.179640
2.179680
2.179720
2.179720
2.179720
2.179760
2.179800
2.179840
2.179880
2.179880
2.179880
2.179920
2.179920
2.179960
2.180000
2.180040
2.180080
2.180120
2.180120
2.180160
2.180200
2.180240
2.180280
2.180320
2.180360
2.180400
2.180440
2.180480
2.180480
2.180520
2.180560
2.180600
2.180640
2.180680
2.180720
2.180720
2.180760
2.180760
2.180800
2.180840
2.180880
2.180880
2.180880
2.180920
2.180960
2.181000
2.181040
2.181080
2.181120
2.181120
2.181160
2.181200
2.181240
2.181280
2.181320
2.181360
2.181360
2.181400
2.181440
2.181480
2.181520
2.181560
2.181600
2.181640
2.181680
2.181720
2.181760
2.181800
2.181840
2.181880
2.181880
2.181920
2.181960
2.182000
2.182040
2.182040
2.182080
2.182120
2.182160
2.182200
2.182240
2.182280
2.182320
2.182360
2.182400
2.182440
2.182480
2.182480
2.182520
2.182560
2.182600
2.182640
2.182640
2.182680
2.182680
2.182720
2.182760
2.182800
2.182840
2.182880
2.182880
2.182920
2.182960
2.183000
2.183040
2.183080
2.183120
2.183160
2.183200
2.183240
2.183280
2.183320
2.183360
2.183400
2.183440
2.183440
2.183480
2.183520
2.183560
2.183600
2.183640
2.183640
2.183680
2.183720
2.183760
2.183800
2.183840
2.183880
2.183920
2.183960
2.184000
2.184000
2.184040
2.184080
2.184080
2.184120
2.184120
2.184120
2.184120
2.184160
2.184160
2.184200
2.184240
2.184280
2.184320
2.184360
2.184400
2.184440
2.184480
2.184520
2.184560
2.184600
2.184640
2.184680
2.184720
2.184760
2.184800
2.184840
2.184880
2.184920
2.184960
2.185000
2.185040
2.185040
2.185040
2.185080
2.185120
2.185160
2.185200
2.185240
2.185280
2.185320
2.185360
2.185360
2.185400
2.185440
2.185440
2.185440
2.185480
2.185480
2.185520
2.185560
2.185600
2.185640
2.185680
2.185720
2.185760
2.185800
2.185840
2.185880
2.185920
2.185960
2.185960
2.186000
2.186040
2.186080
2.186120
2.186160
2.186200
2.186240
2.186240
2.186240
2.186280
2.186280
2.186320
2.186360
2.186360
2.186400
2.186440
2.186480
2.186520
2.186560
2.186560
2.186560
2.186600
2.186640
2.186680
2.186680
2.186720
2.186760
2.186800
2.186840
2.186880
2.186920
2.186960
2.187000
2.187040
2.187080
2.187120
2.187160
2.187200
2.187240
2.187280
2.187320
2.187360
2.187400
2.187440
2.187440
2.187480
2.187520
2.187560
2.187600
2.187600
2.187640
2.187680
2.187680
2.187680
2.187720
2.187760
2.187800
2.187840
2.187880
2.187880
2.187880
2.187920
2.187960
2.188000
2.188040
2.188080
2.188120
2.188160
2.188200
2.188240
2.188280
2.188320
2.188320
2.188360
2.188400
2.188440
2.188440
2.188480
2.188520
2.188560
2.188600
2.188640
2.188680
2.188720
2.188760
2.188800
2.188800
2.188800
2.188840
2.188880
2.188920
2.188960
2.188960
2.189000
2.189000
2.189040
2.189080
2.189120
2.189160
2.189200
2.189240
2.189280
2.189320
2.189360
2.189400
2.189440
2.189480
2.189520
2.189520
2.189560
2.189600
2.189640
2.189680
2.189720
2.189760
2.189800
2.189800
2.189800
2.189840
2.189880
2.189920
2.189960
2.189960
2.189960
2.190000
2.190040
2.190080
2.190080
2.190120
2.190160
2.190200
2.190240
2.190280
2.190320
2.190360
2.190400
2.190440
2.190480
2.190520
2.190560
2.190600
2.190600
2.190600
2.190600
2.190640
2.190680
2.190720
2.190760
2.190800
2.190840
2.190880
2.190920
2.190960
2.191000
2.191040
2.191080
2.191120
2.191160
2.191200
2.191240
2.191240
2.191240
2.191280
2.191320
2.191360
2.191360
2.191360
2.191400
2.191400
2.191440
2.191440
2.191480
2.191520
2.191560
2.191600
2.191640
2.191640
2.191680
2.191720
2.191760
2.191800
2.191840
2.191880
2.191880
2.191880
2.191920
2.191920
2.191920
2.191960
2.192000
2.192040
2.192040
2.192080
2.192120
2.192160
2.192200
2.192240
2.192280
2.192320
2.192360
2.192400
2.192440
2.192480
2.192480
2.192480
2.192480
2.192520
2.192520
2.192560
2.192560
2.192600
2.192640
2.192680
2.192720
2.192760
2.192760
2.192800
2.192840
2.192880
2.192920
2.192960
2.193000
2.193040
2.193080
2.193120
2.193160
2.193200
2.193240
2.193240
2.193280
2.193320
2.193360
2.193400
2.193400
2.193440
2.193480
2.193520
2.193560
2.193600
2.193640
2.193680
2.193720
2.193760
2.193800
2.193800
2.193840
2.193880
2.193880
2.193920
2.193960
2.194000
2.194040
2.194080
2.194120
2.194160
2.194160
2.194200
2.194240
2.194240
2.194280
2.194320
2.194360
2.194400
2.194440
2.194480
2.194520
2.194560
2.194600
2.194600
2.194640
2.194680
2.194720
2.194760
2.194800
2.194840
2.194880
2.194920
2.194960
2.195000
2.195000
2.195040
2.195040
2.195080
2.195080
2.195120
2.195160
2.195200
2.195240
2.195280
2.195320
2.195360
2.195400
2.195440
2.195480
2.195520
2.195560
2.195560
2.195600
2.195600
2.195640
2.195640
2.195640
2.195680
2.195720
2.195760
2.195800
2.195840
2.195880
2.195920
2.195960
2.196000
2.196000
2.196040
2.196080
2.196120
2.196160
2.196200
2.196200
2.196240
2.196280
2.196320
2.196360
2.196400
2.196400
2.196440
2.196480
2.196520
2.196520
2.196560
2.196600
2.196640
2.196680
2.196720
2.196760
2.196800
2.196840
2.196880
2.196880
2.196920
2.196920
2.196920
2.196960
2.196960
2.196960
2.197000
2.197000
2.197040
2.197080
2.197120
2.197120
2.197160
2.197200
2.197240
2.197240
2.197280
2.197280
2.197320
2.197360
2.197360
2.197400
2.197400
2.197440
2.197440
2.197480
2.197520
2.197560
2.197600
2.197640
2.197680
2.197720
2.197720
2.197760
2.197760
2.197800
2.197840
2.197880
2.197920
2.197920
2.197960
2.197960
2.198000
2.198040
2.198080
2.198120
2.198160
2.198200
2.198240
2.198280
2.198320
2.198360
2.198400
2.198440
2.198480
2.198520
2.198560
2.198600
2.198600
2.198640
2.198680
2.198720
2.198760
2.198800
2.198800
2.198840
2.198880
2.198920
2.198960
2.198960
2.198960
2.198960
2.199000
2.199040
2.199080
2.199120
2.199160
2.199200
2.199240
2.199280
2.199320
2.199360
2.199400
2.199400
2.199440
2.199480
2.199480
2.199480
2.199520
2.199560
2.199600
2.199640
2.199680
2.199680
2.199720
2.199720
2.199760
2.199800
2.199840
2.199840
2.199840
2.199840
2.199840
2.199880
2.199920
2.199960
2.200000
2.200040
2.200040
2.200080
2.200120
2.200120
2.200160
2.200160
2.200160
2.200160
2.200200
2.200240
2.200280
2.200320
2.200360
2.200360
2.200400
2.200440
2.200480
2.200520
2.200560
2.200600
2.200640
2.200680
2.200720
2.200760
2.200800
2.200840
2.200840
2.200880
2.200920
2.200960
2.201000
2.201040
2.201080
2.201120
2.201160
2.201200
2.201240
2.201240
2.201240
2.201280
2.201320
2.201360
2.201360
2.201360
2.201400
2.201440
2.201480
2.201520
2.201560
2.201600
2.201640
2.201680
2.201720
2.201720
2.201720
2.201760
2.201800
2.201840
2.201880
2.201920
2.201960
2.202000
2.202000
2.202000
2.202040
2.202040
2.202040
2.202040
2.202040
2.202040
2.202080
2.202120
2.202120
2.202160
2.202160
2.202200
2.202240
2.202280
2.202320
2.202360
2.202400
2.202440
2.202480
2.202520
2.202520
2.202560
2.202600
2.202600
2.202600
2.202600
2.202600
2.202640
2.202640
2.202680
2.202680
2.202720
2.202760
2.202800
2.202840
2.202880
2.202920
2.202960
2.203000
2.203040
2.203080
2.203120
2.203160
2.203200
2.203240
2.203280
2.203320
2.203320
2.203360
2.203400
2.203440
2.203480
2.203520
2.203560
2.203600
2.203600
2.203640
2.203640
2.203640
2.203680
2.203720
2.203760
2.203800
2.203840
2.203880
2.203920
2.203960
2.204000
2.204040
2.204080
2.204120
2.204160
2.204200
2.204240
2.204280
2.204320
2.204360
2.204360
2.204400
2.204440
2.204440
2.204440
2.204480
2.204520
2.204560
2.204600
2.204640
2.204680
2.204720
2.204720
2.204760
2.204800
2.204840
2.204880
2.204920
2.204920
2.204960
2.204960
2.205000
2.205040
2.205080
2.205080
2.205120
2.205160
2.205200
2.205240
2.205240
2.205280
2.205320
2.205360
2.205400
2.205400
2.205440
2.205480
2.205520
2.205560
2.205600
2.205600
2.205600
2.205640
2.205680
2.205720
2.205720
2.205760
2.205800
2.205840
2.205880
2.205880
2.205880
2.205920
2.205960
2.206000
2.206040
2.206080
2.206120
2.206160
2.206200
2.206240
2.206240
2.206280
2.206320
2.206360
2.206400
2.206400
2.206440
2.206480
2.206480
2.206480
2.206480
2.206520
2.206560
2.206560
2.206600
2.206600
2.206640
2.206680
2.206720
2.206760
2.206760
2.206800
2.206840
2.206880
2.206920
2.206960
2.207000
2.207040
2.207080
2.207120
2.207160
2.207200
2.207240
2.207280
2.207320
2.207360
2.207400
2.207440
2.207480
2.207520
2.207520
2.207520
2.207560
2.207560
2.207600
2.207640
2.207680
2.207720
2.207760
2.207800
2.207840
2.207880
2.207880
2.207880
2.207920
2.207960
2.208000
2.208040
2.208080
2.208120
2.208160
2.208160
2.208200
2.208240
2.208280
2.208320
2.208360
2.208400
2.208400
2.208400
2.208400
2.208400
2.208440
2.208480
2.208520
2.208520
2.208520
2.208560
2.208600
2.208640
2.208680
2.208680
2.208720
2.208760
2.208800
2.208840
2.208880
2.208920
2.208960
2.209000
2.209040
2.209080
2.209120
2.209160
2.209160
2.209200
2.209240
2.209280
2.209320
2.209360
2.209400
2.209440
2.209440
2.209480
2.209520
2.209520
2.209520
2.209560
2.209600
2.209600
2.209600
2.209640
2.209680
2.209720
2.209760
2.209760
2.209800
2.209800
2.209840
2.209840
2.209880
2.209880
2.209920
2.209920
2.209960
2.210000
2.210040
2.210080
2.210120
2.210160
2.210160
2.210200
2.210240
2.210240
2.210280
2.210280
2.210320
2.210360
2.210360
2.210400
2.210440
2.210480
2.210520
2.210520
2.210560
2.210600
2.210640
2.210680
2.210720
2.210760
2.210800
2.210800
2.210800
2.210840
2.210880
2.210880
2.210880
2.210920
2.210960
2.210960
2.210960
2.211000
2.211040
2.211040
2.211080
2.211120
2.211160
2.211200
2.211240
2.211280
2.211280
2.211320
2.211360
2.211400
2.211440
2.211440
2.211480
2.211520
2.211560
2.211560
2.211560
2.211600
2.211600
2.211640
2.211680
2.211720
2.211720
2.211720
2.211760
2.211800
2.211840
2.211880
2.211920
2.211960
2.212000
2.212040
2.212080
2.212120
2.212160
2.212200
2.212240
2.212280
2.212320
2.212360
2.212400
2.212440
2.212480
2.212520
2.212560
2.212600
2.212640
2.212680
2.212680
2.212720
2.212760
2.212800
2.212840
2.212880
2.212920
2.212960
2.213000
2.213040
2.213080
2.213120
2.213160
2.213200
2.213240
2.213280
2.213320
2.213320
2.213320
2.213360
2.213400
2.213440
2.213480
2.213520
2.213560
2.213600
2.213640
2.213680
2.213720
2.213720
2.213760
2.213800
2.213840
2.213880
2.213920
2.213960
2.214000
2.214040
2.214080
2.214120
2.214120
2.214160
2.214200
2.214200
2.214240
2.214240
2.214280
2.214320
2.214360
2.214360
2.214400
2.214400
2.214440
2.214480
2.214480
2.214520
2.214520
2.214560
2.214600
2.214640
2.214680
2.214720
2.214720
2.214720
2.214760
2.214800
2.214840
2.214880
2.214920
2.214960
2.215000
2.215040
2.215080
2.215120
2.215120
2.215160
2.215200
2.215240
2.215280
2.215320
2.215360
2.215400
2.215400
2.215440
2.215440
2.215480
2.215520
2.215520
2.215560
2.215600
2.215640
2.215680
2.215720
2.215760
2.215800
2.215840
2.215840
2.215840
2.215880
2.215920
2.215960
2.215960
2.215960
2.216000
2.216040
2.216080
2.216120
2.216120
2.216160
2.216200
2.216240
2.216280
2.216320
2.216360
2.216400
2.216440
2.216480
2.216520
2.216560
2.216600
2.216600
2.216640
2.216680
2.216720
2.216720
2.216760
2.216760
2.216760
2.216800
2.216840
2.216880
2.216920
2.216960
2.217000
2.217000
2.217040
2.217080
2.217120
2.217120
2.217160
2.217160
2.217200
2.217240
2.217280
2.217320
2.217360
2.217400
2.217440
2.217480
2.217520
2.217560
2.217600
2.217640
2.217640
2.217680
2.217720
2.217760
2.217800
2.217840
2.217880
2.217920
2.217960
2.218000
2.218040
2.218080
2.218120
2.218160
2.218200
2.218240
2.218280
2.218320
2.218360
2.218400
2.218440
2.218440
2.218480
2.218520
2.218560
2.218600
2.218640
2.218680
2.218720
2.218760
2.218800
2.218840
2.218840
2.218880
2.218920
2.218960
2.218960
2.219000
2.219040
2.219080
2.219120
2.219160
2.219200
2.219240
2.219280
2.219280
2.219320
2.219360
2.219360
2.219400
2.219440
2.219480
2.219520
2.219560
2.219600
2.219640
2.219680
2.219720
2.219760
2.219800
2.219840
2.219880
2.219920
2.219920
2.219960
2.220000
2.220000
2.220040
2.220080
2.220120
2.220160
2.220160
2.220200
2.220240
2.220240
2.220280
2.220320
2.220360
2.220400
2.220400
2.220440
2.220440
2.220480
2.220520
2.220560
2.220600
2.220640
2.220640
2.220680
2.220680
2.220720
2.220760
2.220800
2.220840
2.220880
2.220920
2.220960
2.221000
2.221040
2.221080
2.221120
2.221160
2.221200
2.221200
2.221240
2.221280
2.221280
2.221320
2.221360
2.221400
2.221440
2.221480
2.221480
2.221520
2.221560
2.221560
2.221600
2.221640
2.221680
2.221720
2.221760
2.221800
2.221800
2.221800
2.221840
2.221880
2.221920
2.221960
2.221960
2.221960
2.222000
2.222040
2.222040
2.222080
2.222080
2.222120
2.222160
2.222200
2.222240
2.222280
2.222320
2.222360
2.222360
2.222400
2.222440
2.222480
2.222520
2.222560
2.222560
2.222560
2.222600
2.222640
2.222680
2.222720
2.222760
2.222760
2.222760
2.222800
2.222840
2.222880
2.222920
2.222920
2.222960
2.223000
2.223040
2.223080
2.223120
2.223120
2.223160
2.223160
2.223200
2.223240
2.223280
2.223320
2.223360
2.223400
2.223440
2.223480
2.223520
2.223560
2.223600
2.223600
2.223640
2.223680
2.223720
2.223720
2.223760
2.223800
2.223840
2.223880
2.223920
2.223920
2.223960
2.223960
2.224000
2.224040
2.224080
2.224080
2.224120
2.224160
2.224200
2.224240
2.224280
2.224320
2.224320
2.224360
2.224360
2.224400
2.224440
2.224480
2.224520
2.224560
2.224600
2.224600
2.224640
2.224680
2.224720
2.224760
2.224800
2.224840
2.224880
2.224920
2.224960
2.225000
2.225040
2.225040
2.225080
2.225120
2.225160
2.225200
2.225240
2.225280
2.225320
2.225360
2.225400
2.225440
2.225480
2.225520
2.225520
2.225560
2.225600
2.225600
2.225640
2.225680
2.225680
2.225720
2.225760
2.225760
2.225800
2.225840
2.225880
2.225920
2.225920
2.225960
2.226000
2.226040
2.226080
2.226120
2.226160
2.226200
2.226240
2.226280
2.226320
2.226360
2.226400
2.226440
2.226480
2.226480
2.226520
2.226560
2.226560
2.226560
2.226600
2.226600
2.226600
2.226600
2.226640
2.226680
2.226720
2.226760
2.226760
2.226800
2.226840
2.226840
2.226880
2.226920
2.226960
2.227000
2.227000
2.227040
2.227080
2.227120
2.227160
2.227200
2.227200
2.227240
2.227280
2.227320
2.227360
2.227360
2.227400
2.227440
2.227480
2.227520
2.227520
2.227560
2.227600
2.227640
2.227680
2.227720
2.227760
2.227800
2.227840
2.227840
2.227840
2.227880
2.227920
2.227960
2.228000
2.228040
2.228080
2.228120
2.228160
2.228200
2.228200
2.228240
2.228280
2.228320
2.228360
2.228400
2.228400
2.228400
2.228440
2.228440
2.228440
2.228480
2.228520
2.228560
2.228600
2.228640
2.228680
2.228720
2.228760
2.228800
2.228840
2.228880
2.228880
2.228920
2.228960
2.229000
2.229040
2.229040
2.229080
2.229120
2.229160
2.229200
2.229200
2.229200
2.229240
2.229240
2.229280
2.229280
2.229320
2.229360
2.229400
2.229440
2.229440
2.229480
2.229520
2.229560
2.229600
2.229640
2.229680
2.229720
2.229760
2.229800
2.229800
2.229840
2.229880
2.229880
2.229920
2.229960
2.230000
2.230040
2.230080
2.230120
2.230160
2.230200
2.230240
2.230280
2.230320
2.230320
2.230360
2.230400
2.230440
2.230480
2.230520
2.230520
2.230560
2.230560
2.230560
2.230600
2.230640
2.230680
2.230720
2.230720
2.230720
2.230720
2.230720
2.230760
2.230800
2.230840
2.230880
2.230880
2.230880
2.230920
2.230960
2.231000
2.231040
2.231080
2.231120
2.231160
2.231200
2.231240
2.231240
2.231280
2.231280
2.231320
2.231320
2.231360
2.231400
2.231440
2.231480
2.231480
2.231520
2.231560
2.231560
2.231600
2.231640
2.231680
2.231720
2.231760
2.231800
2.231840
2.231840
2.231880
2.231920
2.231920
2.231920
2.231920
2.231960
2.232000
2.232040
2.232080
2.232120
2.232160
2.232200
2.232240
2.232280
2.232320
2.232360
2.232400
2.232440
2.232480
2.232480
2.232520
2.232520
2.232560
2.232600
2.232640
2.232680
2.232680
2.232680
2.232720
2.232760
2.232800
2.232800
2.232840
2.232880
2.232880
2.232880
2.232920
2.232960
2.233000
2.233040
2.233040
2.233080
2.233120
2.233160
2.233160
2.233160
2.233160
2.233200
2.233240
2.233280
2.233320
2.233360
2.233360
2.233360
2.233360
2.233360
2.233400
2.233440
2.233480
2.233520
2.233560
2.233560
2.233600
2.233640
2.233680
2.233720
2.233760
2.233800
2.233840
2.233840
2.233840
2.233880
2.233880
2.233920
2.233960
2.234000
2.234040
2.234040
2.234040
2.234080
2.234120
2.234160
2.234200
2.234240
2.234280
2.234280
2.234320
2.234360
2.234400
2.234440
2.234440
2.234480
2.234520
2.234560
2.234600
2.234600
2.234640
2.234680
2.234680
2.234680
2.234720
2.234720
2.234720
2.234760
2.234800
2.234800
2.234800
2.234840
2.234840
2.234880
2.234920
2.234920
2.234960
2.235000
2.235040
2.235080
2.235080
2.235080
2.235120
2.235160
2.235200
2.235240
2.235280
2.235320
2.235360
2.235400
2.235440
2.235440
2.235480
2.235520
2.235520
2.235560
2.235600
2.235640
2.235680
2.235720
2.235720
2.235760
2.235800
2.235800
2.235840
2.235880
2.235920
2.235960
2.236000
2.236040
2.236080
2.236120
2.236160
2.236200
2.236240
2.236280
2.236320
2.236360
2.236400
2.236440
2.236480
2.236520
2.236560
2.236600
2.236640
2.236680
2.236720
2.236760
2.236760
2.236800
2.236840
2.236880
2.236920
2.236960
2.237000
2.237040
2.237080
2.237120
2.237160
2.237160
2.237160
2.237200
2.237240
2.237280
2.237280
2.237280
2.237320
2.237360
2.237400
2.237440
2.237480
2.237520
2.237520
2.237560
2.237600
2.237640
2.237680
2.237720
2.237760
2.237800
2.237840
2.237840
2.237880
2.237920
2.237960
2.238000
2.238040
2.238080
2.238120
2.238160
2.238200
2.238200
2.238240
2.238280
2.238320
2.238360
2.238400
2.238440
2.238480
2.238480
2.238520
2.238520
2.238520
2.238560
2.238600
2.238640
2.238680
2.238720
2.238720
2.238760
2.238760
2.238800
2.238840
2.238880
2.238880
2.238920
2.238960
2.239000
2.239040
2.239080
2.239120
2.239120
2.239120
2.239160
2.239200
2.239240
2.239240
2.239240
2.239280
2.239320
2.239360
2.239400
2.239440
2.239480
2.239520
2.239560
2.239600
2.239600
2.239640
2.239680
2.239720
2.239720
2.239760
2.239800
2.239840
2.239880
2.239920
2.239960
2.240000
2.240000
2.240040
2.240040
2.240080
2.240120
2.240120
2.240160
2.240160
2.240200
2.240240
2.240280
2.240320
2.240360
2.240400
2.240400
2.240400
2.240440
2.240480
2.240520
2.240520
2.240520
2.240560
2.240600
2.240640
2.240680
2.240720
2.240720
2.240760
2.240760
2.240800
2.240840
2.240880
2.240880
2.240920
2.240960
2.241000
2.241040
2.241040
2.241040
2.241080
2.241080
2.241120
2.241160
2.241200
2.241240
2.241240
2.241240
2.241280
2.241320
2.241360
2.241360
2.241400
2.241440
2.241480
2.241520
2.241520
2.241560
2.241600
2.241600
2.241640
2.241680
2.241720
2.241720
2.241760
2.241800
2.241800
2.241800
2.241840
2.241880
2.241920
2.241960
2.242000
2.242040
2.242040
2.242080
2.242120
2.242120
2.242160
2.242160
2.242160
2.242200
2.242240
2.242280
2.242280
2.242320
2.242360
2.242400
2.242440
2.242480
2.242520
2.242560
2.242600
2.242640
2.242680
2.242720
2.242760
2.242800
2.242840
2.242840
2.242880
2.242920
2.242960
2.243000
2.243040
2.243080
2.243080
2.243120
2.243160
2.243200
2.243200
2.243240
2.243280
2.243320
2.243360
2.243360
2.243360
2.243400
2.243440
2.243440
2.243480
2.243520
2.243560
2.243560
2.243600
2.243640
2.243680
2.243720
2.243760
2.243760
2.243800
2.243840
2.243880
2.243920
2.243960
2.244000
2.244040
2.244080
2.244120
2.244160
2.244200
2.244240
2.244280
2.244280
2.244320
2.244360
2.244400
2.244400
2.244440
2.244480
2.244520
2.244520
2.244560
2.244600
2.244640
2.244680
2.244680
2.244720
2.244760
2.244800
2.244840
2.244880
2.244880
2.244920
2.244960
2.245000
2.245000
2.245040
2.245080
2.245120
2.245160
2.245200
2.245240
2.245280
2.245320
2.245360
2.245400
2.245440
2.245480
2.245520
2.245520
2.245520
2.245520
2.245560
2.245600
2.245640
2.245640
2.245680
2.245720
2.245720
2.245720
2.245760
2.245800
2.245840
2.245840
2.245880
2.245920
2.245960
2.246000
2.246040
2.246040
2.246080
2.246120
2.246120
2.246160
2.246200
2.246240
2.246280
2.246320
2.246320
2.246320
2.246360
2.246400
2.246440
2.246480
2.246520
2.246520
2.246560
2.246560
2.246600
2.246640
2.246680
2.246720
2.246760
2.246800
2.246840
2.246880
2.246880
2.246920
2.246960
2.246960
2.247000
2.247040
2.247080
2.247120
2.247160
2.247160
2.247200
2.247240
2.247280
2.247320
2.247360
2.247400
2.247440
2.247480
2.247480
2.247520
2.247520
2.247520
2.247560
2.247600
2.247640
2.247680
2.247720
2.247720
2.247760
2.247760
2.247800
2.247840
2.247880
2.247880
2.247880
2.247880
2.247920
2.247960
2.247960
2.248000
2.248000
2.248040
2.248040
2.248080
2.248080
2.248120
2.248160
2.248200
2.248240
2.248240
2.248280
2.248320
2.248360
2.248400
2.248440
2.248480
2.248520
2.248560
2.248600
2.248600
2.248640
2.248680
2.248720
2.248760
2.248800
2.248840
2.248880
2.248880
2.248920
2.248920
2.248920
2.248960
2.249000
2.249040
2.249040
2.249040
2.249040
2.249080
2.249120
2.249160
2.249160
2.249200
2.249240
2.249280
2.249320
2.249360
2.249360
2.249400
2.249440
2.249480
2.249520
2.249560
2.249600
2.249640
2.249680
2.249720
2.249760
2.249800
2.249840
2.249880
2.249920
2.249960
2.250000
2.250040
2.250040
2.250080
2.250120
2.250160
2.250200
2.250240
2.250280
2.250320
2.250360
2.250360
2.250400
2.250440
2.250480
2.250520
2.250560
2.250600
2.250640
2.250680
2.250720
2.250760
2.250760
2.250800
2.250840
2.250880
2.250880
2.250920
2.250960
2.251000
2.251040
2.251080
2.251080
2.251120
2.251160
2.251200
2.251200
2.251200
2.251240
2.251280
2.251320
2.251320
2.251360
2.251400
2.251440
2.251480
2.251520
2.251560
2.251600
2.251600
2.251640
2.251680
2.251680
2.251720
2.251760
2.251800
2.251840
2.251840
2.251880
2.251920
2.251960
2.251960
2.252000
2.252040
2.252080
2.252120
2.252160
2.252200
2.252240
2.252280
2.252280
2.252320
2.252360
2.252400
2.252440
2.252480
2.252520
2.252520
2.252520
2.252560
2.252600
2.252640
2.252680
2.252680
2.252720
2.252760
2.252760
2.252800
2.252840
2.252880
2.252920
2.252920
2.252960
2.253000
2.253040
2.253080
2.253080
2.253120
2.253160
2.253200
2.253240
2.253240
2.253280
2.253320
2.253360
2.253400
2.253440
2.253480
2.253520
2.253560
2.253560
2.253600
2.253600
2.253600
2.253640
2.253680
2.253720
2.253720
2.253760
2.253800
2.253840
2.253880
2.253920
2.253960
2.254000
2.254000
2.254040
2.254040
2.254080
2.254120
2.254160
2.254160
2.254200
2.254240
2.254280
2.254320
2.254360
2.254400
2.254440
2.254440
2.254480
2.254480
2.254520
2.254520
2.254560
2.254600
2.254640
2.254680
2.254720
2.254720
2.254760
2.254800
2.254840
2.254880
2.254920
2.254960
2.255000
2.255040
2.255080
2.255120
2.255120
2.255160
2.255200
2.255240
2.255280
2.255280
2.255280
2.255320
2.255320
2.255360
2.255400
2.255440
2.255480
2.255480
2.255520
2.255560
2.255560
2.255560
2.255600
2.255640
2.255680
2.255720
2.255760
2.255800
2.255840
2.255880
2.255920
2.255960
2.256000
2.256040
2.256080
2.256080
2.256080
2.256120
2.256160
2.256200
2.256240
2.256240
2.256280
2.256320
2.256320
2.256360
2.256400
2.256440
2.256480
2.256520
2.256560
2.256600
2.256640
2.256680
2.256720
2.256760
2.256800
2.256840
2.256880
2.256920
2.256960
2.257000
2.257040
2.257080
2.257120
2.257120
2.257160
2.257160
2.257200
2.257200
2.257200
2.257240
2.257280
2.257320
2.257360
2.257400
2.257440
2.257480
2.257520
2.257560
2.257560
2.257600
2.257640
2.257680
2.257720
2.257720
2.257760
2.257800
2.257840
2.257880
2.257920
2.257960
2.258000
2.258040
2.258080
2.258120
2.258160
2.258200
2.258240
2.258280
2.258320
2.258360
2.258400
2.258440
2.258440
2.258480
2.258520
2.258560
2.258600
2.258640
2.258640
2.258680
2.258720
2.258760
2.258800
2.258840
2.258880
2.258920
2.258920
2.258960
2.259000
2.259040
2.259080
2.259120
2.259160
2.259200
2.259240
2.259280
2.259320
2.259360
2.259400
2.259440
2.259480
2.259520
2.259560
2.259600
2.259600
2.259640
2.259640
2.259680
2.259720
2.259720
2.259760
2.259800
2.259840
2.259840
2.259880
2.259920
2.259960
2.260000
2.260040
2.260080
2.260120
2.260160
2.260200
2.260240
2.260280
2.260280
2.260320
2.260360
2.260400
2.260400
2.260440
2.260480
2.260520
2.260520
2.260560
2.260560
2.260600
2.260640
2.260680
2.260720
2.260760
2.260800
2.260840
2.260880
2.260920
2.260960
2.261000
2.261040
2.261080
2.261120
2.261160
2.261160
2.261200
2.261240
2.261280
2.261320
2.261360
2.261360
2.261400
2.261440
2.261480
2.261520
2.261560
2.261560
2.261560
2.261600
2.261640
2.261680
2.261720
2.261760
2.261800
2.261840
2.261880
2.261920
2.261960
2.262000
2.262040
2.262080
2.262080
2.262080
2.262120
2.262120
2.262160
2.262200
2.262240
2.262280
2.262320
2.262360
2.262360
2.262400
2.262400
2.262440
2.262440
2.262480
2.262520
2.262560
2.262600
2.262640
2.262680
2.262720
2.262760
2.262800
2.262840
2.262880
2.262920
2.262960
2.262960
2.263000
2.263040
2.263040
2.263080
2.263080
2.263080
2.263120
2.263160
2.263200
2.263200
2.263240
2.263280
2.263320
2.263360
2.263400
2.263440
2.263480
2.263480
2.263520
2.263560
2.263600
2.263640
2.263680
2.263680
2.263720
2.263760
2.263760
2.263800
2.263840
2.263880
2.263880
2.263920
2.263920
2.263960
2.264000
2.264040
2.264080
2.264120
2.264160
2.264200
2.264200
2.264240
2.264280
2.264320
2.264320
2.264360
2.264400
2.264440
2.264480
2.264520
2.264560
2.264600
2.264640
2.264680
2.264720
2.264760
2.264800
2.264840
2.264840
2.264880
2.264920
2.264960
2.265000
2.265040
2.265080
2.265120
2.265160
2.265200
2.265240
2.265280
2.265320
2.265360
2.265400
2.265400
2.265400
2.265440
2.265480
2.265480
2.265520
2.265560
2.265600
2.265640
2.265640
2.265680
2.265720
2.265760
2.265760
2.265760
2.265800
2.265800
2.265800
2.265840
2.265880
2.265880
2.265880
2.265920
2.265960
2.266000
2.266040
2.266080
2.266120
2.266160
2.266200
2.266240
2.266280
2.266320
2.266360
2.266400
2.266440
2.266480
2.266520
2.266520
2.266520
2.266560
2.266560
2.266600
2.266640
2.266680
2.266680
2.266720
2.266720
2.266760
2.266800
2.266840
2.266880
2.266880
2.266920
2.266960
2.267000
2.267040
2.267040
2.267080
2.267120
2.267160
2.267160
2.267200
2.267240
2.267280
2.267320
2.267360
2.267400
2.267400
2.267440
2.267480
2.267520
2.267560
2.267600
2.267640
2.267680
2.267720
2.267760
2.267800
2.267840
2.267840
2.267880
2.267920
2.267960
2.268000
2.268040
2.268080
2.268120
2.268160
2.268200
2.268240
2.268280
2.268280
2.268320
2.268360
2.268360
2.268400
2.268440
2.268480
2.268520
2.268560
2.268600
2.268640
2.268640
2.268680
2.268680
2.268720
2.268760
2.268800
2.268840
2.268880
2.268880
2.268920
2.268960
2.269000
2.269000
2.269000
2.269040
2.269080
2.269080
2.269120
2.269160
2.269200
2.269240
2.269280
2.269320
2.269360
2.269360
2.269400
2.269440
2.269480
2.269480
2.269480
2.269480
2.269520
2.269560
2.269600
2.269640
2.269680
2.269720
2.269760
2.269800
2.269840
2.269880
2.269920
2.269960
2.270000
2.270000
2.270000
2.270000
2.270040
2.270080
2.270120
2.270120
2.270160
2.270160
2.270200
2.270200
2.270240
2.270280
2.270320
2.270320
2.270360
2.270360
2.270400
2.270440
2.270480
2.270520
2.270560
2.270560
2.270600
2.270640
2.270680
2.270720
2.270720
2.270760
2.270800
2.270800
2.270840
2.270840
2.270880
2.270880
2.270920
2.270920
2.270920
2.270960
2.271000
2.271040
2.271080
2.271120
2.271160
2.271200
2.271240
2.271280
2.271320
2.271360
2.271400
2.271440
2.271480
2.271520
2.271560
2.271600
2.271640
2.271680
2.271720
2.271760
2.271800
2.271840
2.271880
2.271920
2.271960
2.272000
2.272040
2.272080
2.272120
2.272120
2.272160
2.272200
2.272240
2.272280
2.272280
2.272320
2.272360
2.272400
2.272440
2.272440
2.272480
2.272520
2.272560
2.272600
2.272640
2.272640
2.272680
2.272720
2.272760
2.272800
2.272800
2.272840
2.272880
2.272920
2.272960
2.272960
2.272960
2.273000
2.273040
2.273080
2.273120
2.273160
2.273200
2.273240
2.273280
2.273320
2.273360
2.273360
2.273400
2.273440
2.273480
2.273520
2.273560
2.273600
2.273640
2.273680
2.273720
2.273760
2.273800
2.273800
2.273840
2.273880
2.273920
2.273920
2.273960
2.273960
2.274000
2.274040
2.274040
2.274040
2.274080
2.274120
2.274160
2.274160
2.274160
2.274160
2.274200
2.274240
2.274280
2.274320
2.274320
2.274360
2.274400
2.274440
2.274480
2.274520
2.274560
2.274600
2.274640
2.274680
2.274720
2.274720
2.274760
2.274800
2.274840
2.274880
2.274920
2.274960
2.275000
2.275040
2.275080
2.275120
2.275160
2.275200
2.275240
2.275280
2.275320
2.275360
2.275400
2.275400
2.275400
2.275440
2.275480
2.275520
2.275560
2.275600
2.275640
2.275680
2.275720
2.275760
2.275800
2.275840
2.275880
2.275920
2.275960
2.275960
2.276000
2.276040
2.276080
2.276120
2.276120
2.276160
2.276160
2.276160
2.276200
2.276240
2.276240
2.276240
2.276240
2.276280
2.276280
2.276320
2.276360
2.276360
2.276400
2.276440
2.276480
2.276520
2.276520
2.276520
2.276560
2.276600
2.276640
2.276680
2.276720
2.276720
2.276720
2.276760
2.276800
2.276800
2.276800
2.276840
2.276880
2.276880
2.276920
2.276960
2.277000
2.277040
2.277080
2.277120
2.277160
2.277200
2.277240
2.277280
2.277320
2.277320
2.277320
2.277360
2.277400
2.277400
2.277440
2.277440
2.277480
2.277520
2.277560
2.277600
2.277600
2.277640
2.277680
2.277720
2.277760
2.277800
2.277840
2.277880
2.277920
2.277920
2.277960
2.278000
2.278000
2.278040
2.278080
2.278120
2.278160
2.278200
2.278240
2.278280
2.278320
2.278360
2.278400
2.278400
2.278440
2.278480
2.278480
2.278480
2.278480
2.278520
2.278560
2.278600
2.278640
2.278640
2.278680
2.278720
2.278760
2.278800
2.278840
2.278880
2.278880
2.278920
2.278960
2.279000
2.279000
2.279040
2.279080
2.279120
2.279160
2.279160
2.279160
2.279200
2.279240
2.279280
2.279320
2.279320
2.279360
2.279400
2.279400
2.279440
2.279480
2.279520
2.279520
2.279560
2.279600
2.279600
2.279640
2.279680
2.279720
2.279760
2.279800
2.279840
2.279840
2.279880
2.279880
2.279920
2.279920
2.279960
2.280000
2.280000
2.280000
2.280040
2.280080
2.280120
2.280160
2.280200
2.280240
2.280280
2.280280
2.280320
2.280320
2.280360
2.280400
2.280440
2.280480
2.280520
2.280520
2.280560
2.280600
2.280640
2.280680
2.280720
2.280760
2.280800
2.280840
2.280880
2.280920
2.280960
2.281000
2.281040
2.281080
2.281120
2.281120
2.281160
2.281200
2.281240
2.281280
2.281280
2.281280
2.281280
2.281280
2.281320
2.281360
2.281360
2.281400
2.281440
2.281440
2.281440
2.281480
2.281520
2.281560
2.281560
2.281600
2.281640
2.281680
2.281720
2.281720
2.281720
2.281760
2.281800
2.281840
2.281880
2.281920
2.281960
2.281960
2.282000
2.282040
2.282080
2.282120
2.282160
2.282200
2.282240
2.282280
2.282320
2.282360
2.282400
2.282440
2.282480
2.282520
2.282560
2.282560
2.282600
2.282640
2.282680
2.282680
2.282720
2.282760
2.282760
2.282800
2.282840
2.282880
2.282920
2.282920
2.282960
2.282960
2.283000
2.283040
2.283080
2.283080
2.283120
2.283160
2.283200
2.283240
2.283280
2.283280
2.283320
2.283360
2.283400
2.283440
2.283480
2.283520
2.283560
2.283600
2.283640
2.283680
2.283720
2.283760
2.283800
2.283840
2.283840
2.283880
2.283920
2.283960
2.284000
2.284040
2.284080
2.284080
2.284120
2.284160
2.284200
2.284240
2.284280
2.284280
2.284320
2.284360
2.284400
2.284440
2.284440
2.284480
2.284520
2.284560
2.284600
2.284640
2.284680
2.284720
2.284720
2.284760
2.284760
2.284800
2.284800
2.284840
2.284880
2.284920
2.284960
2.285000
2.285040
2.285080
2.285120
2.285160
2.285200
2.285240
2.285240
2.285280
2.285320
2.285360
2.285400
2.285440
2.285480
2.285520
2.285560
2.285600
2.285640
2.285680
2.285720
2.285760
2.285760
2.285800
2.285800
2.285840
2.285880
2.285920
2.285960
2.286000
2.286040
2.286080
2.286120
2.286120
2.286160
2.286200
2.286240
2.286280
2.286320
2.286360
2.286360
2.286360
2.286400
2.286440
2.286440
2.286480
2.286520
2.286560
2.286600
2.286640
2.286680
2.286720
2.286760
2.286800
2.286800
2.286840
2.286880
2.286920
2.286960
2.286960
2.287000
2.287040
2.287080
2.287120
2.287120
2.287160
2.287200
2.287240
2.287240
2.287280
2.287320
2.287320
2.287320
2.287360
2.287360
2.287400
2.287440
2.287480
2.287520
2.287560
2.287600
2.287600
2.287640
2.287680
2.287680
2.287680
2.287680
2.287720
2.287760
2.287800
2.287840
2.287880
2.287920
2.287960
2.288000
2.288040
2.288080
2.288120
2.288120
2.288160
2.288200
2.288200
2.288240
2.288280
2.288320
2.288360
2.288360
2.288360
2.288400
2.288440
2.288480
2.288480
2.288480
2.288480
2.288520
2.288560
2.288560
2.288560
2.288600
2.288640
2.288680
2.288720
2.288760
2.288800
2.288800
2.288840
2.288840
2.288880
2.288920
2.288920
2.288960
2.289000
2.289000
2.289040
2.289080
2.289120
2.289160
2.289200
2.289240
2.289280
2.289320
2.289360
2.289400
2.289400
2.289440
2.289440
2.289480
2.289520
2.289560
2.289600
2.289640
2.289680
2.289720
2.289760
2.289800
2.289840
2.289880
2.289920
2.289960
2.290000
2.290000
2.290040
2.290040
2.290080
2.290120
2.290120
2.290160
2.290200
2.290240
2.290280
2.290320
2.290360
2.290400
2.290440
2.290440
2.290480
2.290520
2.290560
2.290600
2.290640
2.290640
2.290640
2.290640
2.290680
2.290680
2.290720
2.290720
2.290760
2.290800
2.290840
2.290880
2.290920
2.290920
2.290960
2.291000
2.291040
2.291040
2.291040
2.291080
2.291120
2.291120
2.291120
2.291160
2.291200
2.291240
2.291280
2.291320
2.291360
2.291400
2.291440
2.291480
2.291520
2.291560
2.291560
2.291600
2.291640
2.291640
2.291680
2.291720
2.291760
2.291800
2.291800
2.291840
2.291880
2.291920
2.291960
2.292000
2.292040
2.292040
2.292080
2.292120
2.292160
2.292200
2.292200
2.292240
2.292280
2.292320
2.292360
2.292400
2.292440
2.292480
2.292520
2.292520
2.292520
2.292520
2.292560
2.292600
2.292640
2.292640
2.292680
2.292720
2.292720
2.292720
2.292760
2.292800
2.292800
2.292840
2.292880
2.292920
2.292920
2.292960
2.293000
2.293040
2.293080
2.293120
2.293160
2.293200
2.293240
2.293280
2.293280
2.293320
2.293360
2.293400
2.293440
2.293480
2.293520
2.293560
2.293600
2.293640
2.293640
2.293680
2.293720
2.293760
2.293800
2.293840
2.293840
2.293880
2.293920
2.293960
2.293960
2.294000
2.294040
2.294080
2.294120
2.294160
2.294200
2.294240
2.294280
2.294320
2.294360
2.294400
2.294440
2.294440
2.294480
2.294520
2.294560
2.294600
2.294640
2.294680
2.294680
2.294720
2.294760
2.294800
2.294840
2.294880
2.294920
2.294960
2.295000
2.295000
2.295040
2.295040
2.295040
2.295040
2.295080
2.295120
2.295120
2.295160
2.295200
2.295240
2.295280
2.295320
2.295360
2.295400
2.295440
2.295440
2.295480
2.295480
2.295520
2.295560
2.295560
2.295600
2.295640
2.295680
2.295720
2.295760
2.295800
2.295800
2.295840
2.295840
2.295880
2.295920
2.295960
2.296000
2.296040
2.296080
2.296120
2.296120
2.296160
2.296200
2.296240
2.296280
2.296320
2.296360
2.296400
2.296440
2.296480
2.296480
2.296520
2.296560
2.296560
2.296600
2.296640
2.296680
2.296720
2.296760
2.296800
2.296840
2.296880
2.296920
2.296960
2.297000
2.297040
2.297080
2.297120
2.297160
2.297200
2.297240
2.297240
2.297280
2.297280
2.297320
2.297360
2.297400
2.297440
2.297480
2.297520
2.297560
2.297560
2.297560
2.297600
2.297640
2.297640
2.297680
2.297680
2.297680
2.297720
2.297760
2.297800
2.297840
2.297880
2.297920
2.297960
2.298000
2.298040
2.298080
2.298080
2.298120
2.298120
2.298160
2.298200
2.298240
2.298280
2.298320
2.298360
2.298400
2.298400
2.298440
2.298480
2.298520
2.298520
2.298560
2.298560
2.298600
2.298640
2.298680
2.298680
2.298680
2.298720
2.298720
2.298720
2.298760
2.298800
2.298800
2.298800
2.298840
2.298840
2.298880
2.298920
2.298960
2.299000
2.299040
2.299040
2.299040
2.299080
2.299080
2.299120
2.299120
2.299160
2.299200
2.299200
2.299240
2.299240
2.299240
2.299280
2.299320
2.299320
2.299360
2.299400
2.299440
2.299480
2.299520
2.299560
2.299600
2.299640
2.299640
2.299680
2.299720
2.299760
2.299760
2.299800
2.299800
2.299840
2.299880
2.299920
2.299960
2.299960
2.300000
2.300040
2.300040
2.300080
2.300120
2.300160
2.300200
2.300200
2.300240
2.300280
2.300280
2.300320
2.300360
2.300400
2.300440
2.300440
2.300480
2.300520
2.300520
2.300520
2.300520
2.300520
2.300560
2.300600
2.300600
2.300640
2.300640
2.300680
2.300720
2.300760
2.300760
2.300800
2.300800
2.300840
2.300840
2.300880
2.300920
2.300960
2.301000
2.301040
2.301080
2.301120
2.301160
2.301200
2.301240
2.301280
2.301320
2.301360
2.301400
2.301440
2.301440
2.301440
2.301440
2.301480
2.301520
2.301560
2.301600
2.301600
2.301640
2.301680
2.301720
2.301760
2.301800
2.301800
2.301840
2.301880
2.301920
2.301960
2.302000
2.302040
2.302080
2.302120
2.302160
2.302200
2.302240
2.302280
2.302320
2.302360
2.302400
2.302440
2.302440
2.302480
2.302520
2.302560
2.302560
2.302560
2.302600
2.302640
2.302640
2.302680
2.302720
2.302760
2.302800
2.302840
2.302880
2.302880
2.302920
2.302960
2.303000
2.303000
2.303040
2.303040
2.303040
2.303080
2.303120
2.303160
2.303200
2.303240
2.303280
2.303320
2.303360
2.303400
2.303400
2.303440
2.303480
2.303520
2.303520
2.303560
2.303600
2.303640
2.303680
2.303720
2.303760
2.303800
2.303840
2.303880
2.303920
2.303960
2.304000
2.304040
2.304080
2.304120
2.304160
2.304200
2.304240
2.304240
2.304240
2.304280
2.304320
2.304320
2.304360
2.304400
2.304400
2.304440
2.304480
2.304520
2.304560
2.304600
2.304640
2.304680
2.304720
2.304760
2.304800
2.304800
2.304840
2.304880
2.304880
2.304880
2.304880
2.304920
2.304960
2.305000
2.305000
2.305040
2.305080
2.305120
2.305160
2.305160
2.305200
2.305240
2.305280
2.305320
2.305360
2.305400
2.305440
2.305480
2.305520
2.305520
2.305560
2.305600
2.305640
2.305680
2.305720
2.305760
2.305800
2.305840
2.305880
2.305880
2.305920
2.305960
2.306000
2.306000
2.306040
2.306080
2.306120
2.306160
2.306200
2.306240
2.306240
2.306280
2.306320
2.306320
2.306360
2.306360
2.306400
2.306440
2.306440
2.306480
2.306520
2.306520
2.306560
2.306560
2.306560
2.306600
2.306640
2.306640
2.306680
2.306720
2.306760
2.306800
2.306840
2.306880
2.306880
2.306920
2.306920
2.306960
2.307000
2.307040
2.307080
2.307120
2.307160
2.307200
2.307200
2.307240
2.307280
2.307320
2.307360
2.307400
2.307400
2.307400
2.307440
2.307480
2.307520
2.307520
2.307560
2.307600
2.307640
2.307680
2.307720
2.307760
2.307800
2.307840
2.307880
2.307880
2.307920
2.307960
2.308000
2.308040
2.308080
2.308120
2.308160
2.308200
2.308240
2.308280
2.308280
2.308280
2.308280
2.308320
2.308320
2.308320
2.308360
2.308360
2.308360
2.308400
2.308440
2.308440
2.308480
2.308520
2.308560
2.308560
2.308560
2.308600
2.308640
2.308680
2.308720
2.308760
2.308800
2.308800
2.308800
2.308800
2.308800
2.308840
2.308840
2.308840
2.308880
2.308920
2.308960
2.309000
2.309040
2.309040
2.309080
2.309080
2.309120
2.309160
2.309200
2.309240
2.309280
2.309280
2.309320
2.309360
2.309400
2.309440
2.309480
2.309480
2.309520
2.309520
2.309560
2.309600
2.309640
2.309680
2.309680
2.309720
2.309720
2.309720
2.309760
2.309800
2.309840
2.309880
2.309920
2.309960
2.310000
2.310000
2.310040
2.310080
2.310080
2.310120
2.310160
2.310160
2.310160
2.310200
2.310240
2.310280
2.310320
2.310320
2.310320
2.310320
2.310360
2.310360
2.310360
2.310400
2.310440
2.310480
2.310520
2.310560
2.310600
2.310640
2.310680
2.310680
2.310720
2.310760
2.310800
2.310840
2.310880
2.310880
2.310880
2.310920
2.310960
2.311000
2.311040
2.311080
2.311120
2.311120
2.311120
2.311120
2.311160
2.311200
2.311240
2.311280
2.311320
2.311360
2.311400
2.311440
2.311440
2.311480
2.311520
2.311520
2.311560
2.311560
2.311560
2.311600
2.311600
2.311640
2.311680
2.311720
2.311760
2.311760
2.311760
2.311800
2.311840
2.311840
2.311880
2.311880
2.311880
2.311920
2.311960
2.311960
2.311960
2.312000
2.312040
2.312080
2.312080
2.312080
2.312120
2.312160
2.312200
2.312240
2.312280
2.312320
2.312320
2.312360
2.312400
2.312440
2.312480
2.312520
2.312560
2.312600
2.312600
2.312640
2.312640
2.312680
2.312720
2.312760
2.312800
2.312840
2.312880
2.312880
2.312920
2.312960
2.313000
2.313040
2.313080
2.313120
2.313160
2.313200
2.313240
2.313280
2.313320
2.313360
2.313400
2.313440
2.313480
2.313520
2.313560
2.313600
2.313640
2.313680
2.313720
2.313760
2.313800
2.313840
2.313880
2.313920
2.313960
2.314000
2.314040
2.314040
2.314080
2.314120
2.314160
2.314200
2.314240
2.314280
2.314320
2.314360
2.314400
2.314440
2.314480
2.314520
2.314520
2.314520
2.314560
2.314600
2.314600
2.314640
2.314680
2.314680
2.314720
2.314760
2.314800
2.314840
2.314880
2.314920
2.314960
2.314960
2.315000
2.315000
2.315040
2.315080
2.315120
2.315160
2.315200
2.315240
2.315280
2.315320
2.315360
2.315400
2.315440
2.315440
2.315480
2.315520
2.315560
2.315560
2.315600
2.315640
2.315680
2.315680
2.315720
2.315760
2.315800
2.315800
2.315840
2.315880
2.315920
2.315960
2.316000
2.316040
2.316080
2.316120
2.316120
2.316120
2.316160
2.316200
2.316240
2.316280
2.316320
2.316360
2.316400
2.316440
2.316440
2.316440
2.316480
2.316520
2.316560
2.316600
2.316640
2.316680
2.316720
2.316760
2.316760
2.316800
2.316800
2.316840
2.316880
2.316920
2.316960
2.317000
2.317040
2.317080
2.317120
2.317160
2.317200
2.317240
2.317240
2.317240
2.317280
2.317320
2.317360
2.317400
2.317440
2.317480
2.317520
2.317520
2.317560
2.317600
2.317600
2.317640
2.317680
2.317720
2.317760
2.317800
2.317800
2.317840
2.317880
2.317920
2.317960
2.318000
2.318040
2.318080
2.318080
2.318120
2.318120
2.318160
2.318200
2.318240
2.318280
2.318320
2.318360
2.318400
2.318440
2.318480
2.318520
2.318520
2.318560
2.318560
2.318600
2.318640
2.318680
2.318720
2.318720
2.318720
2.318760
2.318800
2.318840
2.318880
2.318920
2.318960
2.318960
2.318960
2.319000
2.319040
2.319080
2.319120
2.319120
2.319160
2.319200
2.319240
2.319280
2.319280
2.319280
2.319320
2.319360
2.319400
2.319400
2.319400
2.319400
2.319440
2.319480
2.319520
2.319520
2.319560
2.319560
2.319600
2.319600
2.319640
2.319640
2.319680
2.319680
2.319680
2.319680
2.319680
2.319720
2.319760
2.319800
2.319840
2.319880
2.319920
2.319960
2.320000
2.320040
2.320040
2.320080
2.320120
2.320160
2.320200
2.320240
2.320240
2.320240
2.320280
2.320280
2.320320
2.320360
2.320400
2.320440
2.320480
2.320520
2.320560
2.320600
2.320640
2.320680
2.320720
2.320760
2.320800
2.320840
2.320880
2.320920
2.320960
2.321000
2.321040
2.321040
2.321080
2.321080
2.321120
2.321160
2.321200
2.321200
2.321240
2.321280
2.321320
2.321360
2.321400
2.321440
2.321480
2.321480
2.321520
2.321560
2.321560
2.321560
2.321600
2.321640
2.321680
2.321720
2.321720
2.321760
2.321800
2.321840
2.321880
2.321920
2.321960
2.321960
2.321960
2.322000
2.322000
2.322040
2.322080
2.322120
2.322160
2.322160
2.322200
2.322240
2.322280
2.322320
2.322360
2.322400
2.322440
2.322440
2.322480
2.322520
2.322560
2.322600
2.322640
2.322680
2.322720
2.322760
2.322800
2.322840
2.322880
2.322920
2.322960
2.323000
2.323040
2.323080
2.323120
2.323160
2.323160
2.323200
2.323240
2.323240
2.323280
2.323280
2.323320
2.323360
2.323400
2.323440
2.323480
2.323520
2.323560
2.323600
2.323640
2.323680
2.323680
2.323720
2.323720
2.323720
2.323720
2.323760
2.323800
2.323840
2.323880
2.323920
2.323920
2.323960
2.324000
2.324000
2.324000
2.324000
2.324040
2.324080
2.324120
2.324160
2.324160
2.324200
2.324240
2.324280
2.324320
2.324360
2.324400
2.324440
2.324480
2.324520
2.324520
2.324560
2.324600
2.324640
2.324680
2.324720
2.324760
2.324800
2.324800
2.324840
2.324880
2.324920
2.324960
2.325000
2.325040
2.325080
2.325080
2.325120
2.325160
2.325160
2.325200
2.325240
2.325280
2.325320
2.325360
2.325360
2.325400
2.325440
2.325480
2.325520
2.325520
2.325520
2.325520
2.325560
2.325600
2.325640
2.325680
2.325720
2.325720
2.325760
2.325800
2.325840
2.325840
2.325880
2.325880
2.325880
2.325920
2.325960
2.326000
2.326040
2.326080
2.326120
2.326160
2.326160
2.326160
2.326160
2.326200
2.326240
2.326240
2.326280
2.326320
2.326320
2.326360
2.326400
2.326440
2.326480
2.326480
2.326520
2.326520
2.326520
2.326560
2.326600
2.326640
2.326680
2.326680
2.326720
2.326760
2.326760
2.326760
2.326800
2.326840
2.326880
2.326920
2.326920
2.326960
2.327000
2.327040
2.327080
2.327120
2.327160
2.327200
2.327240
2.327240
2.327240
2.327280
2.327320
2.327360
2.327360
2.327400
2.327440
2.327440
2.327480
2.327520
2.327560
2.327600
2.327640
2.327680
2.327720
2.327760
2.327800
2.327800
2.327840
2.327880
2.327880
2.327920
2.327960
2.328000
2.328040
2.328040
2.328080
2.328120
2.328120
2.328160
2.328160
2.328200
2.328200
2.328240
2.328240
2.328240
2.328240
2.328280
2.328320
2.328360
2.328400
2.328440
2.328480
2.328520
2.328560
2.328600
2.328640
2.328680
2.328720
2.328760
2.328800
2.328840
2.328880
2.328920
2.328960
2.329000
2.329040
2.329040
2.329040
2.329040
2.329080
2.329120
2.329160
2.329200
2.329240
2.329280
2.329320
2.329360
2.329400
2.329440
2.329480
2.329520
2.329560
2.329600
2.329640
2.329680
2.329680
2.329720
2.329760
2.329760
2.329760
2.329760
2.329800
2.329840
2.329880
2.329880
2.329920
2.329960
2.330000
2.330040
2.330040
2.330080
2.330120
2.330160
2.330200
2.330240
2.330280
2.330320
2.330360
2.330400
2.330440
2.330440
2.330480
2.330520
2.330520
2.330560
2.330560
2.330600
2.330600
2.330640
2.330680
2.330720
2.330760
2.330800
2.330800
2.330840
2.330840
2.330880
2.330880
2.330920
2.330920
2.330920
2.330960
2.331000
2.331040
2.331080
2.331120
2.331120
2.331160
2.331200
2.331240
2.331280
2.331320
2.331360
2.331400
2.331440
2.331480
2.331480
2.331520
2.331560
2.331600
2.331640
2.331680
2.331720
2.331760
2.331800
2.331840
2.331880
2.331920
2.331920
2.331960
2.332000
2.332040
2.332080
2.332120
2.332160
2.332200
2.332240
2.332240
2.332280
2.332320
2.332320
2.332360
2.332400
2.332440
2.332440
2.332440
2.332440
2.332480
2.332480
2.332520
2.332560
2.332600
2.332640
2.332680
2.332720
2.332720
2.332760
2.332760
2.332800
2.332800
2.332840
2.332880
2.332880
2.332920
2.332960
2.332960
2.333000
2.333040
2.333040
2.333080
2.333120
2.333160
2.333160
2.333200
2.333240
2.333280
2.333320
2.333360
2.333360
2.333360
2.333400
2.333440
2.333440
2.333480
2.333520
2.333560
2.333600
2.333640
2.333680
2.333720
2.333760
2.333800
2.333840
2.333880
2.333920
2.333920
2.333960
2.333960
2.334000
2.334040
2.334080
2.334080
2.334120
2.334160
2.334200
2.334240
2.334280
2.334280
2.334320
2.334360
2.334400
2.334440
2.334480
2.334480
2.334520
2.334560
2.334600
2.334640
2.334680
2.334720
2.334760
2.334800
2.334840
2.334840
2.334880
2.334920
2.334920
2.334960
2.335000
2.335040
2.335080
2.335120
2.335120
2.335120
2.335120
2.335160
2.335200
2.335240
2.335280
2.335320
2.335360
2.335400
2.335440
2.335480
2.335520
2.335560
2.335600
2.335600
2.335600
2.335640
2.335680
2.335720
2.335760
2.335800
2.335840
2.335880
2.335920
2.335960
2.336000
2.336000
2.336040
2.336080
2.336120
2.336160
2.336160
2.336200
2.336240
2.336280
2.336320
2.336360
2.336400
2.336400
2.336440
2.336480
2.336520
2.336560
2.336600
2.336640
2.336680
2.336720
2.336760
2.336800
2.336800
2.336800
2.336840
2.336880
2.336880
2.336920
2.336960
2.337000
2.337040
2.337080
2.337120
2.337120
2.337160
2.337200
2.337240
2.337240
2.337240
2.337240
2.337280
2.337320
2.337360
2.337400
2.337400
2.337400
2.337440
2.337480
2.337520
2.337560
2.337600
2.337600
2.337600
2.337640
2.337680
2.337720
2.337760
2.337800
2.337800
2.337840
2.337840
2.337880
2.337920
2.337960
2.338000
2.338040
2.338080
2.338080
2.338120
2.338160
2.338200
2.338240
2.338280
2.338320
2.338360
2.338360
2.338400
2.338440
2.338480
2.338520
2.338520
2.338560
2.338600
2.338640
2.338680
2.338720
2.338720
2.338760
2.338800
2.338840
2.338840
2.338840
2.338880
2.338920
2.338960
2.338960
2.339000
2.339040
2.339080
2.339120
2.339160
2.339160
2.339200
2.339200
2.339240
2.339280
2.339320
2.339360
2.339400
2.339440
2.339480
2.339480
2.339480
2.339520
2.339560
2.339600
2.339640
2.339680
2.339720
2.339760
2.339800
2.339800
2.339840
2.339880
2.339920
2.339960
2.340000
2.340040
2.340080
2.340120
2.340160
2.340200
2.340240
2.340280
2.340320
2.340360
2.340400
2.340400
2.340440
2.340480
2.340520
2.340560
2.340600
2.340640
2.340680
2.340720
2.340720
2.340760
2.340760
2.340800
2.340840
2.340880
2.340920
2.340960
2.341000
2.341000
2.341040
2.341080
2.341120
2.341160
2.341200
2.341240
2.341280
2.341280
2.341320
2.341360
2.341400
2.341440
2.341480
2.341520
2.341560
2.341600
2.341640
2.341680
2.341720
2.341760
2.341760
2.341800
2.341840
2.341880
2.341920
2.341960
2.342000
2.342000
2.342040
2.342040
2.342080
2.342080
2.342120
2.342160
2.342200
2.342200
2.342200
2.342240
2.342280
2.342320
2.342320
2.342360
2.342360
2.342400
2.342440
2.342480
2.342520
2.342560
2.342560
2.342600
2.342600
2.342640
2.342680
2.342680
2.342720
2.342720
2.342760
2.342760
2.342800
2.342840
2.342880
2.342920
2.342920
2.342960
2.343000
2.343040
2.343080
2.343120
2.343160
2.343160
2.343200
2.343240
2.343280
2.343320
2.343360
2.343400
2.343440
2.343480
2.343520
2.343560
2.343560
2.343560
2.343600
2.343640
2.343680
2.343720
2.343720
2.343760
2.343800
2.343840
2.343880
2.343920
2.343960
2.344000
2.344040
2.344040
2.344080
2.344120
2.344160
2.344160
2.344200
2.344240
2.344280
2.344320
2.344360
2.344400
2.344400
2.344440
2.344440
2.344440
2.344440
2.344480
2.344480
2.344520
2.344560
2.344600
2.344600
2.344640
2.344680
2.344720
2.344760
2.344800
2.344840
2.344880
2.344920
2.344960
2.345000
2.345000
2.345040
2.345080
2.345120
2.345160
2.345200
2.345240
2.345280
2.345320
2.345360
2.345400
2.345440
2.345480
2.345520
2.345560
2.345600
2.345640
2.345680
2.345720
2.345760
2.345760
2.345800
2.345840
2.345880
2.345920
2.345960
2.346000
2.346040
2.346040
2.346080
2.346120
2.346120
2.346160
2.346200
2.346240
2.346280
2.346320
2.346360
2.346360
2.346400
2.346440
2.346480
2.346480
2.346520
2.346560
2.346600
2.346640
2.346680
2.346720
2.346760
2.346800
2.346840
2.346880
2.346920
2.346920
2.346960
2.347000
2.347040
2.347080
2.347120
2.347160
2.347200
2.347240
2.347240
2.347280
2.347280
2.347320
2.347320
2.347360
2.347400
2.347440
2.347480
2.347520
2.347560
2.347600
2.347640
2.347680
2.347680
2.347720
2.347720
2.347760
2.347760
2.347800
2.347840
2.347880
2.347920
2.347960
2.348000
2.348040
2.348080
2.348120
2.348120
2.348160
2.348160
2.348200
2.348240
2.348280
2.348320
2.348360
2.348360
2.348360
2.348400
2.348400
2.348400
2.348440
2.348480
2.348520
2.348560
2.348600
2.348640
2.348680
2.348720
2.348760
2.348800
2.348840
2.348880
2.348920
2.348960
2.349000
2.349040
2.349080
2.349080
2.349080
2.349080
2.349120
2.349160
2.349160
2.349200
2.349200
2.349240
2.349240
2.349280
2.349280
2.349320
2.349360
2.349400
2.349440
2.349480
2.349520
2.349560
2.349600
2.349640
2.349680
2.349720
2.349720
2.349760
2.349800
2.349840
2.349880
2.349920
2.349960
2.350000
2.350000
2.350040
2.350080
2.350120
2.350160
2.350200
2.350240
2.350280
2.350280
2.350320
2.350360
2.350400
2.350400
2.350440
2.350480
2.350520
2.350560
2.350600
2.350600
2.350640
2.350680
2.350720
2.350760
2.350800
2.350800
2.350800
2.350840
2.350880
2.350920
2.350960
2.351000
2.351040
2.351080
2.351120
2.351160
2.351200
2.351240
2.351280
2.351320
2.351360
2.351400
2.351440
2.351480
2.351480
2.351520
2.351560
2.351600
2.351640
2.351680
2.351720
2.351720
2.351760
2.351800
2.351800
2.351800
2.351840
2.351880
2.351920
2.351960
2.352000
2.352040
2.352080
2.352120
2.352160
2.352200
2.352240
2.352240
2.352280
2.352320
2.352360
2.352360
2.352400
2.352440
2.352480
2.352480
2.352480
2.352480
2.352520
2.352560
2.352560
2.352560
2.352600
2.352600
2.352600
2.352640
2.352680
2.352680
2.352680
2.352720
2.352720
2.352760
2.352800
2.352840
2.352880
2.352880
2.352920
2.352920
2.352960
2.352960
2.353000
2.353040
2.353080
2.353120
2.353160
2.353200
2.353240
2.353240
2.353280
2.353320
2.353320
2.353360
2.353400
2.353440
2.353480
2.353520
2.353560
2.353600
2.353640
2.353680
2.353680
2.353680
2.353680
2.353720
2.353760
2.353760
2.353800
2.353840
2.353880
2.353880
2.353920
2.353960
2.354000
2.354040
2.354080
2.354120
2.354160
2.354200
2.354240
2.354240
2.354280
2.354320
2.354360
2.354400
2.354440
2.354480
2.354520
2.354560
2.354600
2.354640
2.354680
2.354720
2.354760
2.354760
2.354800
2.354840
2.354880
2.354920
2.354920
2.354960
2.355000
2.355000
2.355000
2.355040
2.355080
2.355120
2.355160
2.355200
2.355200
2.355240
2.355240
2.355280
2.355320
2.355360
2.355400
2.355440
2.355480
2.355520
2.355560
2.355600
2.355600
2.355600
2.355640
2.355640
2.355680
2.355720
2.355760
2.355800
2.355840
2.355880
2.355920
2.355920
2.355960
2.355960
2.356000
2.356040
2.356080
2.356080
2.356080
2.356120
2.356160
2.356160
2.356200
2.356240
2.356280
2.356320
2.356320
2.356360
2.356400
2.356400
2.356440
2.356440
2.356480
2.356520
2.356560
2.356600
2.356600
2.356640
2.356680
2.356680
2.356720
2.356760
2.356760
2.356800
2.356800
2.356840
2.356880
2.356920
2.356920
2.356960
2.357000
2.357040
2.357040
2.357080
2.357080
2.357120
2.357160
2.357160
2.357200
2.357240
2.357280
2.357320
2.357320
2.357320
2.357360
2.357400
2.357440
2.357480
2.357520
2.357560
2.357600
2.357640
2.357680
2.357720
2.357760
2.357800
2.357840
2.357880
2.357880
2.357880
2.357920
2.357960
2.357960
2.358000
2.358040
2.358080
2.358120
2.358160
2.358160
2.358200
2.358200
2.358240
2.358280
2.358320
2.358360
2.358400
2.358440
2.358480
2.358480
2.358520
2.358560
2.358600
2.358640
2.358680
2.358720
2.358720
2.358760
2.358760
2.358760
2.358800
2.358840
2.358880
2.358920
2.358960
2.359000
2.359040
2.359080
2.359120
2.359160
2.359200
2.359240
2.359280
2.359320
2.359360
2.359400
2.359440
2.359440
2.359480
2.359520
2.359560
2.359560
2.359600
2.359640
2.359640
2.359680
2.359680
2.359720
2.359760
2.359800
2.359840
2.359880
2.359880
2.359920
2.359960
2.360000
2.360040
2.360080
2.360120
2.360160
2.360200
2.360240
2.360280
2.360320
2.360360
2.360400
2.360440
2.360480
2.360480
2.360520
2.360560
2.360600
2.360600
2.360640
2.360640
2.360680
2.360680
2.360720
2.360760
2.360760
2.360800
2.360800
2.360840
2.360840
2.360840
2.360880
2.360920
2.360960
2.361000
2.361000
2.361040
2.361040
2.361080
2.361120
2.361120
2.361160
2.361200
2.361240
2.361280
2.361320
2.361360
2.361360
2.361400
2.361440
2.361480
2.361480
2.361480
2.361520
2.361560
2.361600
2.361640
2.361680
2.361720
2.361720
2.361760
2.361800
2.361840
2.361880
2.361880
2.361920
2.361960
2.362000
2.362040
2.362080
2.362120
2.362160
2.362200
2.362200
2.362240
2.362240
2.362280
2.362320
2.362360
2.362400
2.362440
2.362440
2.362480
2.362520
2.362560
2.362600
2.362640
2.362680
2.362720
2.362760
2.362800
2.362800
2.362840
2.362880
2.362920
2.362960
2.362960
2.363000
2.363040
2.363080
2.363080
2.363120
2.363160
2.363200
2.363240
2.363280
2.363320
2.363320
2.363360
2.363400
2.363400
2.363440
2.363480
2.363480
2.363520
2.363520
2.363520
2.363560
2.363600
2.363600
2.363640
2.363680
2.363720
2.363760
2.363800
2.363800
2.363840
2.363880
2.363920
2.363960
2.364000
2.364040
2.364080
2.364120
2.364160
2.364200
2.364240
2.364280
2.364320
2.364320
2.364360
2.364400
2.364400
2.364440
2.364440
2.364440
2.364480
2.364520
2.364560
2.364560
2.364600
2.364640
2.364680
2.364720
2.364760
2.364800
2.364800
2.364840
2.364880
2.364920
2.364920
2.364960
2.365000
2.365040
2.365080
2.365080
2.365080
2.365120
2.365120
2.365120
2.365160
2.365160
2.365200
2.365240
2.365240
2.365280
2.365320
2.365360
2.365400
2.365440
2.365480
2.365520
2.365560
2.365600
2.365640
2.365680
2.365720
2.365760
2.365800
2.365840
2.365880
2.365880
2.365880
2.365920
2.365960
2.366000
2.366040
2.366040
2.366080
2.366080
2.366120
2.366160
2.366200
2.366240
2.366280
2.366320
2.366320
2.366320
2.366360
2.366360
2.366400
2.366400
2.366400
2.366440
2.366480
2.366520
2.366520
2.366560
2.366560
2.366600
2.366640
2.366680
2.366720
2.366720
2.366760
2.366800
2.366840
2.366880
2.366920
2.366960
2.367000
2.367040
2.367080
2.367120
2.367120
2.367160
2.367200
2.367240
2.367240
2.367240
2.367280
2.367280
2.367320
2.367360
2.367360
2.367400
2.367400
2.367440
2.367440
2.367440
2.367480
2.367520
2.367520
2.367520
2.367560
2.367560
2.367600
2.367600
2.367640
2.367680
2.367680
2.367680
2.367720
2.367720
2.367720
2.367760
2.367800
2.367800
2.367800
2.367840
2.367880
2.367880
2.367920
2.367920
2.367960
2.368000
2.368040
2.368040
2.368040
2.368080
2.368120
2.368160
2.368200
2.368240
2.368240
2.368280
2.368320
2.368360
2.368400
2.368440
2.368480
2.368520
2.368560
2.368600
2.368640
2.368680
2.368720
2.368760
2.368800
2.368840
2.368840
2.368880
2.368920
2.368960
2.369000
2.369040
2.369080
2.369080
2.369120
2.369160
2.369200
2.369240
2.369280
2.369320
2.369360
2.369400
2.369440
2.369480
2.369520
2.369560
2.369600
2.369640
2.369680
2.369720
2.369760
2.369800
2.369840
2.369880
2.369920
2.369920
2.369960
2.370000
2.370040
2.370080
2.370120
2.370160
2.370200
2.370240
2.370280
2.370280
2.370320
2.370360
2.370400
2.370440
2.370480
2.370520
2.370560
2.370600
2.370640
2.370640
2.370680
2.370720
2.370760
2.370800
2.370840
2.370840
2.370880
2.370880
2.370920
2.370960
2.370960
2.371000
2.371000
2.371000
2.371000
2.371040
2.371080
2.371080
2.371080
2.371120
2.371160
2.371200
2.371240
2.371240
2.371240
2.371240
2.371280
2.371320
2.371360
2.371400
2.371440
2.371480
2.371480
2.371520
2.371520
2.371560
2.371600
2.371640
2.371680
2.371680
2.371720
2.371720
2.371760
2.371800
2.371840
2.371880
2.371920
2.371960
2.372000
2.372040
2.372080
2.372080
2.372120
2.372160
2.372200
2.372240
2.372280
2.372320
2.372360
2.372360
2.372400
2.372440
2.372440
2.372480
2.372520
2.372520
2.372520
2.372520
2.372560
2.372600
2.372640
2.372680
2.372720
2.372760
2.372800
2.372840
2.372880
2.372880
2.372920
2.372960
2.373000
2.373000
2.373040
2.373080
2.373120
2.373120
2.373160
2.373160
2.373200
2.373240
2.373280
2.373320
2.373320
2.373360
2.373400
2.373400
2.373440
2.373480
2.373520
2.373560
2.373600
2.373640
2.373680
2.373720
2.373720
2.373760
2.373800
2.373840
2.373840
2.373880
2.373920
2.373960
2.374000
2.374040
2.374080
2.374080
2.374120
2.374160
2.374200
2.374240
2.374240
2.374240
2.374240
2.374280
2.374320
2.374360
2.374400
2.374440
2.374480
2.374520
2.374560
2.374600
2.374640
2.374640
2.374680
2.374720
2.374760
2.374800
2.374840
2.374880
2.374920
2.374960
2.375000
2.375040
2.375080
2.375120
2.375160
2.375160
2.375200
2.375200
2.375240
2.375280
2.375320
2.375360
2.375360
2.375400
2.375440
2.375480
2.375480
2.375480
2.375520
2.375520
2.375560
2.375560
2.375560
2.375600
2.375640
2.375680
2.375720
2.375760
2.375760
2.375800
2.375840
2.375880
2.375920
2.375960
2.376000
2.376040
2.376080
2.376120
2.376160
2.376200
2.376240
2.376280
2.376320
2.376360
2.376400
2.376440
2.376480
2.376520
2.376560
2.376560
2.376600
2.376640
2.376680
2.376720
2.376760
2.376800
2.376840
2.376880
2.376920
2.376960
2.377000
2.377000
2.377040
2.377080
2.377120
2.377160
2.377200
2.377200
2.377240
2.377280
2.377320
2.377360
2.377400
2.377440
2.377480
2.377520
2.377560
2.377600
2.377640
2.377640
2.377640
2.377680
2.377720
2.377760
2.377800
2.377800
2.377800
2.377840
2.377880
2.377880
2.377920
2.377960
2.378000
2.378040
2.378040
2.378080
2.378120
2.378160
2.378200
2.378240
2.378280
2.378320
2.378360
2.378400
2.378440
2.378480
2.378520
2.378560
2.378600
2.378640
2.378680
2.378720
2.378760
2.378760
2.378800
2.378840
2.378880
2.378920
2.378960
2.379000
2.379040
2.379080
2.379120
2.379160
2.379160
2.379200
2.379240
2.379280
2.379320
2.379360
2.379400
2.379440
2.379480
2.379480
2.379520
2.379560
2.379600
2.379600
2.379640
2.379640
2.379680
2.379720
2.379760
2.379800
2.379840
2.379880
2.379920
2.379960
2.379960
2.380000
2.380040
2.380040
2.380040
2.380040
2.380080
2.380120
2.380160
2.380200
2.380200
2.380240
2.380240
2.380280
2.380320
2.380360
2.380360
2.380360
2.380400
2.380440
2.380480
2.380520
2.380560
2.380600
2.380640
2.380680
2.380720
2.380760
2.380800
2.380840
2.380880
2.380920
2.380960
2.381000
2.381040
2.381080
2.381120
2.381160
2.381200
2.381240
2.381240
2.381280
2.381320
2.381360
2.381400
2.381440
2.381480
2.381520
2.381560
2.381600
2.381640
2.381640
2.381680
2.381720
2.381720
2.381760
2.381800
2.381840
2.381880
2.381920
2.381920
2.381960
2.382000
2.382040
2.382040
2.382080
2.382120
2.382160
2.382200
2.382240
2.382280
2.382320
2.382360
2.382400
2.382400
2.382440
2.382440
2.382480
2.382480
2.382520
2.382560
2.382560
2.382600
2.382600
2.382640
2.382640
2.382680
2.382720
2.382760
2.382800
2.382840
2.382880
2.382880
2.382880
2.382880
2.382920
2.382960
2.382960
2.383000
2.383040
2.383080
2.383120
2.383160
2.383200
2.383240
2.383240
2.383240
2.383280
2.383320
2.383360
2.383400
2.383440
2.383480
2.383520
2.383560
2.383600
2.383640
2.383680
2.383720
2.383720
2.383720
2.383760
2.383760
2.383800
2.383840
2.383880
2.383880
2.383920
2.383920
2.383960
2.384000
2.384040
2.384080
2.384080
2.384080
2.384120
2.384120
2.384160
2.384200
2.384240
2.384280
2.384320
2.384360
2.384400
2.384440
2.384480
2.384520
2.384560
2.384600
2.384640
2.384680
2.384720
2.384720
2.384760
2.384800
2.384840
2.384880
2.384920
2.384920
2.384960
2.385000
2.385040
2.385040
2.385040
2.385080
2.385120
2.385120
2.385160
2.385200
2.385240
2.385280
2.385280
2.385320
2.385360
2.385400
2.385400
2.385440
2.385480
2.385520
2.385560
2.385600
2.385600
2.385640
2.385680
2.385720
2.385760
2.385800
2.385840
2.385880
2.385920
2.385920
2.385960
2.386000
2.386040
2.386080
2.386120
2.386120
2.386160
2.386200
2.386240
2.386280
2.386320
2.386360
2.386360
2.386400
2.386440
2.386440
2.386480
2.386480
2.386480
2.386520
2.386560
2.386600
2.386640
2.386680
2.386720
2.386760
2.386800
2.386800
2.386840
2.386880
2.386920
2.386920
2.386960
2.387000
2.387040
2.387080
2.387120
2.387120
2.387160
2.387200
2.387240
2.387280
2.387280
2.387280
2.387320
2.387360
2.387400
2.387440
2.387480
2.387480
2.387520
2.387560
2.387600
2.387640
2.387680
2.387720
2.387760
2.387800
2.387840
2.387840
2.387880
2.387920
2.387920
2.387920
2.387920
2.387960
2.388000
2.388000
2.388040
2.388080
2.388120
2.388160
2.388200
2.388240
2.388280
2.388320
2.388360
2.388400
2.388440
2.388440
2.388480
2.388520
2.388520
2.388560
2.388600
2.388600
2.388640
2.388680
2.388720
2.388760
2.388800
2.388800
2.388800
2.388840
2.388880
2.388920
2.388960
2.389000
2.389040
2.389080
2.389120
2.389160
2.389200
2.389240
2.389280
2.389320
2.389320
2.389360
2.389400
2.389400
2.389440
2.389480
2.389480
2.389480
2.389520
2.389560
2.389600
2.389640
2.389680
2.389720
2.389720
2.389720
2.389760
2.389800
2.389840
2.389880
2.389920
2.389960
2.389960
2.390000
2.390040
2.390080
2.390120
2.390160
2.390200
2.390200
2.390200
2.390240
2.390280
2.390320
2.390360
2.390400
2.390440
2.390480
2.390520
2.390560
2.390600
2.390640
2.390680
2.390680
2.390680
2.390720
2.390760
2.390760
2.390800
2.390840
2.390840
2.390880
2.390920
2.390960
2.391000
2.391040
2.391080
2.391120
2.391160
2.391160
2.391200
2.391240
2.391280
2.391320
2.391360
2.391400
2.391440
2.391480
2.391480
2.391520
2.391560
2.391600
2.391640
2.391680
2.391720
2.391760
2.391800
2.391840
2.391880
2.391920
2.391920
2.391960
2.392000
2.392000
2.392040
2.392040
2.392080
2.392080
2.392120
2.392120
2.392120
2.392160
2.392200
2.392240
2.392240
2.392240
2.392280
2.392320
2.392360
2.392400
2.392440
2.392480
2.392520
2.392560
2.392560
2.392600
2.392640
2.392680
2.392680
2.392720
2.392760
2.392800
2.392840
2.392880
2.392920
2.392920
2.392920
2.392960
2.393000
2.393040
2.393040
2.393080
2.393120
2.393160
2.393200
2.393240
2.393280
2.393320
2.393360
2.393400
2.393440
2.393480
2.393480
2.393520
2.393520
2.393560
2.393600
2.393640
2.393640
2.393640
2.393680
2.393680
2.393720
2.393760
2.393800
2.393840
2.393880
2.393920
2.393920
2.393960
2.393960
2.394000
2.394040
2.394080
2.394120
2.394160
2.394200
2.394240
2.394280
2.394320
2.394320
2.394360
2.394360
2.394360
2.394400
2.394440
2.394440
2.394480
2.394520
2.394560
2.394600
2.394640
2.394680
2.394720
2.394720
2.394760
2.394760
2.394760
2.394760
2.394800
2.394840
2.394840
2.394840
2.394840
2.394880
2.394920
2.394960
2.395000
2.395040
2.395080
2.395120
2.395160
2.395160
2.395160
2.395200
2.395240
2.395240
2.395240
2.395240
2.395280
2.395320
2.395360
2.395360
2.395360
2.395400
2.395440
2.395440
2.395440
2.395440
2.395480
2.395520
2.395560
2.395600
2.395640
2.395680
2.395680
2.395680
2.395680
2.395720
2.395760
2.395760
2.395800
2.395840
2.395880
2.395920
2.395960
2.396000
2.396040
2.396080
2.396120
2.396160
2.396200
2.396240
2.396280
2.396280
2.396320
2.396360
2.396400
2.396400
2.396440
2.396480
2.396520
2.396520
2.396560
2.396600
2.396640
2.396680
2.396720
2.396720
2.396760
2.396800
2.396840
2.396840
2.396880
2.396880
2.396920
2.396960
2.397000
2.397040
2.397080
2.397120
2.397160
2.397160
2.397200
2.397200
2.397240
2.397240
2.397240
2.397280
2.397320
2.397320
2.397360
2.397400
2.397440
2.397480
2.397520
2.397560
2.397600
2.397640
2.397680
2.397680
2.397720
2.397760
2.397800
2.397840
2.397840
2.397880
2.397920
2.397960
2.398000
2.398040
2.398080
2.398120
2.398160
2.398200
2.398200
2.398240
2.398240
2.398280
2.398320
2.398320
2.398360
2.398400
2.398440
2.398480
2.398520
2.398560
2.398600
2.398600
2.398600
2.398640
2.398680
2.398720
2.398720
2.398760
2.398800
2.398800
2.398840
2.398840
2.398880
2.398920
2.398960
2.399000
2.399000
2.399040
2.399040
2.399080
2.399120
2.399160
2.399160
2.399160
2.399160
2.399200
2.399240
2.399280
2.399320
2.399360
2.399400
2.399440
2.399480
2.399520
2.399560
2.399600
2.399600
2.399600
2.399600
2.399640
2.399640
2.399680
2.399680
2.399720
2.399760
2.399800
2.399840
2.399840
2.399880
2.399880
2.399880
2.399920
2.399960
2.400000
2.400000
2.400040
2.400080
2.400120
2.400160
2.400200
2.400200
2.400200
2.400240
2.400280
2.400320
2.400360
2.400400
2.400440
2.400480
2.400520
2.400560
2.400600
2.400640
2.400640
2.400680
2.400720
2.400760
2.400800
2.400800
2.400840
2.400880
2.400920
2.400920
2.400960
2.401000
2.401000
2.401040
2.401080
2.401120
2.401120
2.401160
2.401200
2.401240
2.401280
2.401320
2.401360
2.401400
2.401400
2.401440
2.401480
2.401480
2.401520
2.401560
2.401600
2.401640
2.401680
2.401720
2.401760
2.401800
2.401800
2.401840
2.401880
2.401920
2.401960
2.402000
2.402040
2.402080
2.402120
2.402120
2.402120
2.402120
2.402160
2.402200
2.402240
2.402280
2.402320
2.402360
2.402400
2.402440
2.402480
2.402520
2.402520
2.402560
2.402600
2.402600
2.402600
2.402640
2.402680
2.402720
2.402720
2.402760
2.402800
2.402840
2.402880
2.402920
2.402960
2.403000
2.403040
2.403080
2.403120
2.403160
2.403200
2.403240
2.403280
2.403320
2.403360
2.403400
2.403440
2.403480
2.403520
2.403560
2.403600
2.403600
2.403640
2.403680
2.403720
2.403720
2.403760
2.403800
2.403840
2.403840
2.403880
2.403920
2.403960
2.403960
2.404000
2.404040
2.404080
2.404080
2.404120
2.404160
2.404200
2.404240
2.404280
2.404320
2.404360
2.404360
2.404360
2.404400
2.404440
2.404480
2.404480
2.404480
2.404520
2.404560
2.404600
2.404600
2.404600
2.404600
2.404640
2.404680
2.404720
2.404720
2.404760
2.404800
2.404840
2.404880
2.404920
2.404960
2.405000
2.405040
2.405040
2.405080
2.405120
2.405160
2.405200
2.405240
2.405240
2.405280
2.405320
2.405360
2.405400
2.405400
2.405440
2.405480
2.405480
2.405520
2.405520
2.405560
2.405600
2.405640
2.405680
2.405720
2.405760
2.405800
2.405800
2.405840
2.405880
2.405920
2.405960
2.406000
2.406040
2.406040
2.406080
2.406120
2.406160
2.406200
2.406240
2.406240
2.406280
2.406280
2.406320
2.406320
2.406360
2.406400
2.406440
2.406480
2.406480
2.406520
2.406520
2.406560
2.406600
2.406640
2.406680
2.406720
2.406760
2.406800
2.406800
2.406840
2.406880
2.406880
2.406920
2.406920
2.406920
2.406960
2.407000
2.407040
2.407040
2.407040
2.407080
2.407120
2.407160
2.407160
2.407160
2.407200
2.407240
2.407280
2.407280
2.407320
2.407360
2.407400
2.407440
2.407480
2.407520
2.407560
2.407600
2.407600
2.407600
2.407640
2.407680
2.407720
2.407760
2.407800
2.407840
2.407880
2.407920
2.407960
2.408000
2.408040
2.408080
2.408120
2.408160
2.408200
2.408240
2.408240
2.408280
2.408280
2.408320
2.408360
2.408400
2.408440
2.408480
2.408520
2.408560
2.408600
2.408600
2.408600
2.408640
2.408680
2.408720
2.408720
2.408760
2.408800
2.408800
2.408840
2.408840
2.408880
2.408920
2.408960
2.409000
2.409040
2.409080
2.409120
2.409160
2.409200
2.409240
2.409280
2.409320
2.409360
2.409400
2.409400
2.409440
2.409440
2.409440
2.409480
2.409520
2.409520
2.409560
2.409600
2.409640
2.409640
2.409640
2.409680
2.409680
2.409720
2.409760
2.409800
2.409840
2.409840
2.409840
2.409880
2.409880
2.409920
2.409960
2.410000
2.410040
2.410080
2.410120
2.410160
2.410160
2.410200
2.410200
2.410240
2.410280
2.410320
2.410360
2.410400
2.410440
2.410480
2.410520
2.410560
2.410600
2.410640
2.410680
2.410720
2.410720
2.410720
2.410760
2.410800
2.410800
2.410840
2.410840
2.410840
2.410880
2.410880
2.410880
2.410920
2.410960
2.411000
2.411040
2.411080
2.411080
2.411120
2.411160
2.411200
2.411240
2.411280
2.411320
2.411360
2.411400
2.411440
2.411480
2.411520
2.411560
2.411600
2.411640
2.411680
2.411720
2.411760
2.411800
2.411800
2.411840
2.411880
2.411920
2.411960
2.411960
2.412000
2.412040
2.412040
2.412080
2.412120
2.412120
2.412120
2.412160
2.412200
2.412200
2.412200
2.412240
2.412280
2.412280
2.412320
2.412360
2.412400
2.412400
2.412440
2.412480
2.412520
2.412560
2.412560
2.412600
2.412640
2.412680
2.412720
2.412760
2.412760
2.412800
2.412800
2.412840
2.412840
2.412840
2.412880
2.412920
2.412960
2.413000
2.413040
2.413040
2.413080
2.413120
2.413160
2.413160
2.413200
2.413200
2.413240
2.413280
2.413320
2.413360
2.413360
2.413400
2.413440
2.413480
2.413520
2.413560
2.413600
2.413640
2.413640
2.413680
2.413720
2.413720
2.413720
2.413760
2.413760
2.413800
2.413800
2.413840
2.413880
2.413880
2.413880
2.413880
2.413920
2.413960
2.414000
2.414040
2.414080
2.414120
2.414160
2.414200
2.414240
2.414240
2.414280
2.414320
2.414320
2.414360
2.414400
2.414400
2.414440
2.414480
2.414480
2.414520
2.414560
2.414600
2.414600
2.414600
2.414640
2.414680
2.414720
2.414760
2.414800
2.414840
2.414880
2.414920
2.414960
2.415000
2.415040
2.415080
2.415120
2.415160
2.415160
2.415200
2.415240
2.415240
2.415280
2.415320
2.415360
2.415400
2.415400
2.415440
2.415440
2.415480
2.415520
2.415560
2.415600
2.415640
2.415680
2.415720
2.415760
2.415800
2.415840
2.415840
2.415880
2.415880
2.415880
2.415880
2.415920
2.415960
2.416000
2.416040
2.416080
2.416080
2.416120
2.416160
2.416200
2.416240
2.416280
2.416320
2.416360
2.416400
2.416440
2.416480
2.416480
2.416520
2.416560
2.416600
2.416640
2.416680
2.416680
2.416720
2.416760
2.416760
2.416800
2.416840
2.416880
2.416920
2.416960
2.416960
2.417000
2.417000
2.417040
2.417080
2.417080
2.417120
2.417120
2.417160
2.417200
2.417240
2.417280
2.417280
2.417320
2.417360
2.417400
2.417440
2.417440
2.417480
2.417520
2.417560
2.417600
2.417640
2.417680
2.417680
2.417680
2.417680
2.417720
2.417760
2.417800
2.417800
2.417800
2.417840
2.417880
2.417880
2.417920
2.417960
2.417960
2.418000
2.418040
2.418080
2.418080
2.418120
2.418160
2.418200
2.418240
2.418280
2.418320
2.418360
2.418400
2.418400
2.418440
2.418480
2.418520
2.418560
2.418600
2.418640
2.418680
2.418720
2.418760
2.418800
2.418840
2.418880
2.418920
2.418960
2.419000
2.419040
2.419080
2.419120
2.419160
2.419200
2.419240
2.419280
2.419320
2.419360
2.419400
2.419440
2.419440
2.419480
2.419480
2.419520
2.419560
2.419600
2.419640
2.419680
2.419680
2.419720
2.419760
2.419800
2.419840
2.419880
2.419880
2.419920
2.419960
2.420000
2.420040
2.420080
2.420120
2.420160
2.420200
2.420240
2.420280
2.420320
2.420360
2.420360
2.420400
2.420440
2.420480
2.420520
2.420560
2.420600
2.420640
2.420680
2.420720
2.420760
2.420800
2.420840
2.420840
2.420880
2.420920
2.420960
2.421000
2.421000
2.421000
2.421040
2.421080
2.421120
2.421120
2.421160
2.421200
2.421240
2.421280
2.421320
2.421360
2.421400
2.421440
2.421480
2.421520
2.421560
2.421600
2.421640
2.421680
2.421720
2.421760
2.421800
2.421800
2.421840
2.421880
2.421920
2.421920
2.421960
2.422000
2.422000
2.422040
2.422080
2.422120
2.422160
2.422200
2.422200
2.422240
2.422280
2.422320
2.422360
2.422400
2.422440
2.422480
2.422480
2.422520
2.422560
2.422600
2.422600
2.422640
2.422680
2.422720
2.422760
2.422800
2.422800
2.422840
2.422880
2.422880
2.422920
2.422960
2.423000
2.423040
2.423080
2.423120
2.423160
2.423200
2.423240
2.423280
2.423280
2.423320
2.423320
2.423360
2.423360
2.423360
2.423400
2.423440
2.423480
2.423480
2.423520
2.423560
2.423560
2.423560
2.423560
2.423600
2.423640
2.423680
2.423720
2.423760
2.423800
2.423840
2.423880
2.423920
2.423920
2.423960
2.423960
2.423960
2.424000
2.424040
2.424040
2.424080
2.424120
2.424160
2.424200
2.424240
2.424280
2.424320
2.424360
2.424400
2.424440
2.424440
2.424480
2.424520
2.424560
2.424600
2.424640
2.424680
2.424720
2.424760
2.424800
2.424840
2.424880
2.424920
2.424960
2.425000
2.425040
2.425080
2.425120
2.425160
2.425160
2.425160
2.425200
2.425240
2.425240
2.425280
2.425280
2.425320
2.425320
2.425360
2.425400
2.425440
2.425480
2.425520
2.425560
2.425600
2.425640
2.425680
2.425720
2.425760
2.425760
2.425800
2.425840
2.425880
2.425920
2.425960
2.426000
2.426000
2.426000
2.426040
2.426080
2.426120
2.426160
2.426200
2.426240
2.426280
2.426320
2.426360
2.426400
2.426440
2.426480
2.426520
2.426560
2.426600
2.426600
2.426640
2.426680
2.426720
2.426760
2.426800
2.426840
2.426840
2.426880
2.426920
2.426960
2.427000
2.427040
2.427040
2.427040
2.427080
2.427080
2.427080
2.427120
2.427160
2.427200
2.427240
2.427280
2.427320
2.427360
2.427360
2.427400
2.427440
2.427480
2.427520
2.427520
2.427560
2.427600
2.427600
2.427640
2.427680
2.427720
2.427720
2.427720
2.427760
2.427800
2.427840
2.427840
2.427880
2.427920
2.427960
2.428000
2.428000
2.428000
2.428000
2.428040
2.428080
2.428120
2.428120
2.428160
2.428200
2.428240
2.428280
2.428320
2.428360
2.428400
2.428440
2.428480
2.428520
2.428560
2.428600
2.428640
2.428680
2.428720
2.428760
2.428760
2.428800
2.428840
2.428880
2.428880
2.428920
2.428960
2.429000
2.429040
2.429080
2.429080
2.429120
2.429160
2.429200
2.429200
2.429240
2.429280
2.429320
2.429360
2.429400
2.429440
2.429480
2.429520
2.429560
2.429560
2.429600
2.429600
2.429640
2.429680
2.429720
2.429760
2.429800
2.429840
2.429880
2.429920
2.429960
2.430000
2.430000
2.430000
2.430040
2.430080
2.430120
2.430120
2.430160
2.430200
2.430240
2.430280
2.430320
2.430360
2.430400
2.430440
2.430480
2.430520
2.430560
2.430600
2.430640
2.430680
2.430680
2.430720
2.430760
2.430800
2.430840
2.430880
2.430880
2.430920
2.430960
2.431000
2.431040
2.431080
2.431120
2.431160
2.431200
2.431240
2.431280
2.431320
2.431320
2.431360
2.431400
2.431440
2.431480
2.431520
2.431560
2.431600
2.431600
2.431640
2.431680
2.431720
2.431760
2.431800
2.431800
2.431800
2.431840
2.431880
2.431920
2.431960
2.432000
2.432040
2.432080
2.432120
2.432160
2.432200
2.432200
2.432240
2.432240
2.432280
2.432320
2.432360
2.432400
2.432440
2.432480
2.432480
2.432520
2.432560
2.432600
2.432640
2.432680
2.432720
2.432760
2.432800
2.432840
2.432880
2.432920
2.432960
2.433000
2.433040
2.433040
2.433080
2.433080
2.433080
2.433080
2.433120
2.433160
2.433160
2.433200
2.433200
2.433240
2.433240
2.433280
2.433320
2.433360
2.433360
2.433400
2.433440
2.433480
2.433520
2.433560
2.433560
2.433600
2.433640
2.433680
2.433720
2.433760
2.433800
2.433840
2.433840
2.433880
2.433920
2.433960
2.434000
2.434000
2.434040
2.434080
2.434120
2.434120
2.434160
2.434200
2.434240
2.434240
2.434280
2.434320
2.434360
2.434360
2.434360
2.434400
2.434440
2.434480
2.434520
2.434560
2.434560
2.434600
2.434640
2.434680
2.434720
2.434760
2.434800
2.434840
2.434840
2.434880
2.434920
2.434960
2.434960
2.434960
2.434960
2.435000
2.435000
2.435040
2.435040
2.435080
2.435120
2.435160
2.435200
2.435240
2.435280
2.435280
2.435320
2.435360
2.435400
2.435440
2.435480
2.435480
2.435520
2.435560
2.435600
2.435600
2.435640
2.435640
2.435680
2.435680
2.435720
2.435720
2.435720
2.435760
2.435800
2.435840
2.435880
2.435880
2.435920
2.435920
2.435920
2.435960
2.435960
2.436000
2.436040
2.436080
2.436120
2.436160
2.436160
2.436160
2.436200
2.436200
2.436200
2.436240
2.436280
2.436320
2.436320
2.436360
2.436360
2.436400
2.436440
2.436480
2.436520
2.436560
2.436600
2.436600
2.436640
2.436680
2.436720
2.436760
2.436800
2.436800
2.436840
2.436840
2.436880
2.436920
2.436920
2.436960
2.436960
2.437000
2.437000
2.437040
2.437080
2.437080
2.437120
2.437160
2.437200
2.437240
2.437240
2.437280
2.437280
2.437320
2.437360
2.437400
2.437440
2.437480
2.437520
2.437560
2.437600
2.437640
2.437680
2.437680
2.437720
2.437760
2.437800
2.437800
2.437840
2.437880
2.437920
2.437960
2.438000
2.438040
2.438080
2.438120
2.438160
2.438200
2.438200
2.438240
2.438280
2.438320
2.438360
2.438400
2.438440
2.438480
2.438520
2.438520
2.438560
2.438600
2.438640
2.438680
2.438720
2.438720
2.438760
2.438760
2.438760
2.438760
2.438800
2.438840
2.438880
2.438920
2.438960
2.439000
2.439040
2.439080
2.439120
2.439160
2.439200
2.439240
2.439280
2.439320
2.439360
2.439400
2.439400
2.439440
2.439480
2.439520
2.439560
2.439600
2.439600
2.439640
2.439680
2.439720
2.439760
2.439760
2.439800
2.439840
2.439880
2.439880
2.439880
2.439920
2.439960
2.440000
2.440000
2.440040
2.440080
2.440120
2.440160
2.440200
2.440240
2.440280
2.440320
2.440320
2.440320
2.440360
2.440400
2.440440
2.440480
2.440520
2.440560
2.440600
2.440600
2.440600
2.440640
2.440640
2.440680
2.440720
2.440720
2.440760
2.440800
2.440840
2.440880
2.440880
2.440920
2.440960
2.441000
2.441040
2.441080
2.441120
2.441160
2.441200
2.441240
2.441280
2.441320
2.441360
2.441400
2.441440
2.441480
2.441520
2.441560
2.441560
2.441600
2.441640
2.441640
2.441640
2.441640
2.441680
2.441720
2.441760
2.441800
2.441840
2.441880
2.441920
2.441960
2.442000
2.442040
2.442080
2.442120
2.442160
2.442200
2.442240
2.442280
2.442320
2.442320
2.442320
2.442360
2.442400
2.442440
2.442480
2.442520
2.442560
2.442600
2.442600
2.442640
2.442680
2.442720
2.442760
2.442760
2.442760
2.442800
2.442840
2.442880
2.442920
2.442920
2.442920
2.442960
2.443000
2.443040
2.443080
2.443120
2.443160
2.443160
2.443200
2.443240
2.443280
2.443280
2.443320
2.443360
2.443360
2.443360
2.443400
2.443440
2.443480
2.443520
2.443520
2.443520
2.443560
2.443560
2.443600
2.443640
2.443640
2.443680
2.443720
2.443760
2.443800
2.443800
2.443840
2.443840
2.443880
2.443920
2.443960
2.443960
2.444000
2.444040
2.444080
2.444120
2.444160
2.444200
2.444240
2.444280
2.444320
2.444360
2.444400
2.444440
2.444480
2.444480
2.444520
2.444520
2.444560
2.444600
2.444640
2.444680
2.444720
2.444760
2.444800
2.444840
2.444840
2.444880
2.444880
2.444920
2.444960
2.445000
2.445040
2.445080
2.445120
2.445160
2.445200
2.445240
2.445280
2.445320
2.445320
2.445360
2.445360
2.445400
2.445440
2.445480
2.445520
2.445520
2.445560
2.445600
2.445640
2.445680
2.445720
2.445760
2.445760
2.445800
2.445840
2.445880
2.445920
2.445920
2.445920
2.445960
2.446000
2.446000
2.446000
2.446040
2.446080
2.446120
2.446120
2.446120
2.446160
2.446200
2.446240
2.446280
2.446280
2.446280
2.446280
2.446320
2.446360
2.446360
2.446400
2.446400
2.446440
2.446480
2.446520
2.446520
2.446560
2.446600
2.446640
2.446680
2.446720
2.446760
2.446800
2.446840
2.446880
2.446920
2.446960
2.446960
2.446960
2.447000
2.447000
2.447040
2.447080
2.447120
2.447160
2.447160
2.447200
2.447240
2.447280
2.447320
2.447360
2.447400
2.447440
2.447480
2.447520
2.447560
2.447560
2.447600
2.447600
2.447600
2.447640
2.447680
2.447680
2.447720
2.447760
2.447760
2.447800
2.447840
2.447880
2.447920
2.447960
2.447960
2.448000
2.448040
2.448080
2.448120
2.448120
2.448120
2.448160
2.448200
2.448240
2.448240
2.448280
2.448320
2.448360
2.448360
2.448400
2.448440
2.448480
2.448480
2.448520
2.448560
2.448600
2.448600
2.448640
2.448640
2.448680
2.448720
2.448760
2.448800
2.448840
2.448880
2.448920
2.448960
2.449000
2.449040
2.449080
2.449120
2.449160
2.449200
2.449240
2.449280
2.449280
2.449320
2.449360
2.449400
2.449440
2.449440
2.449480
2.449520
2.449560
2.449600
2.449640
2.449680
2.449720
2.449720
2.449760
2.449800
2.449840
2.449880
2.449920
2.449960
2.450000
2.450000
2.450040
2.450080
2.450080
2.450120
2.450160
2.450200
2.450240
2.450280
2.450320
2.450320
2.450320
2.450360
2.450400
2.450400
2.450440
2.450480
2.450520
2.450520
2.450560
2.450560
2.450600
2.450600
2.450640
2.450680
2.450720
2.450760
2.450800
2.450840
2.450880
2.450920
2.450920
2.450960
2.451000
2.451000
2.451040
2.451080
2.451120
2.451160
2.451200
2.451240
2.451280
2.451320
2.451360
2.451360
2.451400
2.451440
2.451480
2.451520
2.451560
2.451600
2.451640
2.451680
2.451720
2.451720
2.451760
2.451800
2.451840
2.451880
2.451920
2.451960
2.452000
2.452040
2.452080
2.452120
2.452160
2.452200
2.452240
2.452280
2.452320
2.452360
2.452360
2.452400
2.452440
2.452480
2.452520
2.452560
2.452600
2.452640
2.452680
2.452680
2.452720
2.452720
2.452760
2.452760
2.452800
2.452840
2.452840
2.452880
2.452920
2.452960
2.453000
2.453040
2.453080
2.453120
2.453120
2.453160
2.453200
2.453240
2.453280
2.453320
2.453360
2.453400
2.453400
2.453440
2.453480
2.453520
2.453560
2.453600
2.453600
2.453600
2.453640
2.453640
2.453680
2.453720
2.453720
2.453760
2.453800
2.453840
2.453840
2.453840
2.453880
2.453920
2.453960
2.453960
2.454000
2.454000
2.454000
2.454040
2.454080
2.454120
2.454160
2.454200
2.454240
2.454240
2.454240
2.454240
2.454280
2.454280
2.454320
2.454360
2.454400
2.454440
2.454480
2.454520
2.454560
2.454560
2.454600
2.454640
2.454680
2.454680
2.454720
2.454760
2.454800
2.454840
2.454880
2.454920
2.454960
2.455000
2.455000
2.455040
2.455080
2.455120
2.455120
2.455160
2.455200
2.455240
2.455280
2.455320
2.455360
2.455400
2.455440
2.455480
2.455520
2.455560
2.455600
2.455640
2.455680
2.455720
2.455760
2.455760
2.455800
2.455800
2.455840
2.455880
2.455920
2.455920
2.455960
2.455960
2.456000
2.456000
2.456040
2.456080
2.456120
2.456160
2.456200
2.456240
2.456240
2.456240
2.456280
2.456320
2.456360
2.456400
2.456440
2.456480
2.456480
2.456520
2.456520
2.456560
2.456600
2.456640
2.456680
2.456720
2.456720
2.456720
2.456760
2.456800
2.456840
2.456880
2.456920
2.456960
2.457000
2.457000
2.457040
2.457080
2.457120
2.457160
2.457200
2.457240
2.457280
2.457320
2.457360
2.457400
2.457440
2.457480
2.457520
2.457560
2.457600
2.457640
2.457680
2.457720
2.457760
2.457800
2.457840
2.457880
2.457920
2.457960
2.458000
2.458000
2.458040
2.458080
2.458080
2.458120
2.458160
2.458200
2.458240
2.458280
2.458320
2.458360
2.458400
2.458440
2.458480
2.458480
2.458520
2.458560
2.458600
2.458640
2.458640
2.458680
2.458720
2.458760
2.458760
2.458800
2.458840
2.458880
2.458920
2.458960
2.459000
2.459040
2.459040
2.459080
2.459120
2.459160
2.459160
2.459200
2.459200
2.459240
2.459240
2.459280
2.459320
2.459360
2.459400
2.459440
2.459480
2.459520
2.459560
2.459560
2.459600
2.459640
2.459680
2.459720
2.459760
2.459800
2.459840
2.459840
2.459880
2.459920
2.459960
2.460000
2.460040
2.460080
2.460120
2.460160
2.460200
2.460240
2.460240
2.460240
2.460280
2.460320
2.460320
2.460360
2.460400
2.460400
2.460440
2.460480
2.460520
2.460560
2.460600
2.460640
2.460640
2.460640
2.460680
2.460720
2.460720
2.460760
2.460800
2.460840
2.460880
2.460920
2.460960
2.461000
2.461040
2.461080
2.461080
2.461120
2.461160
2.461200
2.461240
2.461280
2.461320
2.461360
2.461400
2.461400
2.461400
2.461440
2.461480
2.461520
2.461560
2.461600
2.461640
2.461680
2.461680
2.461720
2.461760
2.461800
2.461840
2.461880
2.461920
2.461960
2.462000
2.462040
2.462080
2.462120
2.462160
2.462200
2.462200
2.462240
2.462280
2.462320
2.462360
2.462400
2.462440
2.462480
2.462520
2.462560
2.462600
2.462600
2.462640
2.462680
2.462720
2.462760
2.462800
2.462840
2.462880
2.462880
2.462880
2.462880
2.462920
2.462960
2.462960
2.462960
2.463000
2.463040
2.463080
2.463120
2.463160
2.463160
2.463200
2.463240
2.463280
2.463320
2.463360
2.463400
2.463440
2.463480
2.463480
2.463520
2.463520
2.463560
2.463600
2.463600
2.463600
2.463640
2.463680
2.463720
2.463760
2.463760
2.463760
2.463800
2.463840
2.463880
2.463920
2.463960
2.464000
2.464000
2.464040
2.464080
2.464120
2.464160
2.464200
2.464240
2.464280
2.464280
2.464280
2.464320
2.464320
2.464320
2.464360
2.464400
2.464440
2.464440
2.464480
2.464520
2.464560
2.464600
2.464640
2.464680
2.464720
2.464720
2.464760
2.464800
2.464840
2.464880
2.464920
2.464960
2.465000
2.465040
2.465080
2.465120
2.465160
2.465200
2.465240
2.465280
2.465280
2.465320
2.465360
2.465400
2.465440
2.465480
2.465480
2.465520
2.465560
2.465600
2.465640
2.465680
2.465720
2.465760
2.465800
2.465800
2.465840
2.465880
2.465920
2.465960
2.466000
2.466040
2.466080
2.466120
2.466120
2.466160
2.466200
2.466200
2.466240
2.466280
2.466320
2.466360
2.466400
2.466440
2.466480
2.466520
2.466520
2.466560
2.466600
2.466640
2.466680
2.466720
2.466760
2.466800
2.466840
2.466840
2.466880
2.466920
2.466960
2.467000
2.467040
2.467080
2.467120
2.467160
2.467200
2.467240
2.467280
2.467320
2.467320
2.467360
2.467400
2.467440
2.467480
2.467480
2.467520
2.467520
2.467520
2.467560
2.467600
2.467600
2.467600
2.467640
2.467640
2.467680
2.467720
2.467760
2.467800
2.467840
2.467880
2.467920
2.467960
2.468000
2.468040
2.468040
2.468040
2.468040
2.468080
2.468120
2.468160
2.468200
2.468240
2.468240
2.468280
2.468320
2.468360
2.468360
2.468360
2.468400
2.468440
2.468480
2.468480
2.468520
2.468560
2.468560
2.468600
2.468640
2.468680
2.468720
2.468760
2.468800
2.468840
2.468840
2.468840
2.468880
2.468880
2.468880
2.468920
2.468960
2.469000
2.469040
2.469080
2.469120
2.469160
2.469200
2.469200
2.469240
2.469280
2.469280
2.469320
2.469360
2.469400
2.469400
2.469440
2.469480
2.469520
2.469560
2.469600
2.469640
2.469680
2.469720
2.469760
2.469800
2.469840
2.469880
2.469920
2.469960
2.470000
2.470040
2.470040
2.470080
2.470120
2.470160
2.470200
2.470240
2.470280
2.470320
2.470360
2.470400
2.470440
2.470480
2.470520
2.470520
2.470560
2.470600
2.470640
2.470680
2.470720
2.470760
2.470800
2.470800
2.470840
2.470880
2.470920
2.470960
2.471000
2.471040
2.471040
2.471040
2.471040
2.471080
2.471120
2.471160
2.471200
2.471200
2.471240
2.471280
2.471280
2.471320
2.471320
2.471360
2.471400
2.471400
2.471400
2.471440
2.471480
2.471520
2.471560
2.471600
2.471600
2.471640
2.471680
2.471720
2.471760
2.471760
2.471800
2.471800
2.471840
2.471880
2.471920
2.471960
2.472000
2.472040
2.472080
2.472120
2.472160
2.472200
2.472240
2.472280
2.472320
2.472360
2.472400
2.472400
2.472440
2.472480
2.472480
2.472520
2.472560
2.472600
2.472600
2.472640
2.472680
2.472720
2.472760
2.472800
2.472840
2.472880
2.472920
2.472960
2.473000
2.473040
2.473080
2.473080
2.473120
2.473120
2.473160
2.473200
2.473240
2.473280
2.473280
2.473280
2.473320
2.473360
2.473360
2.473400
2.473440
2.473480
2.473480
2.473520
2.473560
2.473600
2.473640
2.473680
2.473720
2.473760
2.473800
2.473840
2.473880
2.473920
2.473920
2.473960
2.473960
2.474000
2.474000
2.474040
2.474080
2.474120
2.474160
2.474200
2.474240
2.474280
2.474320
2.474360
2.474400
2.474440
2.474480
2.474520
2.474560
2.474600
2.474600
2.474640
2.474680
2.474720
2.474760
2.474760
2.474760
2.474760
2.474800
2.474800
2.474840
2.474880
2.474880
2.474920
2.474960
2.475000
2.475040
2.475080
2.475080
2.475120
2.475160
2.475200
2.475240
2.475280
2.475320
2.475320
2.475360
2.475400
2.475400
2.475440
2.475480
2.475520
2.475560
2.475600
2.475600
2.475600
2.475600
2.475640
2.475680
2.475720
2.475760
2.475800
2.475840
2.475880
2.475880
2.475920
2.475960
2.476000
2.476040
2.476080
2.476120
2.476120
2.476160
2.476200
2.476240
2.476280
2.476320
2.476360
2.476400
2.476440
2.476480
2.476520
2.476560
2.476600
2.476600
2.476640
2.476680
2.476720
2.476760
2.476760
2.476800
2.476840
2.476880
2.476920
2.476920
2.476960
2.476960
2.477000
2.477000
2.477040
2.477040
2.477080
2.477120
2.477160
2.477200
2.477240
2.477280
2.477280
2.477320
2.477360
2.477400
2.477440
2.477480
2.477520
2.477560
2.477600
2.477640
2.477680
2.477720
2.477760
2.477800
2.477840
2.477840
2.477880
2.477920
2.477920
2.477920
2.477960
2.478000
2.478040
2.478080
2.478120
2.478160
2.478160
2.478200
2.478240
2.478280
2.478320
2.478360
2.478400
2.478400
2.478440
2.478480
2.478520
2.478560
2.478600
2.478600
2.478640
2.478640
2.478640
2.478680
2.478720
2.478760
2.478800
2.478840
2.478880
2.478920
2.478960
2.479000
2.479000
2.479000
2.479040
2.479040
2.479080
2.479120
2.479120
2.479160
2.479160
2.479200
2.479240
2.479280
2.479320
2.479320
2.479320
2.479320
2.479360
2.479360
2.479400
2.479400
2.479440
2.479480
2.479520
2.479520
2.479560
2.479600
2.479600
2.479640
2.479640
2.479680
2.479720
2.479720
2.479760
2.479760
2.479800
2.479840
2.479880
2.479880
2.479920
2.479960
2.480000
2.480040
2.480040
2.480080
2.480120
2.480160
2.480200
2.480240
2.480280
2.480280
2.480320
2.480360
2.480400
2.480440
2.480440
2.480480
2.480520
2.480560
2.480600
2.480600
2.480600
2.480600
2.480600
2.480600
2.480640
2.480640
2.480680
2.480720
2.480720
2.480760
2.480800
2.480840
2.480880
2.480920
2.480960
2.481000
2.481040
2.481040
2.481080
2.481120
2.481160
2.481200
2.481240
2.481280
2.481320
2.481320
2.481360
2.481400
2.481440
2.481480
2.481520
2.481560
2.481600
2.481640
2.481680
2.481720
2.481760
2.481800
2.481840
2.481880
2.481880
2.481920
2.481920
2.481920
2.481960
2.482000
2.482040
2.482080
2.482120
2.482160
2.482160
2.482160
2.482200
2.482240
2.482240
2.482280
2.482320
2.482320
2.482360
2.482400
2.482440
2.482480
2.482480
2.482480
2.482520
2.482560
2.482560
2.482560
2.482560
2.482560
2.482560
2.482600
2.482640
2.482680
2.482720
2.482760
2.482800
2.482840
2.482880
2.482920
2.482960
2.483000
2.483040
2.483080
2.483120
2.483160
2.483160
2.483200
2.483240
2.483280
2.483320
2.483360
2.483400
2.483440
2.483440
2.483480
2.483480
2.483520
2.483560
2.483560
2.483600
2.483640
2.483680
2.483720
2.483760
2.483760
2.483800
2.483800
2.483840
2.483880
2.483920
2.483960
2.484000
2.484040
2.484040
2.484080
2.484120
2.484160
2.484200
2.484240
2.484280
2.484320
2.484360
2.484400
2.484440
2.484480
2.484520
2.484560
2.484560
2.484600
2.484640
2.484680
2.484720
2.484720
2.484760
2.484800
2.484800
2.484840
2.484880
2.484920
2.484960
2.485000
2.485040
2.485040
2.485080
2.485120
2.485160
2.485200
2.485240
2.485280
2.485280
2.485280
2.485320
2.485320
2.485320
2.485360
2.485400
2.485440
2.485480
2.485520
2.485560
2.485600
2.485640
2.485680
2.485680
2.485680
2.485680
2.485720
2.485760
2.485800
2.485840
2.485880
2.485880
2.485920
2.485920
2.485960
2.485960
2.486000
2.486040
2.486080
2.486120
2.486160
2.486200
2.486200
2.486200
2.486240
2.486280
2.486320
2.486360
2.486400
2.486400
2.486440
2.486480
2.486480
2.486520
2.486560
2.486600
2.486640
2.486680
2.486720
2.486760
2.486800
2.486840
2.486840
2.486840
2.486880
2.486920
2.486960
2.487000
2.487040
2.487080
2.487120
2.487160
2.487200
2.487200
2.487240
2.487280
2.487320
2.487360
2.487400
2.487440
2.487480
2.487520
2.487560
2.487600
2.487640
2.487680
2.487720
2.487720
2.487720
2.487760
2.487800
2.487840
2.487880
2.487880
2.487920
2.487920
2.487960
2.488000
2.488040
2.488080
2.488120
2.488160
2.488200
2.488240
2.488240
2.488240
2.488280
2.488320
2.488360
2.488400
2.488440
2.488480
2.488520
2.488520
2.488520
2.488560
2.488600
2.488600
2.488600
2.488640
2.488680
2.488680
2.488720
2.488760
2.488800
2.488840
2.488840
2.488880
2.488920
2.488960
2.489000
2.489040
2.489040
2.489080
2.489120
2.489120
2.489160
2.489200
2.489200
2.489200
2.489200
2.489240
2.489280
2.489320
2.489320
2.489360
2.489400
2.489440
2.489480
2.489520
2.489560
2.489560
2.489560
2.489560
2.489600
2.489640
2.489680
2.489720
2.489760
2.489760
2.489800
2.489840
2.489880
2.489920
2.489920
2.489960
2.490000
2.490040
2.490080
2.490120
2.490120
2.490120
2.490160
2.490160
2.490200
2.490240
2.490240
2.490280
2.490320
2.490360
2.490360
2.490360
2.490400
2.490440
2.490480
2.490520
2.490560
2.490560
2.490600
2.490640
2.490680
2.490720
2.490760
2.490800
2.490800
2.490840
2.490880
2.490920
2.490960
2.491000
2.491040
2.491080
2.491120
2.491160
2.491200
2.491200
2.491240
2.491240
2.491280
2.491320
2.491360
2.491400
2.491440
2.491480
2.491520
2.491560
2.491560
2.491600
2.491640
2.491640
2.491680
2.491680
2.491720
2.491760
2.491800
2.491840
2.491880
2.491920
2.491960
2.492000
2.492000
2.492000
2.492040
2.492080
2.492080
2.492120
2.492160
2.492200
2.492240
2.492240
2.492280
2.492320
2.492360
2.492400
2.492440
2.492480
2.492520
2.492520
2.492520
2.492520
2.492560
2.492600
2.492600
2.492640
2.492680
2.492680
2.492720
2.492720
2.492760
2.492800
2.492840
2.492840
2.492880
2.492920
2.492960
2.492960
2.493000
2.493040
2.493080
2.493120
2.493160
2.493200
2.493240
2.493280
2.493280
2.493320
2.493360
2.493400
2.493400
2.493400
2.493440
2.493480
2.493480
2.493520
2.493560
2.493600
2.493640
2.493640
2.493680
2.493720
2.493720
2.493760
2.493800
2.493840
2.493880
2.493920
2.493960
2.494000
2.494040
2.494080
2.494120
2.494160
2.494200
2.494240
2.494280
2.494320
2.494360
2.494400
2.494400
2.494440
2.494480
2.494480
2.494520
2.494560
2.494600
2.494640
2.494680
2.494680
2.494720
2.494760
2.494800
2.494800
2.494800
2.494840
2.494880
2.494880
2.494920
2.494920
2.494960
2.495000
2.495040
2.495080
2.495120
2.495160
2.495200
2.495240
2.495280
2.495320
2.495360
2.495360
2.495400
2.495400
2.495440
2.495480
2.495520
2.495560
2.495600
2.495640
2.495680
2.495720
2.495720
2.495760
2.495800
2.495800
2.495840
2.495880
2.495920
2.495960
2.495960
2.496000
2.496040
2.496040
2.496080
2.496080
2.496120
2.496120
2.496160
2.496200
2.496240
2.496240
2.496280
2.496320
2.496360
2.496400
2.496440
2.496440
2.496480
2.496520
2.496560
2.496600
2.496640
2.496680
2.496720
2.496720
2.496760
2.496800
2.496840
2.496880
2.496920
2.496920
2.496960
2.496960
2.497000
2.497000
2.497040
2.497080
2.497080
2.497120
2.497160
2.497200
2.497200
2.497240
2.497280
2.497320
2.497360
2.497400
2.497440
2.497480
2.497520
2.497560
2.497600
2.497640
2.497640
2.497680
2.497720
2.497720
2.497760
2.497800
2.497840
2.497840
2.497880
2.497920
2.497960
2.498000
2.498040
2.498040
2.498080
2.498120
2.498160
2.498200
2.498240
2.498280
2.498320
2.498360
2.498400
2.498440
2.498480
2.498480
2.498480
2.498520
2.498560
2.498560
2.498600
2.498640
2.498640
2.498680
2.498720
2.498760
2.498800
2.498800
2.498800
2.498840
2.498880
2.498920
2.498960
2.499000
2.499040
2.499080
2.499120
2.499160
2.499200
2.499200
2.499240
2.499240
2.499280
2.499280
2.499320
2.499360
2.499400
2.499440
2.499480
2.499520
2.499560
2.499600
2.499640
2.499680
2.499720
2.499720
2.499720
2.499720
2.499760
2.499800
2.499840
2.499880
2.499880
2.499880
2.499920
2.499960
2.500000
2.500040
2.500040
2.500080
2.500120
2.500160
2.500200
2.500240
2.500280
2.500320
2.500360
2.500400
2.500440
2.500480
2.500520
2.500560
2.500600
2.500600
2.500600
2.500640
2.500680
2.500720
2.500760
2.500760
2.500800
2.500840
2.500880
2.500920
2.500960
2.501000
2.501040
2.501080
2.501120
2.501160
2.501200
2.501200
2.501240
2.501280
2.501320
2.501320
2.501360
2.501400
2.501440
2.501480
2.501520
2.501520
2.501560
2.501600
2.501640
2.501640
2.501640
2.501680
2.501720
2.501760
2.501760
2.501800
2.501800
2.501840
2.501880
2.501920
2.501920
2.501960
2.502000
2.502040
2.502080
2.502120
2.502120
2.502120
2.502160
2.502160
2.502200
2.502240
2.502280
2.502320
2.502320
2.502320
2.502320
2.502360
2.502400
2.502400
2.502440
2.502440
2.502480
2.502520
2.502560
2.502600
2.502640
2.502640
2.502680
2.502680
2.502720
2.502760
2.502800
2.502840
2.502880
2.502920
2.502960
2.503000
2.503000
2.503040
2.503040
2.503080
2.503080
2.503080
2.503120
2.503160
2.503200
2.503240
2.503280
2.503320
2.503360
2.503400
2.503440
2.503440
2.503480
2.503480
2.503520
2.503560
2.503560
2.503600
2.503600
2.503640
2.503680
2.503720
2.503760
2.503760
2.503800
2.503840
2.503880
2.503920
2.503960
2.504000
2.504040
2.504080
2.504120
2.504120
2.504160
2.504200
2.504240
2.504280
2.504320
2.504360
2.504400
2.504440
2.504480
2.504520
2.504520
2.504560
2.504600
2.504640
2.504680
2.504720
2.504760
2.504800
2.504840
2.504840
2.504880
2.504920
2.504960
2.505000
2.505000
2.505040
2.505080
2.505080
2.505120
2.505160
2.505200
2.505240
2.505240
2.505280
2.505320
2.505360
2.505400
2.505440
2.505440
2.505480
2.505520
2.505560
2.505600
2.505640
2.505680
2.505680
2.505720
2.505760
2.505800
2.505840
2.505880
2.505880
2.505880
2.505920
2.505920
2.505960
2.506000
2.506000
2.506040
2.506040
2.506080
2.506120
2.506120
2.506160
2.506200
2.506240
2.506240
2.506240
2.506280
2.506320
2.506360
2.506360
2.506400
2.506440
2.506480
2.506520
2.506520
2.506560
2.506600
2.506640
2.506640
2.506680
2.506720
2.506760
2.506800
2.506840
2.506880
2.506880
2.506920
2.506920
2.506920
2.506960
2.507000
2.507000
2.507000
2.507040
2.507040
2.507080
2.507080
2.507080
2.507120
2.507160
2.507200
2.507200
2.507240
2.507280
2.507320
2.507360
2.507400
2.507400
2.507440
2.507480
2.507520
2.507560
2.507600
2.507640
2.507680
2.507680
2.507720
2.507760
2.507760
2.507800
2.507800
2.507840
2.507880
2.507920
2.507920
2.507960
2.508000
2.508040
2.508080
2.508080
2.508120
2.508160
2.508200
2.508240
2.508280
2.508320
2.508360
2.508400
2.508440
2.508480
2.508480
2.508520
2.508560
2.508560
2.508600
2.508640
2.508640
2.508680
2.508720
2.508760
2.508800
2.508840
2.508880
2.508880
2.508920
2.508960
2.509000
2.509000
2.509040
2.509040
2.509040
2.509080
2.509120
2.509160
2.509200
2.509200
2.509240
2.509280
2.509320
2.509360
2.509360
2.509400
2.509400
2.509400
2.509440
2.509480
2.509480
2.509520
2.509560
2.509600
2.509600
2.509640
2.509640
2.509680
2.509680
2.509680
2.509680
2.509720
2.509760
2.509800
2.509840
2.509880
2.509920
2.509960
2.510000
2.510040
2.510080
2.510120
2.510160
2.510160
2.510200
2.510240
2.510280
2.510320
2.510360
2.510360
2.510400
2.510440
2.510440
2.510480
2.510520
2.510560
2.510600
2.510640
2.510680
2.510720
2.510720
2.510720
2.510760
2.510800
2.510840
2.510840
2.510840
2.510880
2.510880
2.510880
2.510920
2.510920
2.510960
2.510960
2.511000
2.511040
2.511080
2.511120
2.511160
2.511200
2.511240
2.511280
2.511320
2.511360
2.511400
2.511440
2.511480
2.511480
2.511520
2.511560
2.511560
2.511600
2.511600
2.511640
2.511640
2.511640
2.511680
2.511720
2.511720
2.511760
2.511800
2.511840
2.511840
2.511840
2.511880
2.511920
2.511960
2.511960
2.512000
2.512040
2.512080
2.512080
2.512080
2.512120
2.512160
2.512200
2.512240
2.512280
2.512320
2.512320
2.512360
2.512400
2.512400
2.512440
2.512480
2.512520
2.512560
2.512560
2.512600
2.512640
2.512680
2.512720
2.512760
2.512760
2.512800
2.512800
2.512840
2.512880
2.512920
2.512960
2.513000
2.513000
2.513000
2.513040
2.513080
2.513120
2.513160
2.513200
2.513200
2.513240
2.513240
2.513280
2.513320
2.513320
2.513360
2.513360
2.513400
2.513440
2.513480
2.513480
2.513520
2.513560
2.513600
2.513600
2.513600
2.513640
2.513680
2.513720
2.513760
2.513760
2.513760
2.513800
2.513840
2.513880
2.513920
2.513960
2.514000
2.514040
2.514080
2.514120
2.514120
2.514160
2.514160
2.514200
2.514240
2.514280
2.514320
2.514320
2.514360
2.514400
2.514440
2.514480
2.514520
2.514520
2.514560
2.514600
2.514600
2.514640
2.514680
2.514720
2.514720
2.514760
2.514800
2.514800
2.514840
2.514880
2.514920
2.514960
2.514960
2.515000
2.515040
2.515040
2.515080
2.515120
2.515160
2.515200
2.515240
2.515280
2.515320
2.515320
2.515360
2.515400
2.515440
2.515480
2.515520
2.515560
2.515600
2.515640
2.515680
2.515720
2.515760
2.515800
2.515840
2.515840
2.515840
2.515880
2.515920
2.515960
2.516000
2.516040
2.516040
2.516040
2.516040
2.516080
2.516120
2.516160
2.516200
2.516240
2.516280
2.516280
2.516320
2.516360
2.516400
2.516440
2.516480
2.516480
2.516520
2.516560
2.516600
2.516640
2.516680
2.516680
2.516720
2.516760
2.516800
2.516840
2.516880
2.516920
2.516960
2.516960
2.517000
2.517040
2.517080
2.517120
2.517120
2.517160
2.517200
2.517240
2.517280
2.517320
2.517360
2.517400
2.517440
2.517480
2.517520
2.517560
2.517600
2.517640
2.517640
2.517680
2.517720
2.517720
2.517720
2.517760
2.517800
2.517840
2.517840
2.517880
2.517920
2.517960
2.518000
2.518040
2.518040
2.518080
2.518080
2.518120
2.518160
2.518200
2.518240
2.518280
2.518320
2.518360
2.518400
2.518440
2.518480
2.518520
2.518560
2.518600
2.518640
2.518640
2.518680
2.518720
2.518760
2.518800
2.518800
2.518840
2.518880
2.518920
2.518960
2.519000
2.519040
2.519080
2.519080
2.519080
2.519120
2.519160
2.519200
2.519240
2.519240
2.519280
2.519320
2.519360
2.519400
2.519440
2.519440
2.519480
2.519520
2.519560
2.519560
2.519600
2.519640
2.519680
2.519720
2.519760
2.519760
2.519800
2.519840
2.519880
2.519920
2.519960
2.520000
2.520040
2.520080
2.520080
2.520080
2.520080
2.520080
2.520120
2.520120
2.520160
2.520160
2.520200
2.520240
2.520280
2.520280
2.520320
2.520360
2.520360
2.520400
2.520400
2.520440
2.520480
2.520520
2.520520
2.520560
2.520600
2.520640
2.520640
2.520640
2.520640
2.520680
2.520720
2.520760
2.520800
2.520840
2.520840
2.520880
2.520880
2.520920
2.520920
2.520920
2.520960
2.521000
2.521040
2.521080
2.521120
2.521160
2.521160
2.521200
2.521240
2.521280
2.521320
2.521360
2.521400
2.521440
2.521480
2.521480
2.521520
2.521520
2.521560
2.521600
2.521600
2.521640
2.521680
2.521720
2.521760
2.521800
2.521840
2.521880
2.521920
2.521960
2.522000
2.522040
2.522080
2.522120
2.522160
2.522200
2.522200
2.522240
2.522280
2.522320
2.522320
2.522360
2.522400
2.522440
2.522480
2.522520
2.522520
2.522560
2.522600
2.522640
2.522640
2.522680
2.522720
2.522720
2.522760
2.522800
2.522840
2.522880
2.522920
2.522920
2.522960
2.522960
2.523000
2.523000
2.523040
2.523080
2.523120
2.523160
2.523160
2.523200
2.523240
2.523280
2.523280
2.523320
2.523320
2.523320
2.523360
2.523360
2.523360
2.523400
2.523400
2.523440
2.523480
2.523520
2.523560
2.523600
2.523640
2.523680
2.523720
2.523720
2.523760
2.523760
2.523800
2.523800
2.523800
2.523800
2.523840
2.523880
2.523880
2.523920
2.523960
2.524000
2.524040
2.524080
2.524120
2.524160
2.524200
2.524240
2.524280
2.524280
2.524320
2.524360
2.524360
2.524400
2.524440
2.524480
2.524520
2.524560
2.524560
2.524600
2.524640
2.524680
2.524720
2.524760
2.524760
2.524800
2.524840
2.524880
2.524920
2.524920
2.524960
2.525000
2.525040
2.525080
2.525080
2.525080
2.525120
2.525160
2.525200
2.525240
2.525240
2.525280
2.525320
2.525320
2.525360
2.525400
2.525440
2.525480
2.525520
2.525560
2.525600
2.525640
2.525640
2.525640
2.525680
2.525720
2.525760
2.525800
2.525840
2.525880
2.525880
2.525920
2.525960
2.526000
2.526000
2.526040
2.526080
2.526120
2.526160
2.526200
2.526240
2.526280
2.526320
2.526360
2.526400
2.526440
2.526480
2.526520
2.526560
2.526600
2.526640
2.526680
2.526720
2.526760
2.526800
2.526840
2.526840
2.526840
2.526840
2.526880
2.526920
2.526960
2.527000
2.527040
2.527080
2.527120
2.527160
2.527200
2.527200
2.527200
2.527200
2.527240
2.527280
2.527280
2.527280
2.527320
2.527360
2.527400
2.527440
2.527480
2.527480
2.527480
2.527520
2.527560
2.527600
2.527600
2.527640
2.527680
2.527720
2.527760
2.527800
2.527800
2.527840
2.527880
2.527920
2.527960
2.528000
2.528040
2.528080
2.528120
2.528160
2.528200
2.528240
2.528240
2.528280
2.528320
2.528360
2.528400
2.528440
2.528440
2.528480
2.528520
2.528560
2.528600
2.528640
2.528680
2.528680
2.528720
2.528720
2.528760
2.528760
2.528800
2.528840
2.528840
2.528880
2.528920
2.528960
2.529000
2.529040
2.529080
2.529120
2.529160
2.529160
2.529200
2.529240
2.529240
2.529280
2.529280
2.529320
2.529360
2.529400
2.529440
2.529480
2.529520
2.529560
2.529560
2.529600
2.529640
2.529680
2.529720
2.529760
2.529760
2.529800
2.529840
2.529880
2.529920
2.529920
2.529960
2.530000
2.530040
2.530080
2.530120
2.530120
2.530160
2.530200
2.530240
2.530280
2.530320
2.530360
2.530400
2.530400
2.530440
2.530480
2.530520
2.530560
2.530600
2.530640
2.530680
2.530720
2.530760
2.530800
2.530840
2.530880
2.530920
2.530960
2.530960
2.531000
2.531040
2.531040
2.531080
2.531120
2.531160
2.531200
2.531240
2.531280
2.531320
2.531320
2.531360
2.531400
2.531440
2.531480
2.531520
2.531560
2.531600
2.531640
2.531640
2.531680
2.531680
2.531720
2.531720
2.531760
2.531760
2.531800
2.531800
2.531800
2.531840
2.531880
2.531880
2.531920
2.531920
2.531960
2.532000
2.532040
2.532080
2.532120
2.532160
2.532200
2.532240
2.532280
2.532320
2.532360
2.532360
2.532400
2.532400
2.532440
2.532480
2.532520
2.532560
2.532600
2.532640
2.532640
2.532680
2.532720
2.532760
2.532800
2.532840
2.532880
2.532880
2.532920
2.532920
2.532960
2.533000
2.533040
2.533080
2.533080
2.533120
2.533160
2.533160
2.533160
2.533200
2.533240
2.533280
2.533280
2.533320
2.533360
2.533400
2.533440
2.533480
2.533520
2.533560
2.533600
2.533600
2.533640
2.533680
2.533720
2.533760
2.533800
2.533840
2.533880
2.533880
2.533880
2.533920
2.533960
2.534000
2.534040
2.534080
2.534120
2.534160
2.534200
2.534240
2.534240
2.534240
2.534280
2.534320
2.534360
2.534400
2.534440
2.534480
2.534520
2.534520
2.534520
2.534560
2.534560
2.534600
2.534600
2.534640
2.534680
2.534680
2.534720
2.534760
2.534800
2.534840
2.534880
2.534920
2.534960
2.534960
2.535000
2.535000
2.535040
2.535080
2.535080
2.535120
2.535160
2.535160
2.535200
2.535240
2.535280
2.535320
2.535360
2.535360
2.535400
2.535440
2.535480
2.535520
2.535560
2.535600
2.535640
2.535680
2.535720
2.535720
2.535760
2.535800
2.535800
2.535840
2.535840
2.535880
2.535920
2.535960
2.535960
2.536000
2.536040
2.536080
2.536120
2.536160
2.536200
2.536240
2.536280
2.536320
2.536360
2.536400
2.536440
2.536480
2.536480
2.536520
2.536520
2.536560
2.536600
2.536640
2.536640
2.536680
2.536720
2.536760
2.536800
2.536840
2.536840
2.536880
2.536920
2.536960
2.536960
2.537000
2.537000
2.537040
2.537040
2.537080
2.537120
2.537160
2.537200
2.537240
2.537280
2.537320
2.537360
2.537400
2.537440
2.537480
2.537520
2.537520
2.537560
2.537600
2.537600
2.537640
2.537640
2.537640
2.537680
2.537720
2.537760
2.537800
2.537840
2.537840
2.537880
2.537880
2.537880
2.537880
2.537920
2.537960
2.537960
2.537960
2.538000
2.538040
2.538080
2.538120
2.538120
2.538120
2.538120
2.538160
2.538200
2.538240
2.538280
2.538280
2.538320
2.538360
2.538400
2.538440
2.538440
2.538440
2.538480
2.538520
2.538560
2.538600
2.538640
2.538640
2.538680
2.538720
2.538760
2.538800
2.538840
2.538840
2.538840
2.538880
2.538920
2.538960
2.539000
2.539000
2.539040
2.539080
2.539120
2.539160
2.539160
2.539160
2.539160
2.539200
2.539200
2.539240
2.539280
2.539320
2.539360
2.539400
2.539440
2.539480
2.539520
2.539520
2.539560
2.539600
2.539640
2.539640
2.539680
2.539680
2.539720
2.539760
2.539800
2.539800
2.539840
2.539880
2.539880
2.539880
2.539880
2.539920
2.539960
2.539960
2.540000
2.540040
2.540080
2.540120
2.540160
2.540200
2.540200
2.540240
2.540280
2.540320
2.540320
2.540360
2.540360
2.540400
2.540440
2.540480
2.540480
2.540480
2.540520
2.540560
2.540560
2.540600
2.540640
2.540680
2.540720
2.540760
2.540800
2.540800
2.540840
2.540880
2.540920
2.540960
2.540960
2.541000
2.541040
2.541080
2.541120
2.541120
2.541120
2.541160
2.541200
2.541240
2.541280
2.541320
2.541320
2.541360
2.541400
2.541400
2.541440
2.541480
2.541520
2.541560
2.541600
2.541640
2.541680
2.541680
2.541720
2.541720
2.541760
2.541800
2.541840
2.541880
2.541920
2.541960
2.542000
2.542000
2.542040
2.542080
2.542120
2.542160
2.542160
2.542200
2.542240
2.542280
2.542320
2.542320
2.542320
2.542320
2.542360
2.542360
2.542400
2.542440
2.542480
2.542520
2.542560
2.542600
2.542640
2.542680
2.542680
2.542720
2.542760
2.542800
2.542840
2.542880
2.542920
2.542920
2.542960
2.543000
2.543040
2.543040
2.543080
2.543120
2.543160
2.543200
2.543240
2.543240
2.543280
2.543320
2.543360
2.543400
2.543440
2.543440
2.543480
2.543480
2.543520
2.543520
2.543560
2.543600
2.543640
2.543680
2.543680
2.543720
2.543760
2.543800
2.543840
2.543880
2.543920
2.543920
2.543920
2.543960
2.544000
2.544040
2.544040
2.544080
2.544120
2.544160
2.544160
2.544160
2.544200
2.544240
2.544280
2.544320
2.544320
2.544360
2.544400
2.544440
2.544480
2.544520
2.544560
2.544600
2.544640
2.544680
2.544720
2.544760
2.544760
2.544800
2.544840
2.544880
2.544920
2.544960
2.545000
2.545040
2.545080
2.545120
2.545160
2.545200
2.545240
2.545280
2.545320
2.545360
2.545400
2.545440
2.545440
2.545440
2.545480
2.545520
2.545560
2.545560
2.545600
2.545640
2.545680
2.545720
2.545760
2.545800
2.545840
2.545880
2.545880
2.545920
2.545960
2.546000
2.546040
2.546080
2.546080
2.546120
2.546160
2.546160
2.546160
2.546200
2.546240
2.546240
2.546280
2.546320
2.546360
2.546360
2.546400
2.546440
2.546480
2.546520
2.546560
2.546560
2.546560
2.546600
2.546640
2.546680
2.546720
2.546760
2.546760
2.546800
2.546840
2.546880
2.546920
2.546960
2.547000
2.547040
2.547080
2.547120
2.547120
2.547160
2.547200
2.547200
2.547240
2.547280
2.547320
2.547360
2.547400
2.547440
2.547480
2.547520
2.547520
2.547560
2.547600
2.547640
2.547680
2.547720
2.547760
2.547800
2.547840
2.547880
2.547920
2.547920
2.547960
2.548000
2.548000
2.548000
2.548040
2.548080
2.548120
2.548160
2.548160
2.548200
2.548240
2.548280
2.548320
2.548360
2.548400
2.548440
2.548480
2.548520
2.548560
2.548600
2.548640
2.548680
2.548720
2.548760
2.548800
2.548840
2.548880
2.548920
2.548960
2.549000
2.549000
2.549000
2.549040
2.549080
2.549120
2.549120
2.549120
2.549160
2.549200
2.549240
2.549280
2.549320
2.549360
2.549360
2.549400
2.549440
2.549480
2.549520
2.549560
2.549560
2.549600
2.549640
2.549680
2.549680
2.549680
2.549680
2.549720
2.549760
2.549800
2.549840
2.549880
2.549920
2.549960
2.550000
2.550040
2.550080
2.550120
2.550160
2.550200
2.550240
2.550280
2.550320
2.550360
2.550360
2.550400
2.550400
2.550400
2.550440
2.550480
2.550520
2.550560
2.550600
2.550600
2.550640
2.550680
2.550720
2.550720
2.550760
2.550800
2.550840
2.550880
2.550880
2.550920
2.550960
2.550960
2.551000
2.551040
2.551080
2.551120
2.551160
2.551160
2.551200
2.551240
2.551280
2.551320
2.551360
2.551400
2.551440
2.551480
2.551520
2.551560
2.551600
2.551640
2.551680
2.551720
2.551720
2.551760
2.551800
2.551840
2.551840
2.551880
2.551880
2.551880
2.551920
2.551920
2.551960
2.552000
2.552040
2.552040
2.552040
2.552040
2.552080
2.552120
2.552160
2.552200
2.552240
2.552280
2.552320
2.552360
2.552400
2.552440
2.552480
2.552480
2.552520
2.552560
2.552600
2.552640
2.552680
2.552680
2.552680
2.552720
2.552760
2.552800
2.552840
2.552840
2.552880
2.552920
2.552960
2.553000
2.553040
2.553080
2.553080
2.553120
2.553120
2.553160
2.553160
2.553200
2.553240
2.553280
2.553320
2.553320
2.553360
2.553360
2.553400
2.553400
2.553440
2.553480
2.553520
2.553520
2.553560
2.553600
2.553640
2.553680
2.553720
2.553760
2.553800
2.553840
2.553880
2.553880
2.553920
2.553960
2.554000
2.554040
2.554080
2.554080
2.554120
2.554160
2.554200
2.554200
2.554240
2.554280
2.554280
2.554320
2.554360
2.554400
2.554440
2.554480
2.554480
2.554520
2.554520
2.554560
2.554600
2.554640
2.554680
2.554680
2.554720
2.554760
2.554760
2.554800
2.554840
2.554880
2.554920
2.554960
2.555000
2.555000
2.555040
2.555040
2.555080
2.555120
2.555160
2.555200
2.555200
2.555240
2.555280
2.555320
2.555360
2.555400
2.555440
2.555480
2.555520
2.555560
2.555560
2.555600
2.555640
2.555640
2.555680
2.555720
2.555760
2.555800
2.555840
2.555880
2.555920
2.555960
2.556000
2.556040
2.556040
2.556080
2.556080
2.556120
2.556120
2.556160
2.556200
2.556240
2.556280
2.556320
2.556320
2.556320
2.556320
2.556360
2.556400
2.556400
2.556440
2.556440
2.556440
2.556440
2.556480
2.556480
2.556520
2.556560
2.556600
2.556600
2.556640
2.556640
2.556680
2.556680
2.556720
2.556720
2.556760
2.556800
2.556840
2.556880
2.556880
2.556920
2.556960
2.557000
2.557040
2.557080
2.557120
2.557160
2.557200
2.557240
2.557280
2.557320
2.557360
2.557400
2.557440
2.557480
2.557520
2.557560
2.557600
2.557640
2.557680
2.557720
2.557760
2.557800
2.557840
2.557880
2.557920
2.557960
2.557960
2.558000
2.558040
2.558080
2.558080
2.558120
2.558160
2.558200
2.558200
2.558240
2.558280
2.558320
2.558360
2.558400
2.558400
2.558400
2.558440
2.558480
2.558520
2.558560
2.558600
2.558640
2.558680
2.558720
2.558760
2.558800
2.558840
2.558880
2.558920
2.558960
2.558960
2.559000
2.559040
2.559080
2.559120
2.559160
2.559200
2.559240
2.559240
2.559280
2.559320
2.559360
2.559360
2.559400
2.559400
2.559440
2.559480
2.559480
2.559520
2.559520
2.559560
2.559600
2.559640
2.559680
2.559720
2.559760
2.559800
2.559840
2.559880
2.559920
2.559960
2.559960
2.560000
2.560040
2.560080
2.560120
2.560160
2.560200
2.560200
2.560240
2.560240
2.560280
2.560320
2.560360
2.560400
2.560400
2.560440
2.560440
2.560480
2.560520
2.560560
2.560600
2.560640
2.560680
2.560720
2.560760
2.560800
2.560840
2.560880
2.560880
2.560920
2.560960
2.560960
2.561000
2.561040
2.561080
2.561120
2.561160
2.561200
2.561240
2.561280
2.561320
2.561360
2.561400
2.561440
2.561440
2.561480
2.561480
2.561520
2.561560
2.561600
2.561640
2.561680
2.561720
2.561760
2.561760
2.561800
2.561840
2.561880
2.561880
2.561920
2.561920
2.561920
2.561960
2.562000
2.562040
2.562080
2.562120
2.562160
2.562160
2.562200
2.562240
2.562240
2.562280
2.562320
2.562320
2.562320
2.562360
2.562400
2.562400
2.562440
2.562480
2.562520
2.562560
2.562600
2.562640
2.562680
2.562680
2.562720
2.562760
2.562760
2.562800
2.562840
2.562880
2.562920
2.562960
2.563000
2.563040
2.563080
2.563120
2.563160
2.563200
2.563240
2.563240
2.563240
2.563280
2.563280
2.563280
2.563320
2.563360
2.563400
2.563440
2.563480
2.563520
2.563560
2.563600
2.563640
2.563640
2.563680
2.563680
2.563720
2.563760
2.563800
2.563800
2.563840
2.563880
2.563920
2.563920
2.563920
2.563920
2.563960
2.564000
2.564040
2.564080
2.564120
2.564120
2.564160
2.564160
2.564200
2.564240
2.564280
2.564320
2.564360
2.564400
2.564440
2.564480
2.564480
2.564520
2.564560
2.564600
2.564640
2.564680
2.564680
2.564720
2.564760
2.564800
2.564840
2.564840
2.564880
2.564920
2.564960
2.564960
2.565000
2.565040
2.565080
2.565120
2.565120
2.565160
2.565200
2.565240
2.565280
2.565320
2.565320
2.565360
2.565400
2.565440
2.565480
2.565520
2.565520
2.565560
2.565600
2.565640
2.565680
2.565720
2.565720
2.565760
2.565800
2.565840
2.565880
2.565920
2.565960
2.566000
2.566000
2.566040
2.566040
2.566080
2.566120
2.566160
2.566200
2.566240
2.566280
2.566320
2.566360
2.566360
2.566400
2.566440
2.566480
2.566480
2.566520
2.566560
2.566600
2.566640
2.566680
2.566720
2.566760
2.566800
2.566840
2.566880
2.566920
2.566960
2.567000
2.567040
2.567080
2.567120
2.567160
2.567200
2.567240
2.567280
2.567320
2.567360
2.567400
2.567440
2.567480
2.567520
2.567560
2.567600
2.567640
2.567680
2.567720
2.567720
2.567760
2.567800
2.567800
2.567840
2.567880
2.567920
2.567960
2.568000
2.568040
2.568080
2.568120
2.568160
2.568160
2.568160
2.568200
2.568240
2.568280
2.568320
2.568360
2.568400
2.568400
2.568440
2.568440
2.568480
2.568520
2.568560
2.568600
2.568640
2.568680
2.568720
2.568720
2.568760
2.568800
2.568840
2.568880
2.568880
2.568920
2.568960
2.568960
2.569000
2.569040
2.569080
2.569120
2.569120
2.569160
2.569160
2.569200
2.569240
2.569280
2.569280
2.569320
2.569360
2.569360
2.569400
2.569440
2.569480
2.569520
2.569560
2.569560
2.569600
2.569640
2.569680
2.569720
2.569760
2.569760
2.569800
2.569840
2.569880
2.569920
2.569960
2.570000
2.570000
2.570000
2.570040
2.570080
2.570120
2.570160
2.570200
2.570240
2.570280
2.570280
2.570320
2.570360
2.570400
2.570440
2.570480
2.570520
2.570560
2.570600
2.570640
2.570680
2.570680
2.570720
2.570760
2.570760
2.570800
2.570840
2.570880
2.570880
2.570920
2.570960
2.570960
2.571000
2.571040
2.571080
2.571120
2.571160
2.571160
2.571200
2.571240
2.571280
2.571320
2.571320
2.571360
2.571400
2.571440
2.571440
2.571480
2.571520
2.571560
2.571560
2.571600
2.571640
2.571640
2.571640
2.571640
2.571680
2.571720
2.571720
2.571760
2.571800
2.571840
2.571880
2.571920
2.571920
2.571960
2.571960
2.572000
2.572000
2.572040
2.572040
2.572080
2.572120
2.572120
2.572160
2.572160
2.572200
2.572240
2.572240
2.572280
2.572280
2.572320
2.572320
2.572360
2.572400
2.572440
2.572480
2.572520
2.572560
2.572600
2.572640
2.572680
2.572680
2.572720
2.572760
2.572800
2.572840
2.572840
2.572840
2.572840
2.572880
2.572920
2.572960
2.573000
2.573000
2.573000
2.573040
2.573040
2.573080
2.573120
2.573160
2.573200
2.573240
2.573280
2.573320
2.573360
2.573400
2.573440
2.573480
2.573520
2.573520
2.573520
2.573520
2.573560
2.573600
2.573640
2.573680
2.573680
2.573720
2.573760
2.573800
2.573840
2.573880
2.573920
2.573960
2.574000
2.574040
2.574080
2.574120
2.574160
2.574200
2.574200
2.574240
2.574280
2.574320
2.574360
2.574400
2.574440
2.574480
2.574520
2.574560
2.574600
2.574640
2.574680
2.574680
2.574720
2.574760
2.574760
2.574800
2.574840
2.574880
2.574920
2.574960
2.575000
2.575040
2.575080
2.575120
2.575160
2.575200
2.575240
2.575240
2.575280
2.575320
2.575360
2.575400
2.575400
2.575440
2.575480
2.575520
2.575560
2.575600
2.575640
2.575640
2.575680
2.575720
2.575760
2.575800
2.575840
2.575880
2.575920
2.575920
2.575920
2.575960
2.575960
2.576000
2.576040
2.576080
2.576120
2.576160
2.576200
2.576240
2.576280
2.576320
2.576360
2.576400
2.576440
2.576480
2.576520
2.576560
2.576600
2.576640
2.576680
2.576720
2.576760
2.576800
2.576840
2.576880
2.576920
2.576960
2.576960
2.576960
2.577000
2.577040
2.577080
2.577120
2.577160
2.577200
2.577200
2.577200
2.577240
2.577280
2.577320
2.577360
2.577360
2.577400
2.577400
2.577400
2.577440
2.577480
2.577520
2.577560
2.577600
2.577640
2.577640
2.577640
2.577680
2.577720
2.577760
2.577800
2.577800
2.577840
2.577840
2.577880
2.577880
2.577920
2.577920
2.577920
2.577960
2.578000
2.578000
2.578040
2.578080
2.578080
2.578120
2.578120
2.578160
2.578200
2.578200
2.578200
2.578240
2.578280
2.578320
2.578360
2.578400
2.578440
2.578480
2.578480
2.578520
2.578560
2.578560
2.578600
2.578640
2.578680
2.578680
2.578720
2.578760
2.578800
2.578800
2.578840
2.578840
2.578840
2.578880
2.578920
2.578920
2.578960
2.579000
2.579040
2.579080
2.579120
2.579160
2.579200
2.579240
2.579240
2.579280
2.579280
2.579320
2.579320
2.579360
2.579400
2.579440
2.579480
2.579520
2.579560
2.579600
2.579640
2.579680
2.579720
2.579720
2.579720
2.579760
2.579800
2.579840
2.579880
2.579920
2.579960
2.580000
2.580040
2.580040
2.580080
2.580120
2.580160
2.580200
2.580200
2.580200
2.580200
2.580240
2.580280
2.580320
2.580360
2.580400
2.580440
2.580480
2.580520
2.580560
2.580600
2.580640
2.580680
2.580720
2.580720
2.580760
2.580760
2.580760
2.580800
2.580800
2.580840
2.580880
2.580880
2.580920
2.580960
2.581000
2.581040
2.581080
2.581120
2.581160
2.581200
2.581240
2.581280
2.581320
2.581360
2.581400
2.581440
2.581480
2.581520
2.581560
2.581600
2.581640
2.581680
2.581720
2.581760
2.581800
2.581840
2.581880
2.581920
2.581960
2.582000
2.582040
2.582080
2.582120
2.582160
2.582160
2.582160
2.582200
2.582240
2.582280
2.582320
2.582360
2.582400
2.582440
2.582480
2.582480
2.582480
2.582520
2.582520
2.582520
2.582560
2.582600
2.582600
2.582640
2.582680
2.582720
2.582760
2.582800
2.582840
2.582880
2.582920
2.582920
2.582960
2.582960
2.583000
2.583040
2.583080
2.583080
2.583080
2.583120
2.583120
2.583160
2.583160
2.583200
2.583240
2.583280
2.583280
2.583320
2.583360
2.583400
2.583400
2.583440
2.583480
2.583480
2.583520
2.583560
2.583600
2.583640
2.583680
2.583720
2.583760
2.583800
2.583840
2.583880
2.583920
2.583960
2.583960
2.584000
2.584000
2.584040
2.584080
2.584120
2.584160
2.584200
2.584240
2.584280
2.584320
2.584320
2.584360
2.584400
2.584440
2.584440
2.584480
2.584520
2.584560
2.584600
2.584600
2.584600
2.584640
2.584640
2.584680
2.584680
2.584720
2.584760
2.584800
2.584840
2.584840
2.584880
2.584920
2.584960
2.584960
2.585000
2.585040
2.585080
2.585080
2.585080
2.585080
2.585120
2.585160
2.585160
2.585200
2.585240
2.585240
2.585280
2.585320
2.585320
2.585320
2.585360
2.585400
2.585440
2.585480
2.585520
2.585560
2.585600
2.585640
2.585680
2.585680
2.585720
2.585760
2.585800
2.585840
2.585880
2.585920
2.585960
2.585960
2.585960
2.586000
2.586040
2.586080
2.586080
2.586120
2.586160
2.586200
2.586200
2.586240
2.586280
2.586320
2.586320
2.586360
2.586360
2.586360
2.586360
2.586400
2.586440
2.586480
2.586520
2.586520
2.586560
2.586600
2.586600
2.586640
2.586680
2.586720
2.586760
2.586800
2.586840
2.586880
2.586920
2.586960
2.586960
2.586960
2.587000
2.587040
2.587040
2.587040
2.587040
2.587080
2.587120
2.587160
2.587200
2.587240
2.587280
2.587320
2.587320
2.587320
2.587360
2.587400
2.587440
2.587480
2.587520
2.587560
2.587600
2.587600
2.587640
2.587680
2.587720
2.587760
2.587800
2.587840
2.587840
2.587880
2.587920
2.587960
2.588000
2.588040
2.588080
2.588120
2.588160
2.588160
2.588200
2.588240
2.588280
2.588280
2.588320
2.588360
2.588400
2.588440
2.588440
2.588480
2.588520
2.588560
2.588600
2.588640
2.588680
2.588680
2.588720
2.588720
2.588720
2.588720
2.588720
2.588720
2.588760
2.588760
2.588800
2.588800
2.588840
2.588880
2.588920
2.588960
2.589000
2.589040
2.589080
2.589120
2.589160
2.589160
2.589160
2.589200
2.589240
2.589240
2.589280
2.589320
2.589360
2.589400
2.589440
2.589440
2.589480
2.589520
2.589560
2.589600
2.589640
2.589640
2.589680
2.589720
2.589760
2.589760
2.589800
2.589840
2.589880
2.589880
2.589920
2.589960
2.590000
2.590040
2.590080
2.590120
2.590160
2.590200
2.590240
2.590240
2.590280
2.590320
2.590360
2.590400
2.590440
2.590480
2.590480
2.590520
2.590560
2.590600
2.590600
2.590640
2.590680
2.590720
2.590760
2.590760
2.590760
2.590800
2.590800
2.590840
2.590880
2.590920
2.590960
2.591000
2.591040
2.591040
2.591080
2.591120
2.591160
2.591200
2.591240
2.591280
2.591320
2.591320
2.591360
2.591400
2.591400
2.591400
2.591440
2.591480
2.591520
2.591560
2.591600
2.591600
2.591640
2.591680
2.591720
2.591760
2.591800
2.591800
2.591840
2.591880
2.591880
2.591920
2.591960
2.592000
2.592040
2.592040
2.592080
2.592120
2.592160
2.592200
2.592240
2.592280
2.592280
2.592320
2.592360
2.592360
2.592400
2.592440
2.592480
2.592520
2.592560
2.592600
2.592600
2.592600
2.592640
2.592680
2.592720
2.592760
2.592800
2.592800
2.592840
2.592880
2.592920
2.592960
2.593000
2.593000
2.593000
2.593040
2.593040
2.593080
2.593120
2.593160
2.593200
2.593240
2.593280
2.593320
2.593360
2.593400
2.593400
2.593440
2.593480
2.593520
2.593560
2.593600
2.593640
2.593680
2.593680
2.593720
2.593760
2.593800
2.593840
2.593840
2.593880
2.593920
2.593960
2.593960
2.594000
2.594040
2.594040
2.594080
2.594120
2.594160
2.594200
2.594240
2.594240
2.594280
2.594320
2.594320
2.594360
2.594360
2.594400
2.594400
2.594400
2.594400
2.594440
2.594480
2.594480
2.594520
2.594520
2.594560
2.594600
2.594640
2.594680
2.594720
2.594760
2.594800
2.594840
2.594880
2.594920
2.594960
2.594960
2.595000
2.595000
2.595040
2.595080
2.595120
2.595160
2.595200
2.595240
2.595280
2.595280
2.595320
2.595360
2.595360
2.595400
2.595440
2.595480
2.595520
2.595520
2.595560
2.595600
2.595640
2.595680
2.595720
2.595760
2.595760
2.595800
2.595840
2.595880
2.595920
2.595960
2.596000
2.596040
2.596080
2.596080
2.596120
2.596160
2.596200
2.596240
2.596280
2.596280
2.596320
2.596360
2.596400
2.596440
2.596480
2.596520
2.596520
2.596560
2.596600
2.596640
2.596680
2.596720
2.596760
2.596800
2.596840
2.596880
2.596880
2.596920
2.596960
2.596960
2.597000
2.597040
2.597040
2.597080
2.597120
2.597160
2.597200
2.597240
2.597280
2.597320
2.597360
2.597400
2.597440
2.597480
2.597480
2.597520
2.597560
2.597560
2.597560
2.597600
2.597640
2.597640
2.597680
2.597680
2.597680
2.597720
2.597720
2.597760
2.597800
2.597840
2.597840
2.597880
2.597880
2.597880
2.597920
2.597960
2.598000
2.598000
2.598000
2.598040
2.598080
2.598120
2.598120
2.598160
2.598200
2.598200
2.598240
2.598240
2.598280
2.598280
2.598320
2.598360
2.598360
2.598400
2.598440
2.598480
2.598520
2.598560
2.598600
2.598640
2.598680
2.598680
2.598720
2.598720
2.598720
2.598760
2.598760
2.598800
2.598840
2.598880
2.598880
2.598920
2.598960
2.599000
2.599040
2.599080
2.599080
2.599120
2.599160
2.599160
2.599200
2.599240
2.599280
2.599320
2.599360
2.599400
2.599440
2.599480
2.599520
2.599560
2.599600
2.599600
2.599640
2.599640
2.599680
2.599680
2.599680
2.599720
2.599760
2.599800
2.599840
2.599840
2.599880
2.599920
2.599960
2.600000
2.600040
2.600080
2.600080
2.600120
2.600160
2.600160
2.600200
2.600200
2.600240
2.600280
2.600320
2.600360
2.600360
2.600400
2.600440
2.600480
2.600480
2.600520
2.600560
2.600600
2.600640
2.600680
2.600680
2.600720
2.600760
2.600760
2.600800
2.600800
2.600800
2.600840
2.600880
2.600880
2.600920
2.600960
2.601000
2.601040
2.601080
2.601120
2.601120
2.601160
2.601200
2.601200
2.601240
2.601280
2.601280
2.601280
2.601320
2.601360
2.601400
2.601440
2.601440
2.601480
2.601520
2.601560
2.601600
2.601600
2.601600
2.601600
2.601640
2.601680
2.601720
2.601720
2.601760
2.601800
2.601800
2.601800
2.601840
2.601840
2.601880
2.601920
2.601920
2.601920
2.601960
2.602000
2.602040
2.602080
2.602120
2.602120
2.602160
2.602200
2.602240
2.602240
2.602280
2.602280
2.602320
2.602360
2.602400
2.602440
2.602480
2.602520
2.602560
2.602600
2.602640
2.602680
2.602720
2.602760
2.602760
2.602800
2.602840
2.602880
2.602920
2.602960
2.603000
2.603000
2.603000
2.603040
2.603040
2.603080
2.603120
2.603120
2.603160
2.603160
2.603200
2.603240
2.603280
2.603320
2.603360
2.603360
2.603400
2.603440
2.603480
2.603520
2.603560
2.603600
2.603640
2.603680
2.603680
2.603720
2.603760
2.603800
2.603840
2.603840
2.603880
2.603920
2.603960
2.603960
2.604000
2.604000
2.604040
2.604040
2.604080
2.604120
2.604160
2.604200
2.604240
2.604280
2.604320
2.604360
2.604400
2.604400
2.604440
2.604480
2.604520
2.604560
2.604600
2.604640
2.604640
2.604640
2.604680
2.604720
2.604760
2.604800
2.604840
2.604880
2.604880
2.604920
2.604960
2.605000
2.605040
2.605080
2.605120
2.605160
2.605200
2.605240
2.605280
2.605320
2.605360
2.605400
2.605440
2.605440
2.605480
2.605520
2.605520
2.605560
2.605600
2.605600
2.605640
2.605680
2.605720
2.605760
2.605800
2.605840
2.605880
2.605920
2.605920
2.605960
2.606000
2.606040
2.606080
2.606080
2.606120
2.606120
2.606160
2.606200
2.606240
2.606240
2.606240
2.606280
2.606320
2.606360
2.606400
2.606440
2.606480
2.606520
2.606560
2.606600
2.606640
2.606680
2.606720
2.606760
2.606800
2.606840
2.606880
2.606920
2.606960
2.606960
2.607000
2.607040
2.607080
2.607120
2.607120
2.607160
2.607200
2.607240
2.607240
2.607280
2.607320
2.607320
2.607360
2.607400
2.607440
2.607480
2.607520
2.607560
2.607600
2.607600
2.607640
2.607640
2.607680
2.607720
2.607760
2.607800
2.607840
2.607880
2.607920
2.607960
2.607960
2.608000
2.608000
2.608040
2.608080
2.608120
2.608160
2.608200
2.608240
2.608280
2.608320
2.608360
2.608400
2.608440
2.608480
2.608480
2.608520
2.608560
2.608600
2.608640
2.608680
2.608720
2.608760
2.608800
2.608840
2.608880
2.608920
2.608960
2.608960
2.609000
2.609040
2.609080
2.609120
2.609160
2.609200
2.609240
2.609280
2.609320
2.609360
2.609400
2.609400
2.609440
2.609440
2.609480
2.609520
2.609560
2.609600
2.609640
2.609680
2.609680
2.609720
2.609720
2.609760
2.609800
2.609840
2.609880
2.609920
2.609960
2.610000
2.610040
2.610080
2.610120
2.610160
2.610200
2.610240
2.610280
2.610320
2.610320
2.610360
2.610360
2.610400
2.610440
2.610480
2.610520
2.610560
2.610600
2.610640
2.610680
2.610720
2.610760
2.610800
2.610840
2.610840
2.610880
2.610920
2.610960
2.611000
2.611040
2.611080
2.611080
2.611120
2.611120
2.611160
2.611200
2.611200
2.611240
2.611280
2.611320
2.611360
2.611400
2.611400
2.611440
2.611480
2.611520
2.611520
2.611560
2.611600
2.611640
2.611680
2.611720
2.611760
2.611800
2.611800
2.611840
2.611880
2.611920
2.611960
2.612000
2.612040
2.612080
2.612120
2.612160
2.612200
2.612240
2.612240
2.612280
2.612320
2.612360
2.612360
2.612400
2.612440
2.612480
2.612520
2.612520
2.612560
2.612600
2.612640
2.612680
2.612720
2.612760
2.612760
2.612760
2.612800
2.612840
2.612880
2.612920
2.612920
2.612960
2.613000
2.613040
2.613080
2.613120
2.613160
2.613200
2.613240
2.613280
2.613320
2.613360
2.613400
2.613440
2.613480
2.613520
2.613560
2.613600
2.613640
2.613640
2.613680
2.613720
2.613760
2.613800
2.613840
2.613880
2.613920
2.613960
2.614000
2.614040
2.614080
2.614080
2.614120
2.614160
2.614200
2.614240
2.614280
2.614320
2.614360
2.614400
2.614440
2.614480
2.614520
2.614560
2.614560
2.614600
2.614640
2.614640
2.614680
2.614720
2.614760
2.614800
2.614800
2.614840
2.614880
2.614920
2.614960
2.615000
2.615000
2.615000
2.615000
2.615040
2.615080
2.615120
2.615160
2.615200
2.615200
2.615240
2.615280
2.615320
2.615360
2.615400
2.615400
2.615400
2.615400
2.615440
2.615440
2.615440
2.615480
2.615520
2.615560
2.615600
2.615640
2.615680
2.615720
2.615760
2.615800
2.615840
2.615880
2.615880
2.615880
2.615920
2.615960
2.616000
2.616040
2.616040
2.616040
2.616080
2.616120
2.616160
2.616200
2.616240
2.616240
2.616280
2.616320
2.616360
2.616360
2.616400
2.616440
2.616440
2.616480
2.616480
2.616520
2.616560
2.616560
2.616560
2.616600
2.616640
2.616680
2.616680
2.616680
2.616680
2.616720
2.616760
2.616800
2.616840
2.616840
2.616880
2.616920
2.616920
2.616920
2.616920
2.616960
2.617000
2.617040
2.617080
2.617120
2.617160
2.617200
2.617240
2.617280
2.617320
2.617360
2.617400
2.617400
2.617440
2.617480
2.617520
2.617560
2.617600
2.617640
2.617680
2.617720
2.617760
2.617800
2.617840
2.617880
2.617880
2.617920
2.617960
2.618000
2.618040
2.618080
2.618120
2.618120
2.618160
2.618200
2.618200
2.618240
2.618280
2.618320
2.618360
2.618400
2.618440
2.618480
2.618520
2.618560
2.618560
2.618600
2.618600
2.618640
2.618640
2.618680
2.618720
2.618760
2.618800
2.618840
2.618880
2.618920
2.618960
2.619000
2.619040
2.619080
2.619120
2.619160
2.619160
2.619160
2.619160
2.619200
2.619200
2.619240
2.619240
2.619280
2.619320
2.619360
2.619400
2.619400
2.619440
2.619480
2.619520
2.619560
2.619600
2.619600
2.619640
2.619680
2.619680
2.619720
2.619760
2.619760
2.619800
2.619840
2.619880
2.619920
2.619960
2.619960
2.620000
2.620040
2.620080
2.620120
2.620160
2.620200
2.620200
2.620200
2.620240
2.620280
2.620320
2.620360
2.620400
2.620400
2.620440
2.620480
2.620520
2.620520
2.620560
2.620560
2.620600
2.620600
2.620640
2.620680
2.620720
2.620760
2.620760
2.620800
2.620840
2.620880
2.620920
2.620960
2.621000
2.621040
2.621080
2.621120
2.621160
2.621200
2.621200
2.621240
2.621280
2.621320
2.621360
2.621400
2.621440
2.621480
2.621480
2.621520
2.621560
2.621600
2.621640
2.621640
2.621640
2.621680
2.621720
2.621760
2.621800
2.621840
2.621880
2.621920
2.621960
2.622000
2.622040
2.622040
2.622080
2.622120
2.622160
2.622200
2.622240
2.622280
2.622320
2.622360
2.622360
2.622400
2.622440
2.622480
2.622520
2.622560
2.622560
2.622600
2.622640
2.622680
2.622680
2.622720
2.622720
2.622760
2.622800
2.622840
2.622880
2.622920
2.622960
2.623000
2.623040
2.623080
2.623120
2.623160
2.623200
2.623240
2.623240
2.623240
2.623280
2.623320
2.623320
2.623360
2.623400
2.623440
2.623480
2.623520
2.623560
2.623600
2.623640
2.623680
2.623720
2.623760
2.623800
2.623840
2.623880
2.623920
2.623960
2.624000
2.624040
2.624040
2.624080
2.624120
2.624160
2.624200
2.624240
2.624280
2.624320
2.624320
2.624360
2.624400
2.624440
2.624440
2.624480
2.624520
2.624560
2.624560
2.624600
2.624640
2.624680
2.624680
2.624720
2.624760
2.624800
2.624840
2.624880
2.624880
2.624920
2.624960
2.625000
2.625040
2.625080
2.625120
2.625160
2.625200
2.625240
2.625280
2.625320
2.625360
2.625400
2.625400
2.625440
2.625440
2.625480
2.625520
2.625560
2.625600
2.625600
2.625640
2.625680
2.625720
2.625760
2.625800
2.625840
2.625840
2.625840
2.625840
2.625840
2.625880
2.625920
2.625920
2.625960
2.625960
2.626000
2.626040
2.626080
2.626120
2.626120
2.626160
2.626200
2.626240
2.626280
2.626320
2.626360
2.626400
2.626440
2.626480
2.626520
2.626560
2.626600
2.626640
2.626680
2.626720
2.626720
2.626760
2.626800
2.626800
2.626840
2.626840
2.626880
2.626920
2.626960
2.627000
2.627040
2.627080
2.627080
2.627080
2.627120
2.627160
2.627200
2.627240
2.627280
2.627320
2.627360
2.627360
2.627400
2.627440
2.627480
2.627520
2.627520
2.627560
2.627600
2.627640
2.627640
2.627640
2.627680
2.627720
2.627760
2.627760
2.627800
2.627840
2.627840
2.627880
2.627920
2.627960
2.628000
2.628000
2.628000
2.628040
2.628080
2.628080
2.628080
2.628120
2.628120
2.628160
2.628200
2.628240
2.628280
2.628320
2.628320
2.628360
2.628400
2.628440
2.628440
2.628480
2.628520
2.628520
2.628520
2.628560
2.628600
2.628600
2.628640
2.628640
2.628680
2.628680
2.628720
2.628720
2.628720
2.628760
2.628800
2.628840
2.628880
2.628920
2.628920
2.628960
2.629000
2.629040
2.629080
2.629120
2.629160
2.629200
2.629200
2.629240
2.629280
2.629320
2.629320
2.629360
2.629400
2.629440
2.629480
2.629520
2.629560
2.629600
2.629640
2.629680
2.629720
2.629720
2.629760
2.629800
2.629840
2.629880
2.629920
2.629960
2.629960
2.630000
2.630040
2.630080
2.630080
2.630120
2.630160
2.630200
2.630240
2.630280
2.630320
2.630360
2.630400
2.630440
2.630480
2.630520
2.630560
2.630600
2.630640
2.630680
2.630720
2.630720
2.630760
2.630760
2.630760
2.630760
2.630800
2.630840
2.630840
2.630840
2.630880
2.630920
2.630920
2.630960
2.631000
2.631040
2.631080
2.631080
2.631120
2.631160
2.631200
2.631240
2.631280
2.631320
2.631360
2.631400
2.631400
2.631440
2.631480
2.631520
2.631560
2.631600
2.631600
2.631600
2.631640
2.631680
2.631720
2.631760
2.631800
2.631800
2.631840
2.631880
2.631920
2.631960
2.632000
2.632040
2.632040
2.632080
2.632120
2.632120
2.632160
2.632200
2.632240
2.632280
2.632320
2.632360
2.632400
2.632440
2.632480
2.632520
2.632560
2.632600
2.632640
2.632640
2.632680
2.632720
2.632760
2.632800
2.632840
2.632880
2.632920
2.632960
2.633000
2.633040
2.633080
2.633120
2.633120
2.633160
2.633200
2.633200
2.633240
2.633280
2.633320
2.633320
2.633360
2.633400
2.633440
2.633480
2.633480
2.633520
2.633560
2.633560
2.633600
2.633640
2.633680
2.633720
2.633760
2.633760
2.633800
2.633840
2.633840
2.633880
2.633920
2.633920
2.633960
2.634000
2.634040
2.634080
2.634120
2.634160
2.634200
2.634240
2.634280
2.634320
2.634360
2.634400
2.634440
2.634480
2.634520
2.634520
2.634520
2.634560
2.634600
2.634640
2.634640
2.634680
2.634720
2.634760
2.634800
2.634840
2.634880
2.634920
2.634960
2.635000
2.635040
2.635080
2.635120
2.635160
2.635200
2.635240
2.635280
2.635320
2.635320
2.635360
2.635400
2.635440
2.635480
2.635520
2.635560
2.635560
2.635600
2.635640
2.635640
2.635680
2.635720
2.635720
2.635720
2.635760
2.635800
2.635840
2.635880
2.635920
2.635960
2.636000
2.636000
2.636040
2.636080
2.636120
2.636160
2.636200
2.636240
2.636280
2.636320
2.636320
2.636360
2.636400
2.636440
2.636440
2.636480
2.636480
2.636480
2.636480
2.636520
2.636560
2.636600
2.636640
2.636680
2.636720
2.636760
2.636800
2.636840
2.636880
2.636920
2.636960
2.637000
2.637000
2.637040
2.637040
2.637080
2.637120
2.637160
2.637160
2.637160
2.637200
2.637240
2.637280
2.637320
2.637360
2.637400
2.637440
2.637480
2.637520
2.637520
2.637560
2.637600
2.637600
2.637600
2.637640
2.637680
2.637720
2.637760
2.637800
2.637840
2.637880
2.637920
2.637960
2.638000
2.638040
2.638080
2.638080
2.638080
2.638120
2.638160
2.638200
2.638240
2.638280
2.638320
2.638360
2.638400
2.638440
2.638480
2.638480
2.638520
2.638560
2.638600
2.638640
2.638680
2.638680
2.638720
2.638720
2.638760
2.638800
2.638840
2.638880
2.638920
2.638920
2.638960
2.639000
2.639040
2.639040
2.639080
2.639080
2.639120
2.639120
2.639160
2.639200
2.639240
2.639280
2.639320
2.639360
2.639400
2.639440
2.639480
2.639480
2.639520
2.639560
2.639560
2.639600
2.639640
2.639680
2.639720
2.639760
2.639800
2.639840
2.639880
2.639920
2.639960
2.639960
2.640000
2.640040
2.640080
2.640120
2.640120
2.640120
2.640160
2.640200
2.640200
2.640240
2.640240
2.640240
2.640280
2.640320
2.640360
2.640400
2.640440
2.640480
2.640480
2.640520
2.640520
2.640520
2.640560
2.640600
2.640600
2.640640
2.640680
2.640720
2.640720
2.640760
2.640800
2.640840
2.640880
2.640880
2.640920
2.640960
2.641000
2.641040
2.641080
2.641120
2.641120
2.641160
2.641200
2.641240
2.641280
2.641280
2.641280
2.641320
2.641360
2.641360
2.641400
2.641440
2.641440
2.641480
2.641520
2.641560
2.641600
2.641600
2.641640
2.641680
2.641720
2.641720
2.641760
2.641800
2.641840
2.641880
2.641920
2.641960
2.642000
2.642000
2.642000
2.642040
2.642080
2.642120
2.642160
2.642200
2.642240
2.642280
2.642280
2.642320
2.642360
2.642400
2.642440
2.642440
2.642480
2.642520
2.642560
2.642600
2.642600
2.642640
2.642680
2.642680
2.642680
2.642680
2.642680
2.642720
2.642760
2.642800
2.642840
2.642880
2.642920
2.642960
2.643000
2.643040
2.643080
2.643120
2.643120
2.643160
2.643200
2.643240
2.643280
2.643320
2.643360
2.643400
2.643440
2.643440
2.643480
2.643480
2.643520
2.643560
2.643600
2.643640
2.643680
2.643680
2.643720
2.643760
2.643800
2.643840
2.643880
2.643920
2.643920
2.643920
2.643960
2.644000
2.644040
2.644080
2.644080
2.644120
2.644160
2.644200
2.644240
2.644280
2.644280
2.644320
2.644360
2.644360
2.644400
2.644440
2.644480
2.644520
2.644560
2.644600
2.644640
2.644680
2.644720
2.644720
2.644760
2.644760
2.644800
2.644840
2.644880
2.644920
2.644920
2.644960
2.645000
2.645040
2.645080
2.645120
2.645160
2.645200
2.645240
2.645280
2.645320
2.645360
2.645360
2.645400
2.645440
2.645480
2.645480
2.645520
2.645560
2.645600
2.645640
2.645680
2.645720
2.645760
2.645800
2.645840
2.645880
2.645880
2.645920
2.645920
2.645960
2.646000
2.646040
2.646080
2.646120
2.646160
2.646200
2.646240
2.646280
2.646320
2.646360
2.646400
2.646440
2.646480
2.646520
2.646560
2.646560
2.646600
2.646640
2.646680
2.646720
2.646760
2.646760
2.646800
2.646840
2.646880
2.646920
2.646960
2.647000
2.647040
2.647080
2.647120
2.647160
2.647200
2.647240
2.647240
2.647280
2.647320
2.647360
2.647400
2.647440
2.647440
2.647480
2.647520
2.647560
2.647600
2.647640
2.647680
2.647680
2.647680
2.647680
2.647720
2.647760
2.647800
2.647840
2.647840
2.647880
2.647920
2.647960
2.648000
2.648040
2.648080
2.648120
2.648160
2.648200
2.648240
2.648280
2.648280
2.648320
2.648360
2.648400
2.648440
2.648480
2.648520
2.648520
2.648560
2.648560
2.648600
2.648600
2.648640
2.648680
2.648720
2.648760
2.648800
2.648840
2.648880
2.648920
2.648920
2.648960
2.649000
2.649000
2.649040
2.649080
2.649120
2.649160
2.649160
2.649200
2.649240
2.649280
2.649320
2.649320
2.649360
2.649400
2.649440
2.649480
2.649520
2.649560
2.649560
2.649600
2.649600
2.649600
2.649640
2.649640
2.649680
2.649720
2.649720
2.649760
2.649800
2.649840
2.649880
2.649920
2.649920
2.649920
2.649920
2.649920
2.649960
2.650000
2.650040
2.650080
2.650120
2.650160
2.650200
2.650240
2.650280
2.650320
2.650320
2.650360
2.650400
2.650440
2.650480
2.650520
2.650520
2.650560
2.650600
2.650640
2.650640
2.650680
2.650720
2.650760
2.650800
2.650840
2.650840
2.650880
2.650920
2.650920
2.650960
2.651000
2.651040
2.651080
2.651120
2.651160
2.651200
2.651240
2.651280
2.651320
2.651360
2.651400
2.651440
2.651480
2.651520
2.651520
2.651560
2.651600
2.651640
2.651640
2.651680
2.651720
2.651760
2.651800
2.651840
2.651840
2.651840
2.651880
2.651920
2.651960
2.652000
2.652040
2.652080
2.652120
2.652160
2.652200
2.652200
2.652240
2.652280
2.652320
2.652360
2.652400
2.652440
2.652480
2.652520
2.652560
2.652600
2.652640
2.652640
2.652640
2.652680
2.652720
2.652720
2.652720
2.652760
2.652800
2.652800
2.652840
2.652880
2.652880
2.652920
2.652960
2.652960
2.653000
2.653040
2.653040
2.653040
2.653080
2.653120
2.653160
2.653200
2.653240
2.653280
2.653320
2.653360
2.653400
2.653440
2.653480
2.653520
2.653560
2.653560
2.653600
2.653640
2.653680
2.653720
2.653760
2.653760
2.653800
2.653840
2.653840
2.653880
2.653920
2.653960
2.654000
2.654040
2.654080
2.654120
2.654160
2.654200
2.654240
2.654240
2.654280
2.654320
2.654360
2.654400
2.654440
2.654440
2.654480
2.654520
2.654520
2.654560
2.654600
2.654600
2.654600
2.654640
2.654680
2.654720
2.654720
2.654760
2.654800
2.654840
2.654840
2.654840
2.654880
2.654920
2.654960
2.655000
2.655040
2.655040
2.655080
2.655120
2.655120
2.655120
2.655120
2.655160
2.655200
2.655240
2.655240
2.655280
2.655320
2.655360
2.655400
2.655440
2.655480
2.655520
2.655560
2.655600
2.655640
2.655680
2.655680
2.655720
2.655760
2.655800
2.655840
2.655840
2.655880
2.655920
2.655960
2.656000
2.656040
2.656040
2.656080
2.656120
2.656160
2.656200
2.656200
2.656200
2.656240
2.656280
2.656320
2.656360
2.656400
2.656400
2.656440
2.656480
2.656520
2.656560
2.656600
2.656640
2.656680
2.656720
2.656760
2.656800
2.656840
2.656880
2.656920
2.656960
2.657000
2.657040
2.657080
2.657120
2.657160
2.657200
2.657240
2.657240
2.657280
2.657320
2.657360
2.657400
2.657400
2.657440
2.657480
2.657480
2.657520
2.657560
2.657600
2.657640
2.657680
2.657720
2.657720
2.657760
2.657800
2.657840
2.657880
2.657880
2.657920
2.657960
2.658000
2.658000
2.658040
2.658080
2.658120
2.658120
2.658120
2.658160
2.658160
2.658200
2.658240
2.658280
2.658320
2.658360
2.658400
2.658440
2.658480
2.658520
2.658520
2.658560
2.658600
2.658600
2.658640
2.658680
2.658720
2.658720
2.658760
2.658800
2.658840
2.658880
2.658920
2.658960
2.659000
2.659040
2.659040
2.659080
2.659120
2.659120
2.659160
2.659200
2.659200
2.659240
2.659280
2.659320
2.659360
2.659400
2.659440
2.659440
2.659440
2.659480
2.659480
2.659520
2.659520
2.659560
2.659600
2.659640
2.659640
2.659680
2.659720
2.659760
2.659800
2.659800
2.659800
2.659800
2.659840
2.659880
2.659880
2.659880
2.659920
2.659960
2.660000
2.660040
2.660080
2.660120
2.660160
2.660200
2.660240
2.660280
2.660320
2.660360
2.660400
2.660440
2.660480
2.660520
2.660520
2.660520
2.660560
2.660600
2.660600
2.660640
2.660680
2.660720
2.660760
2.660800
2.660840
2.660880
2.660880
2.660920
2.660960
2.661000
2.661040
2.661080
2.661120
2.661160
2.661200
2.661240
2.661240
2.661240
2.661280
2.661320
2.661360
2.661400
2.661440
2.661480
2.661480
2.661520
2.661560
2.661600
2.661600
2.661640
2.661680
2.661680
2.661680
2.661720
2.661720
2.661760
2.661800
2.661840
2.661880
2.661920
2.661960
2.661960
2.662000
2.662040
2.662080
2.662120
2.662120
2.662160
2.662200
2.662240
2.662280
2.662320
2.662360
2.662400
2.662440
2.662480
2.662520
2.662560
2.662600
2.662600
2.662600
2.662640
2.662640
2.662680
2.662720
2.662760
2.662760
2.662800
2.662840
2.662880
2.662920
2.662960
2.663000
2.663040
2.663080
2.663120
2.663160
2.663200
2.663240
2.663280
2.663320
2.663360
2.663400
2.663440
2.663440
2.663480
2.663520
2.663520
2.663560
2.663560
2.663600
2.663600
2.663640
2.663680
2.663720
2.663720
2.663720
2.663760
2.663800
2.663840
2.663880
2.663920
2.663960
2.664000
2.664040
2.664080
2.664120
2.664160
2.664160
2.664200
2.664240
2.664280
2.664320
2.664360
2.664400
2.664440
2.664480
2.664520
2.664560
2.664600
2.664640
2.664680
2.664720
2.664760
2.664800
2.664800
2.664840
2.664880
2.664920
2.664960
2.665000
2.665040
2.665080
2.665120
2.665160
2.665200
2.665240
2.665280
2.665320
2.665320
2.665320
2.665360
2.665400
2.665440
2.665480
2.665520
2.665560
2.665600
2.665640
2.665680
2.665720
2.665760
2.665800
2.665840
2.665880
2.665920
2.665960
2.666000
2.666040
2.666040
2.666080
2.666080
2.666080
2.666120
2.666160
2.666160
2.666200
2.666240
2.666240
2.666280
2.666280
2.666280
2.666320
2.666360
2.666400
2.666440
2.666480
2.666520
2.666560
2.666560
2.666560
2.666600
2.666640
2.666680
2.666720
2.666760
2.666800
2.666840
2.666880
2.666920
2.666960
2.666960
2.667000
2.667040
2.667080
2.667120
2.667160
2.667160
2.667200
2.667240
2.667280
2.667280
2.667320
2.667320
2.667360
2.667360
2.667400
2.667440
2.667480
2.667520
2.667560
2.667600
2.667600
2.667640
2.667680
2.667680
2.667720
2.667760
2.667800
2.667800
2.667800
2.667840
2.667840
2.667880
2.667920
2.667960
2.668000
2.668000
2.668040
2.668080
2.668120
2.668120
2.668160
2.668200
2.668240
2.668280
2.668320
2.668320
2.668360
2.668400
2.668400
2.668400
2.668440
2.668480
2.668520
2.668520
2.668520
2.668520
2.668520
2.668560
2.668600
2.668640
2.668640
2.668680
2.668720
2.668760
2.668760
2.668800
2.668840
2.668880
2.668920
2.668920
2.668960
2.669000
2.669040
2.669080
2.669080
2.669120
2.669160
2.669160
2.669200
2.669240
2.669280
2.669280
2.669280
2.669320
2.669360
2.669360
2.669400
2.669440
2.669480
2.669520
2.669560
2.669600
2.669640
2.669640
2.669680
2.669720
2.669760
2.669800
2.669840
2.669880
2.669920
2.669960
2.670000
2.670000
2.670000
2.670000
2.670040
2.670080
2.670120
2.670120
2.670160
2.670200
2.670240
2.670280
2.670280
2.670320
2.670360
2.670400
2.670440
2.670480
2.670520
2.670560
2.670560
2.670600
2.670640
2.670680
2.670680
2.670680
2.670720
2.670760
2.670800
2.670800
2.670840
2.670880
2.670920
2.670960
2.671000
2.671000
2.671040
2.671040
2.671080
2.671120
2.671120
2.671160
2.671160
2.671200
2.671240
2.671280
2.671320
2.671360
2.671400
2.671440
2.671480
2.671520
2.671560
2.671560
2.671600
2.671640
2.671680
2.671680
2.671720
2.671760
2.671800
2.671840
2.671880
2.671920
2.671920
2.671960
2.672000
2.672000
2.672040
2.672080
2.672120
2.672160
2.672200
2.672200
2.672240
2.672240
2.672240
2.672280
2.672320
2.672360
2.672400
2.672440
2.672480
2.672520
2.672560
2.672560
2.672600
2.672640
2.672680
2.672720
2.672720
2.672720
2.672720
2.672720
2.672760
2.672800
2.672840
2.672880
2.672920
2.672960
2.672960
2.673000
2.673000
2.673000
2.673040
2.673080
2.673120
2.673160
2.673200
2.673240
2.673280
2.673320
2.673360
2.673400
2.673440
2.673480
2.673520
2.673560
2.673600
2.673600
2.673640
2.673680
2.673720
2.673720
2.673760
2.673800
2.673840
2.673880
2.673920
2.673960
2.673960
2.673960
2.674000
2.674040
2.674080
2.674120
2.674120
2.674160
2.674200
2.674240
2.674240
2.674240
2.674240
2.674280
2.674280
2.674280
2.674320
2.674360
2.674400
2.674440
2.674480
2.674520
2.674560
2.674560
2.674600
2.674640
2.674680
2.674720
2.674760
2.674800
2.674840
2.674840
2.674880
2.674920
2.674960
2.675000
2.675040
2.675040
2.675040
2.675080
2.675080
2.675120
2.675160
2.675200
2.675240
2.675280
2.675320
2.675360
2.675400
2.675440
2.675480
2.675520
2.675560
2.675600
2.675640
2.675680
2.675680
2.675720
2.675760
2.675800
2.675800
2.675840
2.675880
2.675880
2.675880
2.675920
2.675960
2.676000
2.676040
2.676080
2.676120
2.676160
2.676200
2.676240
2.676280
2.676280
2.676320
2.676360
2.676400
2.676440
2.676480
2.676520
2.676520
2.676520
2.676520
2.676520
2.676560
2.676560
2.676600
2.676640
2.676680
2.676720
2.676760
2.676800
2.676840
2.676880
2.676920
2.676960
2.677000
2.677040
2.677080
2.677120
2.677120
2.677160
2.677200
2.677240
2.677280
2.677320
2.677320
2.677360
2.677400
2.677440
2.677480
2.677480
2.677520
2.677560
2.677600
2.677640
2.677680
2.677680
2.677720
2.677760
2.677760
2.677800
2.677840
2.677880
2.677920
2.677960
2.678000
2.678040
2.678080
2.678080
2.678120
2.678160
2.678200
2.678240
2.678280
2.678320
2.678360
2.678400
2.678440
2.678440
2.678440
2.678440
2.678480
2.678520
2.678560
2.678600
2.678640
2.678680
2.678720
2.678760
2.678800
2.678840
2.678840
2.678840
2.678840
2.678880
2.678920
2.678960
2.678960
2.679000
2.679040
2.679080
2.679120
2.679160
2.679160
2.679200
2.679240
2.679280
2.679320
2.679360
2.679360
2.679400
2.679440
2.679480
2.679520
2.679560
2.679560
2.679560
2.679600
2.679640
2.679640
2.679680
2.679680
2.679720
2.679760
2.679800
2.679800
2.679840
2.679840
2.679880
2.679920
2.679960
2.680000
2.680040
2.680040
2.680080
2.680120
2.680160
2.680200
2.680240
2.680280
2.680320
2.680360
2.680400
2.680440
2.680480
2.680520
2.680560
2.680600
2.680640
2.680680
2.680680
2.680680
2.680720
2.680720
2.680760
2.680800
2.680840
2.680880
2.680920
2.680960
2.681000
2.681040
2.681080
2.681120
2.681160
2.681200
2.681240
2.681280
2.681280
2.681320
2.681360
2.681400
2.681440
2.681480
2.681520
2.681560
2.681600
2.681640
2.681680
2.681720
2.681760
2.681800
2.681840
2.681840
2.681840
2.681840
2.681880
2.681920
2.681960
2.681960
2.682000
2.682040
2.682080
2.682120
2.682160
2.682200
2.682240
2.682280
2.682280
2.682320
2.682360
2.682400
2.682440
2.682480
2.682520
2.682560
2.682600
2.682640
2.682680
2.682720
2.682760
2.682800
2.682840
2.682880
2.682920
2.682920
2.682960
2.683000
2.683000
2.683040
2.683080
2.683120
2.683160
2.683200
2.683240
2.683280
2.683320
2.683360
2.683400
2.683440
2.683480
2.683520
2.683560
2.683560
2.683600
2.683640
2.683680
2.683680
2.683720
2.683760
2.683800
2.683800
2.683840
2.683880
2.683920
2.683960
2.683960
2.683960
2.684000
2.684040
2.684040
2.684080
2.684120
2.684160
2.684200
2.684240
2.684240
2.684280
2.684320
2.684360
2.684360
2.684400
2.684440
2.684480
2.684480
2.684480
2.684520
2.684520
2.684560
2.684600
2.684640
2.684680
2.684720
2.684760
2.684800
2.684800
2.684840
2.684880
2.684920
2.684920
2.684920
2.684920
2.684920
2.684960
2.685000
2.685040
2.685040
2.685080
2.685120
2.685120
2.685160
2.685200
2.685200
2.685240
2.685280
2.685320
2.685320
2.685320
2.685320
2.685360
2.685400
2.685400
2.685440
2.685480
2.685520
2.685560
2.685600
2.685640
2.685640
2.685680
2.685720
2.685760
2.685800
2.685840
2.685880
2.685920
2.685960
2.686000
2.686000
2.686040
2.686040
2.686080
2.686120
2.686120
2.686160
2.686200
2.686200
2.686240
2.686280
2.686320
2.686360
2.686360
2.686360
2.686400
2.686440
2.686480
2.686480
2.686520
2.686560
2.686600
2.686640
2.686640
2.686640
2.686640
2.686680
2.686720
2.686720
2.686760
2.686800
2.686840
2.686880
2.686920
2.686960
2.687000
2.687040
2.687080
2.687080
2.687120
2.687160
2.687200
2.687200
2.687200
2.687200
2.687240
2.687280
2.687280
2.687320
2.687360
2.687400
2.687440
2.687480
2.687520
2.687520
2.687520
2.687560
2.687600
2.687640
2.687680
2.687720
2.687760
2.687800
2.687840
2.687880
2.687880
2.687920
2.687920
2.687920
2.687920
2.687960
2.688000
2.688040
2.688080
2.688120
2.688160
2.688200
2.688200
2.688240
2.688240
2.688280
2.688320
2.688360
2.688400
2.688440
2.688440
2.688480
2.688520
2.688520
2.688560
2.688600
2.688640
2.688640
2.688680
2.688680
2.688680
2.688720
2.688760
2.688800
2.688840
2.688880
2.688920
2.688960
2.689000
2.689040
2.689080
2.689080
2.689120
2.689160
2.689200
2.689240
2.689280
2.689320
2.689320
2.689360
2.689400
2.689440
2.689440
2.689480
2.689520
2.689560
2.689560
2.689600
2.689640
2.689640
2.689680
2.689720
2.689760
2.689760
2.689800
2.689840
2.689880
2.689920
2.689960
2.689960
2.690000
2.690040
2.690080
2.690080
2.690080
2.690120
2.690120
2.690120
2.690160
2.690160
2.690200
2.690240
2.690280
2.690320
2.690360
2.690400
2.690440
2.690480
2.690520
2.690560
2.690600
2.690600
2.690640
2.690640
2.690640
2.690680
2.690720
2.690760
2.690800
2.690840
2.690880
2.690920
2.690960
2.691000
2.691040
2.691080
2.691120
2.691160
2.691200
2.691240
2.691280
2.691320
2.691360
2.691400
2.691400
2.691440
2.691480
2.691520
2.691560
2.691560
2.691600
2.691600
2.691600
2.691640
2.691640
2.691640
2.691680
2.691720
2.691760
2.691800
2.691840
2.691880
2.691920
2.691960
2.692000
2.692040
2.692080
2.692120
2.692160
2.692160
2.692200
2.692200
2.692240
2.692280
2.692320
2.692360
2.692360
2.692360
2.692400
2.692440
2.692480
2.692520
2.692560
2.692600
2.692640
2.692640
2.692680
2.692720
2.692760
2.692800
2.692840
2.692840
2.692880
2.692920
2.692920
2.692960
2.693000
2.693040
2.693080
2.693120
2.693160
2.693200
2.693240
2.693280
2.693320
2.693360
2.693360
2.693360
2.693360
2.693400
2.693400
2.693440
2.693480
2.693520
2.693560
2.693600
2.693600
2.693640
2.693680
2.693720
2.693760
2.693800
2.693840
2.693880
2.693920
2.693960
2.694000
2.694040
2.694040
2.694040
2.694080
2.694120
2.694160
2.694200
2.694200
2.694200
2.694200
2.694240
2.694280
2.694280
2.694280
2.694320
2.694360
2.694400
2.694440
2.694480
2.694520
2.694560
2.694560
2.694560
2.694600
2.694640
2.694680
2.694720
2.694720
2.694760
2.694800
2.694840
2.694880
2.694920
2.694960
2.695000
2.695000
2.695000
2.695040
2.695080
2.695120
2.695160
2.695200
2.695240
2.695280
2.695320
2.695360
2.695400
2.695400
2.695440
2.695480
2.695520
2.695560
2.695600
2.695640
2.695680
2.695680
2.695720
2.695760
2.695800
2.695800
2.695840
2.695880
2.695880
2.695920
2.695960
2.696000
2.696040
2.696080
2.696120
2.696160
2.696200
2.696200
2.696240
2.696280
2.696320
2.696360
2.696400
2.696400
2.696440
2.696480
2.696520
2.696520
2.696560
2.696560
2.696600
2.696600
2.696640
2.696680
2.696720
2.696720
2.696760
2.696800
2.696840
2.696880
2.696920
2.696960
2.697000
2.697040
2.697080
2.697120
2.697120
2.697120
2.697160
2.697200
2.697240
2.697280
2.697280
2.697320
2.697360
2.697400
2.697440
2.697480
2.697520
2.697560
2.697600
2.697640
2.697640
2.697680
2.697720
2.697720
2.697760
2.697800
2.697840
2.697880
2.697920
2.697960
2.698000
2.698000
2.698040
2.698080
2.698120
2.698160
2.698200
2.698240
2.698280
2.698320
2.698320
2.698320
2.698360
2.698400
2.698440
2.698480
2.698520
2.698560
2.698600
2.698600
2.698640
2.698680
2.698720
2.698720
2.698760
2.698800
2.698840
2.698880
2.698880
2.698920
2.698920
2.698960
2.698960
2.699000
2.699040
2.699080
2.699120
2.699160
2.699200
2.699240
2.699280
2.699320
2.699320
2.699360
2.699400
2.699440
2.699480
2.699520
2.699520
2.699560
2.699560
2.699600
2.699600
2.699640
2.699640
2.699680
2.699720
2.699760
2.699800
2.699840
2.699880
2.699920
2.699920
2.699960
2.700000
2.700040
2.700080
2.700120
2.700160
2.700200
2.700200
2.700240
2.700280
2.700280
2.700320
2.700360
2.700360
2.700360
2.700360
2.700400
2.700440
2.700480
2.700520
2.700560
2.700600
2.700640
2.700680
2.700680
2.700680
2.700720
2.700760
2.700760
2.700760
2.700800
2.700800
2.700800
2.700840
2.700840
2.700880
2.700920
2.700960
2.701000
2.701040
2.701080
2.701120
2.701160
2.701200
2.701240
2.701240
2.701280
2.701280
2.701320
2.701360
2.701400
2.701440
2.701480
2.701520
2.701560
2.701560
2.701560
2.701600
2.701640
2.701680
2.701720
2.701760
2.701760
2.701760
2.701800
2.701840
2.701840
2.701840
2.701880
2.701920
2.701960
2.702000
2.702040
2.702080
2.702080
2.702120
2.702160
2.702160
2.702160
2.702200
2.702240
2.702280
2.702320
2.702360
2.702400
2.702440
2.702480
2.702520
2.702560
2.702600
2.702640
2.702680
2.702720
2.702760
2.702800
2.702840
2.702880
2.702920
2.702960
2.703000
2.703040
2.703080
2.703120
2.703120
2.703120
2.703160
2.703200
2.703200
2.703240
2.703280
2.703320
2.703360
2.703400
2.703440
2.703480
2.703520
2.703560
2.703600
2.703640
2.703680
2.703680
2.703720
2.703760
2.703800
2.703840
2.703880
2.703920
2.703960
2.703960
2.704000
2.704000
2.704000
2.704000
2.704040
2.704080
2.704120
2.704160
2.704160
2.704160
2.704200
2.704200
2.704240
2.704240
2.704240
2.704280
2.704320
2.704360
2.704400
2.704440
2.704480
2.704480
2.704520
2.704560
2.704600
2.704640
2.704680
2.704680
2.704720
2.704760
2.704800
2.704840
2.704880
2.704880
2.704880
2.704920
2.704920
2.704920
2.704920
2.704960
2.705000
2.705040
2.705080
2.705120
2.705160
2.705200
2.705240
2.705280
2.705320
2.705320
2.705360
2.705400
2.705440
2.705480
2.705520
2.705560
2.705600
2.705640
2.705640
2.705680
2.705680
2.705720
2.705760
2.705800
2.705800
2.705800
2.705840
2.705840
2.705880
2.705920
2.705920
2.705960
2.706000
2.706040
2.706080
2.706120
2.706160
2.706200
2.706240
2.706280
2.706320
2.706320
2.706360
2.706360
2.706400
2.706440
2.706480
2.706520
2.706560
2.706600
2.706640
2.706680
2.706720
2.706760
2.706800
2.706800
2.706840
2.706880
2.706920
2.706960
2.707000
2.707000
2.707000
2.707040
2.707040
2.707080
2.707120
2.707160
2.707200
2.707240
2.707280
2.707320
2.707360
2.707400
2.707440
2.707440
2.707480
2.707480
2.707520
2.707520
2.707560
2.707600
2.707640
2.707680
2.707720
2.707760
2.707800
2.707840
2.707880
2.707920
2.707960
2.708000
2.708040
2.708080
2.708120
2.708120
2.708160
2.708200
2.708240
2.708280
2.708320
2.708360
2.708360
2.708400
2.708440
2.708480
2.708520
2.708520
2.708560
2.708600
2.708640
2.708680
2.708720
2.708760
2.708800
2.708840
2.708840
2.708880
2.708880
2.708920
2.708920
2.708960
2.709000
2.709040
2.709080
2.709080
2.709120
2.709160
2.709200
2.709240
2.709280
2.709320
2.709360
2.709360
2.709400
2.709440
2.709480
2.709480
2.709520
2.709560
2.709600
2.709640
2.709680
2.709720
2.709760
2.709800
2.709840
2.709880
2.709880
2.709880
2.709880
2.709920
2.709920
2.709920
2.709920
2.709960
2.710000
2.710040
2.710080
2.710120
2.710120
2.710160
2.710200
2.710200
2.710240
2.710240
2.710280
2.710320
2.710360
2.710360
2.710400
2.710440
2.710480
2.710520
2.710560
2.710560
2.710600
2.710600
2.710640
2.710680
2.710720
2.710760
2.710800
2.710840
2.710840
2.710840
2.710840
2.710880
2.710920
2.710960
2.711000
2.711040
2.711080
2.711120
2.711160
2.711200
2.711240
2.711280
2.711320
2.711360
2.711400
2.711440
2.711480
2.711480
2.711520
2.711560
2.711600
2.711640
2.711680
2.711720
2.711760
2.711800
2.711800
2.711800
2.711840
2.711880
2.711920
2.711960
2.712000
2.712040
2.712080
2.712120
2.712160
2.712200
2.712240
2.712280
2.712320
2.712360
2.712400
2.712440
2.712480
2.712520
2.712560
2.712560
2.712560
2.712560
2.712600
2.712600
2.712640
2.712640
2.712680
2.712720
2.712760
2.712760
2.712800
2.712840
2.712880
2.712920
2.712960
2.713000
2.713040
2.713080
2.713120
2.713120
2.713160
2.713160
2.713160
2.713200
2.713240
2.713240
2.713280
2.713280
2.713280
2.713320
2.713360
2.713400
2.713440
2.713480
2.713520
2.713560
2.713600
2.713640
2.713680
2.713720
2.713720
2.713760
2.713800
2.713840
2.713880
2.713920
2.713960
2.714000
2.714040
2.714080
2.714120
2.714160
2.714200
2.714240
2.714280
2.714320
2.714360
2.714400
2.714440
2.714440
2.714440
2.714480
2.714520
2.714560
2.714560
2.714600
2.714640
2.714680
2.714680
2.714720
2.714760
2.714800
2.714840
2.714880
2.714920
2.714960
2.715000
2.715040
2.715080
2.715080
2.715120
2.715120
2.715160
2.715200
2.715240
2.715280
2.715280
2.715320
2.715320
2.715360
2.715400
2.715440
2.715480
2.715520
2.715560
2.715600
2.715640
2.715680
2.715720
2.715720
2.715760
2.715800
2.715800
2.715840
2.715880
2.715920
2.715960
2.715960
2.716000
2.716040
2.716080
2.716120
2.716160
2.716200
2.716240
2.716280
2.716320
2.716360
2.716360
2.716400
2.716440
2.716480
2.716520
2.716560
2.716600
2.716640
2.716680
2.716720
2.716760
2.716800
2.716840
2.716880
2.716880
2.716880
2.716920
2.716960
2.717000
2.717040
2.717080
2.717120
2.717160
2.717200
2.717240
2.717280
2.717320
2.717360
2.717400
2.717440
2.717440
2.717480
2.717480
2.717520
2.717560
2.717600
2.717640
2.717680
2.717720
2.717760
2.717800
2.717840
2.717840
2.717880
2.717920
2.717920
2.717960
2.718000
2.718040
2.718080
2.718080
2.718120
2.718160
2.718160
2.718200
2.718240
2.718280
2.718280
2.718320
2.718360
2.718400
2.718400
2.718440
2.718440
2.718480
2.718520
2.718560
2.718600
2.718640
2.718680
2.718680
2.718720
2.718760
2.718800
2.718840
2.718880
2.718920
2.718960
2.719000
2.719040
2.719080
2.719120
2.719160
2.719160
2.719200
2.719240
2.719280
2.719320
2.719360
2.719400
2.719440
2.719480
2.719520
2.719560
2.719560
2.719560
2.719600
2.719640
2.719640
2.719680
2.719720
2.719720
2.719720
2.719760
2.719800
2.719840
2.719840
2.719880
2.719920
2.719960
2.720000
2.720040
2.720080
2.720120
2.720160
2.720160
2.720200
2.720200
2.720240
2.720240
2.720280
2.720280
2.720320
2.720360
2.720400
2.720400
2.720440
2.720480
2.720520
2.720520
2.720520
2.720560
2.720600
2.720600
2.720640
2.720680
2.720720
2.720760
2.720800
2.720800
2.720840
2.720880
2.720920
2.720960
2.721000
2.721040
2.721040
2.721080
2.721120
2.721160
2.721200
2.721200
2.721240
2.721280
2.721320
2.721360
2.721360
2.721400
2.721440
2.721480
2.721520
2.721560
2.721600
2.721600
2.721640
2.721640
2.721680
2.721680
2.721680
2.721720
2.721760
2.721760
2.721800
2.721840
2.721840
2.721880
2.721920
2.721960
2.722000
2.722040
2.722080
2.722120
2.722160
2.722200
2.722240
2.722280
2.722320
2.722360
2.722400
2.722440
2.722480
2.722520
2.722560
2.722560
2.722600
2.722640
2.722640
2.722680
2.722720
2.722760
2.722800
2.722840
2.722880
2.722920
2.722960
2.723000
2.723040
2.723080
2.723080
2.723080
2.723080
2.723120
2.723120
2.723160
2.723200
2.723200
2.723200
2.723200
2.723240
2.723280
2.723320
2.723320
2.723320
2.723360
2.723400
2.723440
2.723480
2.723520
2.723520
2.723560
2.723560
2.723560
2.723560
2.723600
2.723640
2.723640
2.723680
2.723680
2.723680
2.723720
2.723760
2.723800
2.723840
2.723880
2.723920
2.723960
2.724000
2.724040
2.724080
2.724080
2.724080
2.724120
2.724160
2.724160
2.724200
2.724240
2.724240
2.724240
2.724240
2.724280
2.724320
2.724320
2.724320
2.724360
2.724360
2.724400
2.724440
2.724480
2.724520
2.724560
2.724600
2.724640
2.724680
2.724720
2.724760
2.724760
2.724760
2.724800
2.724840
2.724840
2.724880
2.724880
2.724880
2.724920
2.724960
2.725000
2.725000
2.725040
2.725080
2.725120
2.725160
2.725200
2.725240
2.725280
2.725320
2.725360
2.725400
2.725440
2.725480
2.725520
2.725520
2.725560
2.725560
2.725600
2.725640
2.725680
2.725720
2.725760
2.725800
2.725840
2.725880
2.725880
2.725880
2.725920
2.725960
2.726000
2.726040
2.726080
2.726120
2.726160
2.726160
2.726200
2.726240
2.726280
2.726320
2.726360
2.726360
2.726400
2.726400
2.726440
2.726440
2.726440
2.726480
2.726520
2.726560
2.726600
2.726640
2.726680
2.726720
2.726760
2.726800
2.726800
2.726840
2.726880
2.726920
2.726960
2.727000
2.727040
2.727080
2.727120
2.727120
2.727120
2.727160
2.727200
2.727240
2.727240
2.727240
2.727280
2.727320
2.727360
2.727400
2.727440
2.727480
2.727520
2.727560
2.727600
2.727640
2.727680
2.727720
2.727760
2.727800
2.727840
2.727840
2.727880
2.727880
2.727920
2.727960
2.728000
2.728040
2.728040
2.728080
2.728120
2.728160
2.728200
2.728240
2.728280
2.728320
2.728360
2.728400
2.728440
2.728480
2.728520
2.728560
2.728600
2.728640
2.728640
2.728680
2.728720
2.728760
2.728800
2.728840
2.728840
2.728880
2.728920
2.728960
2.729000
2.729000
2.729040
2.729080
2.729120
2.729160
2.729200
2.729240
2.729280
2.729320
2.729320
2.729360
2.729400
2.729440
2.729480
2.729520
2.729560
2.729600
2.729640
2.729680
2.729720
2.729760
2.729800
2.729840
2.729840
2.729880
2.729920
2.729960
2.729960
2.730000
2.730000
2.730000
2.730040
2.730080
2.730080
2.730120
2.730160
2.730200
2.730240
2.730280
2.730320
2.730360
2.730400
2.730440
2.730440
2.730480
2.730480
2.730480
2.730520
2.730560
2.730600
2.730640
2.730680
2.730720
2.730760
2.730800
2.730840
2.730880
2.730920
2.730960
2.731000
2.731040
2.731080
2.731120
2.731160
2.731160
2.731200
2.731240
2.731280
2.731280
2.731320
2.731320
2.731360
2.731400
2.731440
2.731480
2.731520
2.731560
2.731560
2.731600
2.731640
2.731680
2.731720
2.731760
2.731800
2.731800
2.731840
2.731880
2.731920
2.731960
2.732000
2.732000
2.732040
2.732040
2.732080
2.732120
2.732120
2.732160
2.732200
2.732240
2.732280
2.732280
2.732320
2.732360
2.732400
2.732440
2.732480
2.732520
2.732560
2.732560
2.732600
2.732600
2.732640
2.732680
2.732720
2.732720
2.732760
2.732800
2.732840
2.732880
2.732920
2.732960
2.733000
2.733040
2.733080
2.733120
2.733160
2.733200
2.733240
2.733280
2.733320
2.733320
2.733360
2.733400
2.733440
2.733480
2.733480
2.733520
2.733560
2.733600
2.733640
2.733680
2.733720
2.733760
2.733760
2.733760
2.733800
2.733800
2.733800
2.733840
2.733880
2.733920
2.733960
2.734000
2.734040
2.734080
2.734120
2.734160
2.734200
2.734200
2.734200
2.734200
2.734200
2.734200
2.734240
2.734280
2.734280
2.734280
2.734320
2.734360
2.734400
2.734440
2.734480
2.734520
2.734560
2.734600
2.734640
2.734680
2.734720
2.734760
2.734800
2.734800
2.734840
2.734880
2.734920
2.734960
2.734960
2.735000
2.735040
2.735040
2.735080
2.735120
2.735160
2.735200
2.735200
2.735240
2.735280
2.735320
2.735360
2.735360
2.735400
2.735440
2.735480
2.735520
2.735560
2.735560
2.735600
2.735600
2.735640
2.735680
2.735720
2.735760
2.735800
2.735840
2.735880
2.735920
2.735960
2.736000
2.736040
2.736080
2.736120
2.736160
2.736160
2.736200
2.736200
2.736240
2.736280
2.736320
2.736360
2.736400
2.736440
2.736480
2.736520
2.736520
2.736520
2.736560
2.736600
2.736640
2.736680
2.736720
2.736720
2.736760
2.736800
2.736840
2.736880
2.736920
2.736960
2.737000
2.737040
2.737080
2.737120
2.737160
2.737200
2.737240
2.737240
2.737280
2.737320
2.737360
2.737400
2.737440
2.737480
2.737480
2.737520
2.737560
2.737560
2.737600
2.737640
2.737680
2.737720
2.737760
2.737800
2.737800
2.737840
2.737880
2.737920
2.737960
2.738000
2.738040
2.738080
2.738120
2.738160
2.738160
2.738160
2.738200
2.738240
2.738280
2.738320
2.738360
2.738400
2.738400
2.738440
2.738480
2.738480
2.738520
2.738560
2.738600
2.738640
2.738680
2.738720
2.738760
2.738800
2.738840
2.738880
2.738880
2.738920
2.738920
2.738920
2.738960
2.738960
2.739000
2.739040
2.739080
2.739120
2.739160
2.739160
2.739160
2.739200
2.739240
2.739280
2.739320
2.739360
2.739360
2.739360
2.739400
2.739400
2.739440
2.739480
2.739520
2.739520
2.739560
2.739560
2.739600
2.739640
2.739640
2.739680
2.739680
2.739720
2.739720
2.739720
2.739760
2.739800
2.739840
2.739840
2.739880
2.739920
2.739960
2.740000
2.740000
2.740040
2.740080
2.740120
2.740160
2.740200
2.740240
2.740280
2.740320
2.740360
2.740400
2.740400
2.740440
2.740480
2.740520
2.740520
2.740520
2.740560
2.740600
2.740640
2.740680
2.740680
2.740720
2.740760
2.740800
2.740800
2.740840
2.740880
2.740920
2.740960
2.741000
2.741040
2.741040
2.741080
2.741120
2.741160
2.741200
2.741240
2.741280
2.741320
2.741320
2.741360
2.741400
2.741440
2.741440
2.741480
2.741520
2.741560
2.741560
2.741600
2.741640
2.741640
2.741680
2.741680
2.741720
2.741760
2.741800
2.741840
2.741880
2.741920
2.741960
2.741960
2.742000
2.742000
2.742040
2.742080
2.742120
2.742160
2.742200
2.742240
2.742280
2.742320
2.742320
2.742360
2.742400
2.742440
2.742440
2.742480
2.742520
2.742560
2.742600
2.742640
2.742680
2.742720
2.742760
2.742760
2.742800
2.742840
2.742840
2.742880
2.742920
2.742960
2.743000
2.743040
2.743080
2.743120
2.743160
2.743200
2.743240
2.743240
2.743280
2.743320
2.743360
2.743400
2.743440
2.743480
2.743520
2.743560
2.743600
2.743640
2.743640
2.743680
2.743720
2.743760
2.743800
2.743840
2.743880
2.743920
2.743920
2.743960
2.744000
2.744040
2.744080
2.744080
2.744120
2.744160
2.744200
2.744240
2.744280
2.744320
2.744360
2.744400
2.744440
2.744480
2.744520
2.744560
2.744560
2.744600
2.744640
2.744680
2.744720
2.744720
2.744720
2.744760
2.744800
2.744840
2.744840
2.744880
2.744920
2.744920
2.744960
2.745000
2.745040
2.745080
2.745080
2.745120
2.745120
2.745120
2.745160
2.745200
2.745200
2.745240
2.745280
2.745320
2.745360
2.745360
2.745400
2.745440
2.745480
2.745480
2.745480
2.745520
2.745560
2.745600
2.745640
2.745640
2.745680
2.745680
2.745680
2.745720
2.745720
2.745760
2.745800
2.745800
2.745800
2.745840
2.745880
2.745920
2.745920
2.745960
2.745960
2.746000
2.746000
2.746040
2.746080
2.746080
2.746120
2.746160
2.746200
2.746240
2.746280
2.746320
2.746320
2.746360
2.746400
2.746440
2.746480
2.746520
2.746560
2.746560
2.746600
2.746640
2.746640
2.746680
2.746720
2.746720
2.746760
2.746800
2.746840
2.746880
2.746920
2.746960
2.747000
2.747040
2.747080
2.747080
2.747120
2.747120
2.747160
2.747200
2.747240
2.747240
2.747280
2.747320
2.747360
2.747400
2.747440
2.747480
2.747520
2.747560
2.747600
2.747640
2.747680
2.747720
2.747760
2.747800
2.747840
2.747840
2.747840
2.747880
2.747920
2.747960
2.748000
2.748040
2.748080
2.748120
2.748160
2.748200
2.748240
2.748280
2.748280
2.748320
2.748360
2.748400
2.748440
2.748480
2.748520
2.748560
2.748600
2.748640
2.748680
2.748720
2.748760
2.748800
2.748800
2.748800
2.748840
2.748880
2.748880
2.748920
2.748960
2.748960
2.749000
2.749040
2.749080
2.749080
2.749080
2.749120
2.749160
2.749200
2.749240
2.749280
2.749320
2.749360
2.749400
2.749440
2.749480
2.749520
2.749560
2.749600
2.749640
2.749640
2.749680
2.749720
2.749720
2.749760
2.749760
2.749800
2.749840
2.749880
2.749880
2.749920
2.749920
2.749960
2.749960
2.749960
2.750000
2.750040
2.750080
2.750120
2.750160
2.750200
2.750240
2.750280
2.750320
2.750360
2.750400
2.750440
2.750440
2.750480
2.750520
2.750520
2.750560
2.750560
2.750600
2.750640
2.750640
2.750640
2.750680
2.750680
2.750720
2.750720
2.750720
2.750760
2.750800
2.750840
2.750880
2.750920
2.750960
2.751000
2.751040
2.751080
2.751120
2.751160
2.751200
2.751240
2.751280
2.751320
2.751320
2.751320
2.751360
2.751400
2.751440
2.751480
2.751520
2.751560
2.751600
2.751640
2.751680
2.751720
2.751760
2.751800
2.751840
2.751840
2.751840
2.751840
2.751880
2.751920
2.751960
2.752000
2.752040
2.752080
2.752120
2.752160
2.752200
2.752240
2.752280
2.752320
2.752360
2.752400
2.752400
2.752440
2.752480
2.752520
2.752560
2.752600
2.752640
2.752640
2.752680
2.752720
2.752760
2.752800
2.752840
2.752880
2.752920
2.752960
2.753000
2.753040
2.753040
2.753080
2.753120
2.753160
2.753200
2.753240
2.753280
2.753320
2.753320
2.753360
2.753400
2.753440
2.753440
2.753440
2.753480
2.753520
2.753560
2.753560
2.753600
2.753600
2.753600
2.753600
2.753600
2.753640
2.753680
2.753720
2.753720
2.753760
2.753800
2.753840
2.753880
2.753880
2.753920
2.753960
2.753960
2.754000
2.754040
2.754080
2.754080
2.754120
2.754160
2.754200
2.754240
2.754280
2.754320
2.754360
2.754400
2.754440
2.754440
2.754440
2.754480
2.754520
2.754560
2.754600
2.754640
2.754640
2.754680
2.754720
2.754760
2.754800
2.754800
2.754840
2.754840
2.754880
2.754920
2.754920
2.754960
2.754960
2.755000
2.755040
2.755080
2.755080
2.755120
2.755160
2.755200
2.755240
2.755280
2.755280
2.755320
2.755360
2.755400
2.755440
2.755480
2.755520
2.755560
2.755600
2.755640
2.755640
2.755680
2.755720
2.755760
2.755800
2.755800
2.755840
2.755880
2.755920
2.755920
2.755960
2.755960
2.756000
2.756040
2.756080
2.756120
2.756160
2.756200
2.756240
2.756280
2.756320
2.756360
2.756360
2.756400
2.756440
2.756480
2.756520
2.756560
2.756600
2.756640
2.756640
2.756680
2.756720
2.756760
2.756800
2.756840
2.756880
2.756880
2.756880
2.756920
2.756920
2.756960
2.757000
2.757000
2.757040
2.757080
2.757120
2.757160
2.757200
2.757240
2.757280
2.757320
2.757360
2.757400
2.757440
2.757480
2.757520
2.757560
2.757600
2.757640
2.757680
2.757720
2.757760
2.757760
2.757800
2.757840
2.757880
2.757920
2.757920
2.757960
2.758000
2.758040
2.758040
2.758080
2.758120
2.758160
2.758200
2.758240
2.758280
2.758320
2.758360
2.758400
2.758440
2.758480
2.758520
2.758560
2.758560
2.758600
2.758640
2.758640
2.758680
2.758720
2.758760
2.758800
2.758840
2.758880
2.758880
2.758920
2.758960
2.759000
2.759040
2.759040
2.759080
2.759120
2.759160
2.759200
2.759200
2.759240
2.759280
2.759280
2.759320
2.759360
2.759400
2.759440
2.759440
2.759440
2.759480
2.759520
2.759520
2.759560
2.759600
2.759640
2.759680
2.759720
2.759760
2.759800
2.759800
2.759840
2.759880
2.759920
2.759960
2.760000
2.760000
2.760040
2.760080
2.760080
2.760080
2.760080
2.760120
2.760160
2.760200
2.760200
2.760200
2.760200
2.760240
2.760280
2.760320
2.760320
2.760360
2.760400
2.760440
2.760480
2.760520
2.760560
2.760560
2.760600
2.760640
2.760680
2.760720
2.760760
2.760760
2.760800
2.760840
2.760840
2.760880
2.760920
2.760960
2.761000
2.761040
2.761040
2.761080
2.761080
2.761120
2.761160
2.761200
2.761240
2.761280
2.761320
2.761360
2.761400
2.761440
2.761480
2.761480
2.761520
2.761560
2.761600
2.761640
2.761680
2.761720
2.761760
2.761800
2.761840
2.761880
2.761920
2.761920
2.761960
2.762000
2.762040
2.762080
2.762080
2.762120
2.762160
2.762200
2.762240
2.762280
2.762320
2.762360
2.762360
2.762400
2.762440
2.762440
2.762480
2.762520
2.762560
2.762600
2.762640
2.762680
2.762720
2.762760
2.762800
2.762840
2.762880
2.762920
2.762920
2.762920
2.762960
2.763000
2.763000
2.763040
2.763080
2.763120
2.763160
2.763200
2.763240
2.763280
2.763320
2.763360
2.763360
2.763400
2.763440
2.763480
2.763520
2.763560
2.763600
2.763640
2.763680
2.763720
2.763760
2.763800
2.763840
2.763880
2.763920
2.763920
2.763920
2.763960
2.764000
2.764040
2.764080
2.764120
2.764160
2.764200
2.764240
2.764240
2.764280
2.764280
2.764320
2.764360
2.764400
2.764400
2.764440
2.764480
2.764520
2.764520
2.764560
2.764560
2.764600
2.764640
2.764680
2.764720
2.764720
2.764760
2.764800
2.764840
2.764840
2.764880
2.764880
2.764920
2.764960
2.765000
2.765040
2.765040
2.765080
2.765120
2.765160
2.765160
2.765200
2.765240
2.765280
2.765320
2.765360
2.765400
2.765440
2.765480
2.765520
2.765560
2.765600
2.765640
2.765640
2.765680
2.765680
2.765720
2.765760
2.765760
2.765800
2.765800
2.765840
2.765840
2.765880
2.765920
2.765960
2.766000
2.766000
2.766040
2.766080
2.766080
2.766120
2.766160
2.766160
2.766200
2.766240
2.766280
2.766280
2.766320
2.766320
2.766360
2.766360
2.766360
2.766400
2.766440
2.766480
2.766520
2.766560
2.766600
2.766640
2.766680
2.766680
2.766680
2.766720
2.766760
2.766800
2.766840
2.766880
2.766920
2.766960
2.766960
2.767000
2.767040
2.767080
2.767080
2.767120
2.767120
2.767160
2.767200
2.767240
2.767240
2.767280
2.767280
2.767320
2.767360
2.767400
2.767440
2.767480
2.767520
2.767560
2.767600
2.767640
2.767640
2.767640
2.767640
2.767680
2.767680
2.767720
2.767760
2.767760
2.767800
2.767840
2.767880
2.767920
2.767960
2.768000
2.768040
2.768040
2.768080
2.768080
2.768120
2.768160
2.768160
2.768200
2.768240
2.768280
2.768320
2.768360
2.768400
2.768440
2.768480
2.768520
2.768560
2.768600
2.768640
2.768680
2.768720
2.768760
2.768760
2.768760
2.768800
2.768840
2.768880
2.768920
2.768920
2.768960
2.769000
2.769040
2.769080
2.769120
2.769120
2.769160
2.769160
2.769200
2.769240
2.769240
2.769280
2.769320
2.769360
2.769400
2.769440
2.769480
2.769520
2.769560
2.769600
2.769640
2.769680
2.769720
2.769720
2.769720
2.769760
2.769760
2.769800
2.769840
2.769880
2.769920
2.769960
2.770000
2.770040
2.770040
2.770080
2.770120
2.770160
2.770200
2.770200
2.770240
2.770280
2.770320
2.770360
2.770400
2.770440
2.770480
2.770520
2.770560
2.770600
2.770640
2.770680
2.770720
2.770760
2.770800
2.770840
2.770880
2.770880
2.770920
2.770960
2.771000
2.771040
2.771080
2.771080
2.771120
2.771160
2.771160
2.771200
2.771240
2.771280
2.771320
2.771320
2.771360
2.771400
2.771440
2.771480
2.771520
2.771560
2.771600
2.771600
2.771640
2.771640
2.771640
2.771640
2.771680
2.771720
2.771760
2.771800
2.771840
2.771880
2.771920
2.771920
2.771960
2.771960
2.772000
2.772040
2.772080
2.772120
2.772160
2.772200
2.772240
2.772280
2.772320
2.772360
2.772400
2.772440
2.772480
2.772520
2.772560
2.772600
2.772640
2.772680
2.772720
2.772760
2.772800
2.772840
2.772880
2.772880
2.772920
2.772960
2.773000
2.773040
2.773080
2.773120
2.773160
2.773160
2.773160
2.773200
2.773240
2.773280
2.773280
2.773320
2.773360
2.773400
2.773440
2.773440
2.773480
2.773520
2.773560
2.773600
2.773640
2.773680
2.773720
2.773760
2.773800
2.773840
2.773880
2.773880
2.773920
2.773920
2.773960
2.774000
2.774040
2.774080
2.774120
2.774160
2.774200
2.774240
2.774280
2.774320
2.774360
2.774400
2.774400
2.774440
2.774480
2.774520
2.774520
2.774560
2.774600
2.774640
2.774680
2.774720
2.774760
2.774800
2.774800
2.774840
2.774880
2.774920
2.774960
2.775000
2.775040
2.775080
2.775120
2.775160
2.775200
2.775240
2.775280
2.775320
2.775320
2.775360
2.775360
2.775400
2.775440
2.775480
2.775520
2.775560
2.775600
2.775600
2.775640
2.775680
2.775720
2.775760
2.775800
2.775840
2.775880
2.775880
2.775920
2.775960
2.776000
2.776040
2.776040
2.776080
2.776080
2.776080
2.776120
2.776160
2.776200
2.776240
2.776280
2.776280
2.776320
2.776360
2.776360
2.776400
2.776440
2.776480
2.776520
2.776560
2.776600
2.776640
2.776680
2.776720
2.776760
2.776800
2.776840
2.776880
2.776880
2.776920
2.776960
2.777000
2.777040
2.777080
2.777120
2.777160
2.777200
2.777200
2.777240
2.777280
2.777280
2.777320
2.777360
2.777400
2.777440
2.777480
2.777520
2.777560
2.777600
2.777640
2.777680
2.777720
2.777760
2.777800
2.777840
2.777880
2.777920
2.777920
2.777960
2.778000
2.778040
2.778080
2.778120
2.778160
2.778200
2.778240
2.778240
2.778280
2.778320
2.778320
2.778320
2.778360
2.778400
2.778440
2.778440
2.778480
2.778520
2.778560
2.778600
2.778640
2.778680
2.778720
2.778720
2.778760
2.778800
2.778840
2.778880
2.778920
2.778960
2.778960
2.779000
2.779040
2.779080
2.779120
2.779160
2.779200
2.779240
2.779280
2.779280
2.779320
2.779320
2.779360
2.779400
2.779440
2.779480
2.779520
2.779560
2.779600
2.779640
2.779680
2.779720
2.779760
2.779760
2.779760
2.779800
2.779840
2.779840
2.779880
2.779920
2.779960
2.780000
2.780040
2.780080
2.780120
2.780160
2.780200
2.780240
2.780280
2.780320
2.780320
2.780320
2.780360
2.780400
2.780400
2.780400
2.780440
2.780480
2.780520
2.780560
2.780600
2.780640
2.780680
2.780720
2.780720
2.780760
2.780800
2.780840
2.780880
2.780920
2.780960
2.781000
2.781000
2.781040
2.781080
2.781120
2.781160
2.781200
2.781200
2.781240
2.781240
2.781240
2.781280
2.781320
2.781360
2.781400
2.781400
2.781440
2.781480
2.781520
2.781560
2.781600
2.781640
2.781680
2.781720
2.781720
2.781760
2.781800
2.781840
2.781880
2.781920
2.781960
2.782000
2.782040
2.782080
2.782120
2.782160
2.782200
2.782200
2.782240
2.782280
2.782320
2.782320
2.782360
2.782400
2.782440
2.782480
2.782520
2.782560
2.782600
2.782640
2.782680
2.782680
2.782720
2.782760
2.782800
2.782840
2.782880
2.782920
2.782920
2.782960
2.783000
2.783000
2.783040
2.783080
2.783120
2.783160
2.783200
2.783240
2.783240
2.783280
2.783320
2.783360
2.783400
2.783440
2.783480
2.783520
2.783560
2.783560
2.783600
2.783640
2.783680
2.783720
2.783720
2.783760
2.783760
2.783800
2.783840
2.783880
2.783920
2.783920
2.783960
2.784000
2.784040
2.784080
2.784120
2.784120
2.784160
2.784200
2.784240
2.784280
2.784280
2.784320
2.784360
2.784400
2.784440
2.784440
2.784440
2.784440
2.784480
2.784520
2.784560
2.784600
2.784600
2.784640
2.784680
2.784720
2.784760
2.784800
2.784840
2.784880
2.784920
2.784960
2.784960
2.785000
2.785040
2.785080
2.785120
2.785120
2.785160
2.785200
2.785240
2.785240
2.785240
2.785280
2.785280
2.785320
2.785360
2.785360
2.785400
2.785440
2.785480
2.785520
2.785560
2.785560
2.785600
2.785640
2.785680
2.785720
2.785760
2.785800
2.785840
2.785880
2.785880
2.785920
2.785960
2.785960
2.786000
2.786000
2.786040
2.786080
2.786120
2.786160
2.786200
2.786240
2.786280
2.786320
2.786360
2.786360
2.786360
2.786400
2.786440
2.786480
2.786520
2.786560
2.786600
2.786600
2.786640
2.786680
2.786720
2.786720
2.786760
2.786760
2.786760
2.786800
2.786840
2.786880
2.786920
2.786960
2.787000
2.787000
2.787040
2.787080
2.787120
2.787120
2.787160
2.787200
2.787200
2.787240
2.787280
2.787320
2.787360
2.787400
2.787400
2.787440
2.787480
2.787520
2.787560
2.787600
2.787640
2.787680
2.787680
2.787720
2.787760
2.787760
2.787800
2.787840
2.787840
2.787880
2.787920
2.787960
2.788000
2.788000
2.788040
2.788080
2.788120
2.788120
2.788160
2.788200
2.788200
2.788200
2.788200
2.788200
2.788240
2.788280
2.788320
2.788360
2.788360
2.788400
2.788440
2.788480
2.788480
2.788520
2.788560
2.788560
2.788600
2.788640
2.788680
2.788720
2.788760
2.788800
2.788840
2.788840
2.788880
2.788920
2.788960
2.789000
2.789000
2.789000
2.789040
2.789040
2.789040
2.789080
2.789080
2.789120
2.789160
2.789200
2.789200
2.789240
2.789280
2.789320
2.789360
2.789400
2.789440
2.789440
2.789480
2.789520
2.789560
2.789600
2.789600
2.789600
2.789600
2.789640
2.789680
2.789720
2.789760
2.789800
2.789800
2.789840
2.789880
2.789920
2.789960
2.789960
2.790000
2.790040
2.790080
2.790080
2.790120
2.790120
2.790160
2.790160
2.790160
2.790200
2.790200
2.790240
2.790280
2.790320
2.790320
2.790360
2.790400
2.790440
2.790480
2.790480
2.790480
2.790520
2.790560
2.790600
2.790640
2.790680
2.790720
2.790760
2.790800
2.790840
2.790880
2.790920
2.790960
2.791000
2.791000
2.791040
2.791080
2.791120
2.791120
2.791160
2.791160
2.791160
2.791160
2.791200
2.791240
2.791280
2.791320
2.791360
2.791400
2.791400
2.791440
2.791480
2.791520
2.791560
2.791560
2.791560
2.791600
2.791640
2.791680
2.791720
2.791760
2.791800
2.791840
2.791880
2.791920
2.791960
2.792000
2.792040
2.792080
2.792120
2.792160
2.792200
2.792240
2.792280
2.792320
2.792360
2.792400
2.792400
2.792440
2.792480
2.792520
2.792560
2.792600
2.792600
2.792640
2.792680
2.792720
2.792760
2.792760
2.792800
2.792840
2.792840
2.792880
2.792880
2.792920
2.792960
2.792960
2.793000
2.793040
2.793080
2.793120
2.793160
2.793200
2.793240
2.793280
2.793320
2.793360
2.793400
2.793440
2.793480
2.793520
2.793560
2.793600
2.793640
2.793680
2.793720
2.793760
2.793760
2.793800
2.793800
2.793840
2.793880
2.793920
2.793960
2.794000
2.794040
2.794080
2.794120
2.794120
2.794160
2.794200
2.794240
2.794280
2.794320
2.794320
2.794360
2.794400
2.794440
2.794480
2.794480
2.794520
2.794560
2.794600
2.794640
2.794680
2.794720
2.794760
2.794800
2.794800
2.794840
2.794840
2.794880
2.794920
2.794960
2.794960
2.795000
2.795040
2.795080
2.795080
2.795120
2.795160
2.795200
2.795240
2.795280
2.795320
2.795360
2.795400
2.795440
2.795480
2.795480
2.795480
2.795520
2.795560
2.795600
2.795640
2.795640
2.795680
2.795720
2.795760
2.795800
2.795840
2.795880
2.795920
2.795960
2.796000
2.796000
2.796040
2.796080
2.796120
2.796160
2.796200
2.796240
2.796280
2.796320
2.796320
2.796360
2.796360
2.796400
2.796440
2.796480
2.796520
2.796560
2.796600
2.796640
2.796640
2.796680
2.796720
2.796760
2.796800
2.796840
2.796880
2.796920
2.796960
2.797000
2.797040
2.797080
2.797120
2.797160
2.797200
2.797240
2.797280
2.797320
2.797360
2.797400
2.797400
2.797440
2.797480
2.797520
2.797560
2.797560
2.797600
2.797640
2.797680
2.797680
2.797680
2.797720
2.797760
2.797760
2.797800
2.797840
2.797880
2.797880
2.797920
2.797960
2.798000
2.798000
2.798040
2.798080
2.798120
2.798160
2.798200
2.798200
2.798240
2.798280
2.798280
2.798280
2.798320
2.798360
2.798400
2.798440
2.798440
2.798480
2.798520
2.798560
2.798600
2.798640
2.798680
2.798720
2.798760
2.798800
2.798840
2.798880
2.798880
2.798880
2.798920
2.798920
2.798960
2.799000
2.799040
2.799040
2.799080
2.799120
2.799160
2.799200
2.799240
2.799280
2.799320
2.799360
2.799400
2.799440
2.799480
2.799520
2.799560
2.799600
2.799640
2.799680
2.799720
2.799760
2.799800
2.799840
2.799880
2.799920
2.799960
2.800000
2.800000
2.800040
2.800080
2.800120
2.800160
2.800200
2.800200
2.800240
2.800280
2.800320
2.800360
2.800360
2.800360
2.800400
2.800440
2.800440
2.800440
2.800480
2.800520
2.800560
2.800600
2.800640
2.800640
2.800680
2.800720
2.800760
2.800760
2.800800
2.800840
2.800880
2.800920
2.800920
2.800960
2.801000
2.801040
2.801040
2.801080
2.801080
2.801120
2.801160
2.801200
2.801240
2.801240
2.801280
2.801320
2.801360
2.801360
2.801400
2.801440
2.801480
2.801520
2.801560
2.801600
2.801640
2.801680
2.801720
2.801760
2.801800
2.801840
2.801880
2.801880
2.801880
2.801920
2.801920
2.801960
2.802000
2.802040
2.802080
2.802120
2.802160
2.802200
2.802240
2.802240
2.802280
2.802320
2.802360
2.802400
2.802440
2.802480
2.802520
2.802560
2.802600
2.802640
2.802680
2.802720
2.802760
2.802800
2.802840
2.802880
2.802880
2.802920
2.802960
2.803000
2.803040
2.803080
2.803080
2.803120
2.803160
2.803200
2.803240
2.803280
2.803320
2.803320
2.803360
2.803400
2.803400
2.803440
2.803480
2.803520
2.803560
2.803600
2.803600
2.803640
2.803640
2.803680
2.803720
2.803760
2.803800
2.803840
2.803840
2.803880
2.803880
2.803920
2.803960
2.804000
2.804040
2.804080
2.804120
2.804160
2.804200
2.804200
2.804240
2.804280
2.804320
2.804360
2.804360
2.804400
2.804440
2.804440
2.804440
2.804440
2.804480
2.804520
2.804560
2.804560
2.804600
2.804600
2.804600
2.804600
2.804640
2.804640
2.804680
2.804680
2.804720
2.804720
2.804760
2.804800
2.804840
2.804880
2.804920
2.804960
2.805000
2.805040
2.805080
2.805120
2.805160
2.805200
2.805200
2.805240
2.805280
2.805320
2.805360
2.805400
2.805400
2.805440
2.805480
2.805520
2.805560
2.805600
2.805640
2.805680
2.805720
2.805760
2.805800
2.805840
2.805840
2.805880
2.805920
2.805960
2.806000
2.806040
2.806080
2.806080
2.806120
2.806160
2.806200
2.806240
2.806280
2.806320
2.806320
2.806360
2.806360
2.806360
2.806360
2.806400
2.806400
2.806440
2.806440
2.806480
2.806520
2.806520
2.806560
2.806600
2.806640
2.806680
2.806680
2.806720
2.806760
2.806800
2.806840
2.806840
2.806880
2.806920
2.806960
2.807000
2.807040
2.807080
2.807120
2.807160
2.807160
2.807200
2.807240
2.807280
2.807320
2.807360
2.807400
2.807440
2.807440
2.807480
2.807520
2.807560
2.807600
2.807640
2.807680
2.807720
2.807760
2.807760
2.807800
2.807840
2.807880
2.807920
2.807960
2.808000
2.808040
2.808080
2.808120
2.808160
2.808200
2.808240
2.808280
2.808320
2.808360
2.808400
2.808440
2.808480
2.808520
2.808560
2.808600
2.808640
2.808680
2.808720
2.808760
2.808760
2.808800
2.808840
2.808880
2.808880
2.808920
2.808960
2.809000
2.809000
2.809040
2.809080
2.809080
2.809120
2.809120
2.809120
2.809120
2.809160
2.809200
2.809240
2.809280
2.809320
2.809360
2.809400
2.809440
2.809440
2.809480
2.809520
2.809520
2.809560
2.809560
2.809600
2.809640
2.809680
2.809720
2.809760
2.809800
2.809800
2.809840
2.809840
2.809840
2.809880
2.809920
2.809960
2.810000
2.810040
2.810080
2.810120
2.810160
2.810200
2.810240
2.810280
2.810280
2.810320
2.810360
2.810400
2.810440
2.810480
2.810520
2.810560
2.810560
2.810600
2.810640
2.810680
2.810720
2.810760
2.810800
2.810800
2.810800
2.810840
2.810880
2.810920
2.810960
2.811000
2.811000
2.811040
2.811080
2.811120
2.811160
2.811160
2.811160
2.811200
2.811240
2.811280
2.811280
2.811320
2.811360
2.811360
2.811400
2.811440
2.811440
2.811440
2.811480
2.811520
2.811560
2.811600
2.811640
2.811680
2.811720
2.811760
2.811800
2.811840
2.811880
2.811880
2.811920
2.811960
2.812000
2.812000
2.812040
2.812080
2.812080
2.812120
2.812160
2.812200
2.812240
2.812240
2.812280
2.812280
2.812320
2.812320
2.812320
2.812360
2.812400
2.812440
2.812480
2.812520
2.812560
2.812600
2.812640
2.812640
2.812680
2.812720
2.812720
2.812760
2.812760
2.812800
2.812840
2.812880
2.812920
2.812960
2.813000
2.813040
2.813040
2.813080
2.813120
2.813160
2.813160
2.813200
2.813240
2.813280
2.813320
2.813360
2.813360
2.813400
2.813400
2.813440
2.813480
2.813520
2.813520
2.813560
2.813600
2.813600
2.813640
2.813680
2.813680
2.813720
2.813720
2.813760
2.813800
2.813840
2.813880
2.813880
2.813920
2.813920
2.813920
2.813960
2.814000
2.814040
2.814080
2.814080
2.814120
2.814160
2.814200
2.814240
2.814280
2.814320
2.814360
2.814400
2.814440
2.814440
2.814480
2.814520
2.814560
2.814600
2.814640
2.814640
2.814680
2.814720
2.814760
2.814800
2.814840
2.814880
2.814920
2.814960
2.814960
2.815000
2.815000
2.815000
2.815040
2.815080
2.815120
2.815160
2.815200
2.815240
2.815280
2.815280
2.815320
2.815320
2.815360
2.815400
2.815400
2.815440
2.815440
2.815480
2.815480
2.815520
2.815560
2.815600
2.815640
2.815640
2.815640
2.815680
2.815680
2.815720
2.815760
2.815800
2.815840
2.815880
2.815920
2.815960
2.816000
2.816000
2.816040
2.816080
2.816120
2.816120
2.816160
2.816200
2.816240
2.816280
2.816280
2.816280
2.816320
2.816320
2.816360
2.816400
2.816440
2.816480
2.816480
2.816520
2.816560
2.816600
2.816640
2.816640
2.816680
2.816720
2.816760
2.816800
2.816840
2.816880
2.816920
2.816960
2.816960
2.816960
2.816960
2.817000
2.817040
2.817080
2.817080
2.817120
2.817160
2.817200
2.817240
2.817280
2.817280
2.817320
2.817360
2.817400
2.817440
2.817440
2.817440
2.817480
2.817520
2.817560
2.817600
2.817640
2.817680
2.817720
2.817720
2.817760
2.817800
2.817840
2.817880
2.817920
2.817960
2.817960
2.817960
2.818000
2.818040
2.818080
2.818080
2.818120
2.818160
2.818200
2.818240
2.818240
2.818280
2.818320
2.818320
2.818320
2.818360
2.818400
2.818440
2.818480
2.818520
2.818560
2.818600
2.818640
2.818680
2.818720
2.818760
2.818760
2.818800
2.818840
2.818880
2.818920
2.818960
2.818960
2.819000
2.819000
2.819040
2.819040
2.819080
2.819120
2.819160
2.819200
2.819240
2.819280
2.819320
2.819360
2.819400
2.819400
2.819400
2.819440
2.819480
2.819520
2.819560
2.819600
2.819640
2.819680
2.819720
2.819760
2.819800
2.819840
2.819880
2.819880
2.819920
2.819960
2.820000
2.820040
2.820040
2.820080
2.820120
2.820120
2.820160
2.820200
2.820200
2.820240
2.820280
2.820320
2.820360
2.820360
2.820360
2.820360
2.820400
2.820440
2.820480
2.820520
2.820520
2.820560
2.820600
2.820600
2.820600
2.820640
2.820680
2.820720
2.820760
2.820800
2.820840
2.820880
2.820920
2.820920
2.820920
2.820920
2.820920
2.820960
2.820960
2.820960
2.821000
2.821040
2.821080
2.821120
2.821160
2.821200
2.821240
2.821280
2.821320
2.821360
2.821400
2.821440
2.821480
2.821520
2.821560
2.821560
2.821560
2.821600
2.821640
2.821640
2.821680
2.821720
2.821720
2.821760
2.821760
2.821800
2.821840
2.821840
2.821880
2.821920
2.821960
2.822000
2.822000
2.822040
2.822040
2.822040
2.822080
2.822120
2.822160
2.822200
2.822240
2.822280
2.822320
2.822360
2.822400
2.822440
2.822440
2.822440
2.822480
2.822520
2.822560
2.822560
2.822600
2.822640
2.822680
2.822680
2.822720
2.822760
2.822800
2.822840
2.822880
2.822920
2.822920
2.822960
2.823000
2.823040
2.823080
2.823120
2.823160
2.823160
2.823200
2.823240
2.823280
2.823320
2.823360
2.823400
2.823400
2.823440
2.823480
2.823520
2.823560
2.823600
2.823640
2.823640
2.823680
2.823720
2.823760
2.823800
2.823800
2.823800
2.823840
2.823840
2.823880
2.823880
2.823920
2.823960
2.824000
2.824040
2.824040
2.824080
2.824120
2.824160
2.824200
2.824240
2.824280
2.824320
2.824320
2.824360
2.824360
2.824400
2.824440
2.824440
2.824480
2.824520
2.824560
2.824600
2.824640
2.824680
2.824680
2.824680
2.824720
2.824760
2.824800
2.824840
2.824880
2.824920
2.824960
2.825000
2.825000
2.825040
2.825080
2.825080
2.825120
2.825160
2.825160
2.825200
2.825240
2.825280
2.825320
2.825360
2.825360
2.825400
2.825440
2.825480
2.825520
2.825560
2.825600
2.825640
2.825680
2.825720
2.825760
2.825800
2.825840
2.825840
2.825880
2.825920
2.825960
2.826000
2.826040
2.826080
2.826120
2.826160
2.826200
2.826200
2.826240
2.826280
2.826320
2.826360
2.826400
2.826440
2.826480
2.826520
2.826520
2.826560
2.826600
2.826640
2.826680
2.826720
2.826760
2.826800
2.826840
2.826880
2.826880
2.826920
2.826960
2.826960
2.826960
2.827000
2.827040
2.827080
2.827120
2.827160
2.827160
2.827200
2.827240
2.827280
2.827320
2.827360
2.827400
2.827440
2.827480
2.827520
2.827560
2.827600
2.827640
2.827640
2.827680
2.827720
2.827760
2.827800
2.827840
2.827880
2.827880
2.827880
2.827920
2.827960
2.828000
2.828040
2.828080
2.828120
2.828160
2.828200
2.828240
2.828240
2.828280
2.828320
2.828360
2.828400
2.828440
2.828480
2.828520
2.828560
2.828600
2.828600
2.828640
2.828680
2.828680
2.828720
2.828760
2.828800
2.828840
2.828880
2.828920
2.828960
2.829000
2.829040
2.829080
2.829120
2.829160
2.829200
2.829200
2.829240
2.829280
2.829280
2.829320
2.829360
2.829400
2.829440
2.829440
2.829480
2.829520
2.829560
2.829600
2.829640
2.829680
2.829720
2.829760
2.829800
2.829840
2.829840
2.829880
2.829920
2.829960
2.830000
2.830040
2.830080
2.830120
2.830160
2.830200
2.830240
2.830280
2.830320
2.830360
2.830360
2.830360
2.830400
2.830400
2.830440
2.830480
2.830520
2.830560
2.830600
2.830640
2.830680
2.830720
2.830760
2.830800
2.830840
2.830880
2.830920
2.830960
2.831000
2.831040
2.831040
2.831040
2.831040
2.831080
2.831120
2.831120
2.831160
2.831200
2.831240
2.831280
2.831320
2.831320
2.831320
2.831360
2.831360
2.831400
2.831440
2.831480
2.831520
2.831560
2.831600
2.831600
2.831640
2.831680
2.831720
2.831720
2.831760
2.831760
2.831800
2.831840
2.831880
2.831920
2.831920
2.831960
2.832000
2.832040
2.832040
2.832080
2.832080
2.832120
2.832160
2.832200
2.832200
2.832200
2.832200
2.832240
2.832280
2.832320
2.832360
2.832360
2.832400
2.832440
2.832480
2.832520
2.832560
2.832560
2.832600
2.832640
2.832680
2.832720
2.832760
2.832800
2.832800
2.832840
2.832880
2.832920
2.832920
2.832960
2.833000
2.833040
2.833080
2.833120
2.833160
2.833160
2.833200
2.833240
2.833280
2.833320
2.833360
2.833360
2.833360
2.833360
2.833400
2.833440
2.833480
2.833480
2.833520
2.833560
2.833600
2.833640
2.833680
2.833720
2.833760
2.833800
2.833840
2.833880
2.833920
2.833920
2.833920
2.833960
2.834000
2.834040
2.834080
2.834120
2.834160
2.834200
2.834240
2.834280
2.834320
2.834360
2.834400
2.834440
2.834440
2.834480
2.834480
2.834520
2.834560
2.834600
2.834640
2.834680
2.834720
2.834760
2.834800
2.834840
2.834880
2.834920
2.834960
2.834960
2.835000
2.835040
2.835040
2.835080
2.835120
2.835160
2.835200
2.835240
2.835280
2.835280
2.835320
2.835360
2.835400
2.835400
2.835440
2.835480
2.835520
2.835560
2.835600
2.835640
2.835680
2.835720
2.835760
2.835800
2.835800
2.835800
2.835840
2.835880
2.835920
2.835960
2.836000
2.836040
2.836080
2.836120
2.836120
2.836120
2.836160
2.836200
2.836240
2.836280
2.836320
2.836320
2.836360
2.836360
2.836400
2.836440
2.836480
2.836520
2.836520
2.836560
2.836600
2.836600
2.836600
2.836640
2.836680
2.836680
2.836680
2.836720
2.836760
2.836800
2.836840
2.836880
2.836880
2.836880
2.836920
2.836920
2.836960
2.837000
2.837040
2.837080
2.837120
2.837120
2.837160
2.837200
2.837240
2.837280
2.837280
2.837320
2.837320
2.837360
2.837400
2.837440
2.837480
2.837520
2.837560
2.837600
2.837640
2.837680
2.837720
2.837760
2.837800
2.837840
2.837840
2.837840
2.837840
2.837880
2.837920
2.837960
2.837960
2.838000
2.838040
2.838080
2.838120
2.838120
2.838160
2.838160
2.838200
2.838240
2.838280
2.838320
2.838360
2.838400
2.838440
2.838480
2.838520
2.838560
2.838600
2.838640
2.838680
2.838720
2.838760
2.838800
2.838800
2.838840
2.838880
2.838920
2.838960
2.838960
2.839000
2.839040
2.839080
2.839120
2.839160
2.839200
2.839240
2.839240
2.839280
2.839320
2.839360
2.839360
2.839400
2.839400
2.839440
2.839480
2.839520
2.839560
2.839600
2.839640
2.839680
2.839680
2.839720
2.839760
2.839800
2.839840
2.839880
2.839880
2.839920
2.839960
2.840000
2.840040
2.840080
2.840120
2.840120
2.840160
2.840160
2.840200
2.840240
2.840280
2.840320
2.840360
2.840400
2.840440
2.840480
2.840480
2.840520
2.840520
2.840560
2.840600
2.840640
2.840680
2.840720
2.840760
2.840800
2.840840
2.840880
2.840880
2.840920
2.840960
2.841000
2.841040
2.841080
2.841120
2.841160
2.841200
2.841240
2.841280
2.841320
2.841360
2.841360
2.841400
2.841440
2.841480
2.841520
2.841560
2.841600
2.841640
2.841640
2.841680
2.841720
2.841760
2.841800
2.841840
2.841880
2.841920
2.841960
2.842000
2.842000
2.842040
2.842080
2.842120
2.842160
2.842200
2.842200
2.842240
2.842280
2.842280
2.842320
2.842360
2.842400
2.842440
2.842480
2.842520
2.842520
2.842560
2.842600
2.842600
2.842640
2.842680
2.842720
2.842720
2.842760
2.842760
2.842800
2.842840
2.842880
2.842920
2.842960
2.843000
2.843040
2.843080
2.843120
2.843160
2.843200
2.843240
2.843280
2.843320
2.843320
2.843320
2.843360
2.843400
2.843440
2.843440
2.843480
2.843520
2.843520
2.843560
2.843600
2.843640
2.843680
2.843720
2.843760
2.843800
2.843840
2.843880
2.843920
2.843960
2.843960
2.844000
2.844040
2.844080
2.844120
2.844160
2.844160
2.844200
2.844200
2.844240
2.844240
2.844280
2.844320
2.844360
2.844400
2.844440
2.844480
2.844520
2.844520
2.844560
2.844600
2.844640
2.844680
2.844720
2.844760
2.844800
2.844840
2.844880
2.844920
2.844920
2.844960
2.845000
2.845040
2.845080
2.845080
2.845120
2.845160
2.845200
2.845240
2.845280
2.845320
2.845360
2.845360
2.845400
2.845440
2.845440
2.845480
2.845520
2.845560
2.845560
2.845600
2.845640
2.845680
2.845680
2.845720
2.845760
2.845800
2.845840
2.845880
2.845920
2.845960
2.846000
2.846040
2.846080
2.846120
2.846160
2.846200
2.846240
2.846240
2.846280
2.846320
2.846360
2.846400
2.846440
2.846480
2.846520
2.846560
2.846560
2.846560
2.846600
2.846640
2.846680
2.846720
2.846760
2.846800
2.846840
2.846880
2.846920
2.846960
2.847000
2.847040
2.847080
2.847120
2.847120
2.847120
2.847160
2.847160
2.847200
2.847240
2.847240
2.847280
2.847280
2.847320
2.847360
2.847400
2.847440
2.847440
2.847440
2.847480
2.847480
2.847520
2.847560
2.847600
2.847640
2.847680
2.847720
2.847760
2.847800
2.847840
2.847880
2.847920
2.847960
2.848000
2.848040
2.848080
2.848120
2.848120
2.848160
2.848200
2.848240
2.848240
2.848240
2.848280
2.848320
2.848360
2.848400
2.848440
2.848480
2.848480
2.848480
2.848520
2.848520
2.848560
2.848600
2.848640
2.848680
2.848680
2.848720
2.848760
2.848800
2.848840
2.848880
2.848920
2.848960
2.849000
2.849000
2.849040
2.849080
2.849120
2.849160
2.849200
2.849240
2.849280
2.849320
2.849360
2.849400
2.849440
2.849480
2.849520
2.849560
2.849600
2.849640
2.849640
2.849680
2.849720
2.849720
2.849760
2.849800
2.849840
2.849880
2.849920
2.849960
2.850000
2.850040
2.850040
2.850080
2.850120
2.850160
2.850200
2.850200
2.850200
2.850240
2.850280
2.850320
2.850360
2.850360
2.850400
2.850440
2.850480
2.850480
2.850520
2.850560
2.850600
2.850640
2.850640
2.850680
2.850720
2.850760
2.850800
2.850840
2.850840
2.850880
2.850880
2.850880
2.850880
2.850920
2.850960
2.850960
2.851000
2.851040
2.851040
2.851040
2.851080
2.851120
2.851160
2.851160
2.851200
2.851240
2.851280
2.851320
2.851360
2.851400
2.851440
2.851480
2.851520
2.851560
2.851600
2.851640
2.851680
2.851720
2.851720
2.851760
2.851800
2.851800
2.851840
2.851840
2.851840
2.851840
2.851880
2.851920
2.851920
2.851920
2.851960
2.852000
2.852000
2.852040
2.852080
2.852120
2.852120
2.852160
2.852200
2.852240
2.852240
2.852280
2.852280
2.852280
2.852320
2.852320
2.852360
2.852360
2.852400
2.852440
2.852480
2.852520
2.852560
2.852600
2.852600
2.852600
2.852640
2.852680
2.852720
2.852760
2.852800
2.852840
2.852880
2.852920
2.852960
2.853000
2.853040
2.853040
2.853080
2.853120
2.853160
2.853200
2.853240
2.853280
2.853320
2.853360
2.853400
2.853440
2.853480
2.853520
2.853520
2.853560
2.853600
2.853640
2.853680
2.853720
2.853760
2.853760
2.853800
2.853800
2.853840
2.853880
2.853920
2.853920
2.853920
2.853920
2.853960
2.853960
2.854000
2.854040
2.854080
2.854120
2.854160
2.854200
2.854240
2.854280
2.854320
2.854360
2.854400
2.854440
2.854480
2.854480
2.854480
2.854520
2.854560
2.854600
2.854600
2.854640
2.854680
2.854720
2.854760
2.854800
2.854840
2.854880
2.854920
2.854920
2.854960
2.855000
2.855000
2.855040
2.855080
2.855120
2.855160
2.855200
2.855240
2.855280
2.855320
2.855360
2.855360
2.855400
2.855440
2.855440
2.855480
2.855520
2.855560
2.855600
2.855640
2.855640
2.855680
2.855720
2.855760
2.855800
2.855840
2.855840
2.855880
2.855920
2.855960
2.856000
2.856040
2.856040
2.856080
2.856120
2.856160
2.856200
2.856200
2.856240
2.856280
2.856320
2.856360
2.856400
2.856440
2.856440
2.856480
2.856520
2.856520
2.856560
2.856600
2.856640
2.856680
2.856720
2.856760
2.856800
2.856840
2.856880
2.856920
2.856960
2.856960
2.857000
2.857040
2.857080
2.857120
2.857160
2.857160
2.857200
2.857240
2.857280
2.857320
2.857320
2.857360
2.857400
2.857440
2.857480
2.857520
2.857560
2.857600
2.857640
2.857640
2.857680
2.857720
2.857720
2.857720
2.857760
2.857800
2.857840
2.857880
2.857920
2.857960
2.857960
2.857960
2.858000
2.858040
2.858080
2.858120
2.858160
2.858200
2.858240
2.858280
2.858320
2.858360
2.858400
2.858440
2.858480
2.858520
2.858560
2.858600
2.858640
2.858640
2.858680
2.858720
2.858720
2.858760
2.858800
2.858840
2.858880
2.858920
2.858920
2.858960
2.858960
2.859000
2.859040
2.859080
2.859080
2.859120
2.859160
2.859160
2.859200
2.859240
2.859280
2.859320
2.859320
2.859360
2.859400
2.859440
2.859480
2.859520
2.859560
2.859600
2.859640
2.859680
2.859720
2.859760
2.859800
2.859840
2.859880
2.859920
2.859960
2.860000
2.860000
2.860000
2.860040
2.860080
2.860120
2.860160
2.860200
2.860200
2.860240
2.860240
2.860280
2.860320
2.860360
2.860400
2.860440
2.860440
2.860480
2.860520
2.860560
2.860600
2.860600
2.860640
2.860680
2.860680
2.860720
2.860760
2.860800
2.860800
2.860840
2.860880
2.860880
2.860880
2.860920
2.860960
2.861000
2.861000
2.861040
2.861080
2.861080
2.861120
2.861160
2.861160
2.861200
2.861200
2.861240
2.861240
2.861280
2.861320
2.861360
2.861400
2.861440
2.861440
2.861480
2.861520
2.861560
2.861560
2.861600
2.861640
2.861680
2.861680
2.861720
2.861760
2.861800
2.861800
2.861840
2.861880
2.861920
2.861960
2.862000
2.862040
2.862080
2.862120
2.862160
2.862160
2.862200
2.862200
2.862240
2.862280
2.862320
2.862360
2.862360
2.862400
2.862440
2.862480
2.862520
2.862560
2.862600
2.862640
2.862640
2.862640
2.862640
2.862680
2.862720
2.862760
2.862760
2.862800
2.862840
2.862880
2.862880
2.862920
2.862960
2.863000
2.863000
2.863040
2.863080
2.863080
2.863120
2.863160
2.863200
2.863240
2.863280
2.863280
2.863320
2.863360
2.863400
2.863440
2.863480
2.863520
2.863560
2.863600
2.863640
2.863680
2.863720
2.863720
2.863720
2.863760
2.863800
2.863840
2.863880
2.863880
2.863920
2.863960
2.864000
2.864040
2.864080
2.864080
2.864120
2.864160
2.864200
2.864240
2.864280
2.864320
2.864320
2.864320
2.864360
2.864400
2.864440
2.864480
2.864520
2.864560
2.864560
2.864560
2.864600
2.864640
2.864680
2.864680
2.864720
2.864760
2.864800
2.864840
2.864880
2.864920
2.864920
2.864960
2.864960
2.865000
2.865040
2.865080
2.865080
2.865120
2.865160
2.865200
2.865240
2.865280
2.865320
2.865360
2.865400
2.865440
2.865480
2.865520
2.865560
2.865600
2.865640
2.865680
2.865720
2.865760
2.865800
2.865800
2.865840
2.865880
2.865920
2.865960
2.866000
2.866040
2.866080
2.866080
2.866120
2.866120
2.866160
2.866200
2.866240
2.866280
2.866320
2.866360
2.866400
2.866440
2.866480
2.866520
2.866520
2.866560
2.866600
2.866640
2.866680
2.866720
2.866760
2.866800
2.866840
2.866880
2.866880
2.866920
2.866960
2.867000
2.867040
2.867040
2.867040
2.867080
2.867120
2.867160
2.867200
2.867240
2.867280
2.867280
2.867320
2.867360
2.867400
2.867440
2.867480
2.867520
2.867560
2.867600
2.867640
2.867680
2.867720
2.867760
2.867800
2.867840
2.867880
2.867920
2.867920
2.867960
2.867960
2.868000
2.868040
2.868080
2.868080
2.868080
2.868080
2.868120
2.868160
2.868200
2.868200
2.868240
2.868280
2.868280
2.868320
2.868360
2.868400
2.868440
2.868440
2.868440
2.868440
2.868480
2.868520
2.868520
2.868560
2.868600
2.868640
2.868680
2.868720
2.868760
2.868800
2.868800
2.868840
2.868880
2.868920
2.868960
2.869000
2.869040
2.869080
2.869120
2.869160
2.869200
2.869200
2.869240
2.869240
2.869280
2.869320
2.869360
2.869400
2.869440
2.869480
2.869520
2.869520
2.869560
2.869600
2.869640
2.869680
2.869720
2.869760
2.869800
2.869840
2.869880
2.869920
2.869920
2.869960
2.870000
2.870040
2.870080
2.870080
2.870120
2.870120
2.870160
2.870200
2.870240
2.870240
2.870280
2.870320
2.870320
2.870360
2.870400
2.870400
2.870440
2.870440
2.870480
2.870520
2.870560
2.870600
2.870600
2.870640
2.870680
2.870720
2.870720
2.870720
2.870720
2.870760
2.870800
2.870840
2.870840
2.870880
2.870920
2.870960
2.871000
2.871040
2.871080
2.871120
2.871160
2.871200
2.871240
2.871280
2.871320
2.871360
2.871400
2.871440
2.871480
2.871520
2.871560
2.871600
2.871640
2.871680
2.871720
2.871760
2.871800
2.871840
2.871880
2.871920
2.871960
2.872000
2.872040
2.872040
2.872080
2.872120
2.872160
2.872200
2.872200
2.872240
2.872280
2.872280
2.872320
2.872360
2.872400
2.872440
2.872480
2.872520
2.872560
2.872600
2.872600
2.872640
2.872680
2.872720
2.872760
2.872800
2.872840
2.872840
2.872880
2.872880
2.872880
2.872920
2.872960
2.873000
2.873040
2.873040
2.873080
2.873120
2.873160
2.873200
2.873240
2.873280
2.873320
2.873360
2.873400
2.873400
2.873440
2.873480
2.873520
2.873520
2.873560
2.873560
2.873600
2.873600
2.873640
2.873680
2.873720
2.873760
2.873800
2.873840
2.873880
2.873920
2.873920
2.873960
2.874000
2.874040
2.874040
2.874080
2.874080
2.874120
2.874160
2.874200
2.874200
2.874240
2.874240
2.874280
2.874320
2.874360
2.874400
2.874440
2.874480
2.874520
2.874560
2.874600
2.874640
2.874640
2.874680
2.874720
2.874720
2.874760
2.874800
2.874840
2.874880
2.874920
2.874960
2.874960
2.874960
2.875000
2.875040
2.875080
2.875120
2.875160
2.875200
2.875240
2.875280
2.875320
2.875360
2.875400
2.875440
2.875480
2.875520
2.875520
2.875560
2.875600
2.875600
2.875640
2.875680
2.875720
2.875760
2.875800
2.875800
2.875840
2.875880
2.875920
2.875960
2.875960
2.876000
2.876000
2.876040
2.876080
2.876080
2.876120
2.876160
2.876160
2.876200
2.876240
2.876280
2.876320
2.876360
2.876400
2.876440
2.876480
2.876520
2.876560
2.876560
2.876560
2.876600
2.876640
2.876680
2.876720
2.876760
2.876760
2.876800
2.876840
2.876880
2.876920
2.876960
2.876960
2.877000
2.877040
2.877040
2.877080
2.877120
2.877160
2.877200
2.877240
2.877240
2.877280
2.877320
2.877360
2.877400
2.877440
2.877480
2.877520
2.877520
2.877560
2.877560
2.877600
2.877600
2.877640
2.877680
2.877720
2.877760
2.877800
2.877840
2.877840
2.877880
2.877920
2.877920
2.877960
2.878000
2.878000
2.878000
2.878040
2.878040
2.878080
2.878120
2.878160
2.878160
2.878200
2.878240
2.878280
2.878280
2.878280
2.878320
2.878360
2.878400
2.878440
2.878480
2.878520
2.878560
2.878600
2.878640
2.878680
2.878720
2.878760
2.878800
2.878840
2.878840
2.878880
2.878920
2.878960
2.879000
2.879040
2.879080
2.879120
2.879160
2.879200
2.879240
2.879280
2.879320
2.879360
2.879400
2.879400
2.879440
2.879480
2.879520
2.879520
2.879560
2.879600
2.879640
2.879640
2.879680
2.879680
2.879720
2.879760
2.879800
2.879800
2.879800
2.879800
2.879840
2.879880
2.879920
2.879960
2.880000
2.880040
2.880080
2.880120
2.880160
2.880200
2.880200
2.880240
2.880240
2.880240
2.880280
2.880280
2.880320
2.880360
2.880400
2.880400
2.880440
2.880480
2.880480
2.880480
2.880480
2.880520
2.880560
2.880560
2.880600
2.880640
2.880680
2.880720
2.880760
2.880800
2.880840
2.880840
2.880880
2.880920
2.880960
2.881000
2.881040
2.881040
2.881080
2.881120
2.881160
2.881200
2.881240
2.881280
2.881320
2.881360
2.881400
2.881400
2.881440
2.881480
2.881480
2.881520
2.881560
2.881600
2.881640
2.881680
2.881720
2.881760
2.881800
2.881840
2.881880
2.881920
2.881920
2.881960
2.881960
2.882000
2.882040
2.882040
2.882080
2.882120
2.882160
2.882200
2.882240
2.882280
2.882320
2.882320
2.882360
2.882400
2.882440
2.882480
2.882520
2.882520
2.882520
2.882560
2.882600
2.882640
2.882680
2.882720
2.882720
2.882760
2.882760
2.882760
2.882800
2.882840
2.882880
2.882880
2.882920
2.882920
2.882960
2.883000
2.883000
2.883000
2.883040
2.883080
2.883120
2.883160
2.883200
2.883240
2.883280
2.883320
2.883360
2.883360
2.883400
2.883440
2.883480
2.883520
2.883560
2.883600
2.883640
2.883680
2.883720
2.883760
2.883800
2.883840
2.883880
2.883920
2.883960
2.883960
2.884000
2.884040
2.884080
2.884120
2.884160
2.884200
2.884240
2.884280
2.884320
2.884360
2.884360
2.884400
2.884440
2.884480
2.884520
2.884560
2.884560
2.884600
2.884640
2.884640
2.884680
2.884720
2.884760
2.884800
2.884840
2.884880
2.884920
2.884920
2.884960
2.884960
2.885000
2.885040
2.885040
2.885080
2.885080
2.885120
2.885160
2.885200
2.885240
2.885280
2.885320
2.885360
2.885400
2.885400
2.885400
2.885440
2.885480
2.885480
2.885480
2.885480
2.885520
2.885560
2.885600
2.885640
2.885680
2.885720
2.885760
2.885800
2.885800
2.885840
2.885880
2.885920
2.885960
2.886000
2.886000
2.886040
2.886080
2.886080
2.886120
2.886120
2.886120
2.886160
2.886200
2.886240
2.886280
2.886320
2.886320
2.886360
2.886400
2.886440
2.886440
2.886480
2.886480
2.886480
2.886520
2.886520
2.886560
2.886600
2.886640
2.886680
2.886720
2.886760
2.886800
2.886840
2.886880
2.886920
2.886960
2.887000
2.887040
2.887080
2.887120
2.887160
2.887160
2.887160
2.887160
2.887200
2.887240
2.887280
2.887280
2.887320
2.887360
2.887400
2.887440
2.887480
2.887520
2.887560
2.887560
2.887600
2.887640
2.887640
2.887680
2.887720
2.887760
2.887800
2.887840
2.887880
2.887880
2.887920
2.887920
2.887960
2.888000
2.888040
2.888080
2.888120
2.888160
2.888200
2.888200
2.888240
2.888280
2.888320
2.888360
2.888360
2.888400
2.888400
2.888440
2.888480
2.888520
2.888520
2.888560
2.888600
2.888640
2.888680
2.888720
2.888720
2.888760
2.888800
2.888840
2.888880
2.888920
2.888960
2.888960
2.889000
2.889040
2.889080
2.889120
2.889160
2.889200
2.889240
2.889280
2.889320
2.889360
2.889360
2.889400
2.889440
2.889440
2.889480
2.889480
2.889520
2.889560
2.889600
2.889640
2.889640
2.889640
2.889680
2.889720
2.889760
2.889760
2.889800
2.889840
2.889880
2.889920
2.889960
2.890000
2.890040
2.890040
2.890080
2.890120
2.890160
2.890200
2.890240
2.890280
2.890320
2.890360
2.890400
2.890440
2.890480
2.890520
2.890560
2.890600
2.890640
2.890640
2.890680
2.890720
2.890720
2.890760
2.890800
2.890840
2.890880
2.890920
2.890960
2.891000
2.891040
2.891080
2.891080
2.891120
2.891160
2.891200
2.891240
2.891240
2.891280
2.891320
2.891360
2.891400
2.891440
2.891440
2.891480
2.891520
2.891520
2.891520
2.891560
2.891600
2.891640
2.891680
2.891720
2.891760
2.891760
2.891800
2.891840
2.891880
2.891920
2.891960
2.892000
2.892040
2.892080
2.892120
2.892160
2.892160
2.892200
2.892240
2.892280
2.892280
2.892320
2.892360
2.892400
2.892440
2.892480
2.892480
2.892480
2.892520
2.892520
2.892560
2.892600
2.892640
2.892680
2.892720
2.892720
2.892760
2.892800
2.892840
2.892880
2.892920
2.892960
2.893000
2.893040
2.893080
2.893120
2.893160
2.893200
2.893200
2.893240
2.893280
2.893320
2.893320
2.893360
2.893400
2.893400
2.893400
2.893400
2.893440
2.893480
2.893480
2.893520
2.893560
2.893560
2.893600
2.893640
2.893640
2.893680
2.893720
2.893760
2.893800
2.893840
2.893840
2.893880
2.893920
2.893960
2.894000
2.894000
2.894000
2.894040
2.894040
2.894080
2.894120
2.894160
2.894200
2.894240
2.894280
2.894320
2.894320
2.894360
2.894400
2.894440
2.894440
2.894440
2.894480
2.894520
2.894560
2.894600
2.894640
2.894680
2.894720
2.894720
2.894760
2.894800
2.894840
2.894840
2.894880
2.894920
2.894920
2.894920
2.894920
2.894960
2.895000
2.895040
2.895080
2.895120
2.895160
2.895160
2.895200
2.895240
2.895280
2.895320
2.895360
2.895400
2.895440
2.895480
2.895520
2.895560
2.895600
2.895600
2.895640
2.895640
2.895680
2.895720
2.895760
2.895800
2.895840
2.895880
2.895920
2.895960
2.896000
2.896040
2.896080
2.896120
2.896160
2.896200
2.896240
2.896280
2.896320
2.896360
2.896400
2.896400
2.896440
2.896480
2.896520
2.896560
2.896600
2.896640
2.896680
2.896720
2.896760
2.896800
2.896840
2.896880
2.896920
2.896920
2.896960
2.897000
2.897040
2.897080
2.897120
2.897160
2.897200
2.897240
2.897280
2.897320
2.897360
2.897360
2.897400
2.897400
2.897440
2.897480
2.897520
2.897520
2.897560
2.897600
2.897600
2.897640
2.897640
2.897680
2.897720
2.897720
2.897720
2.897760
2.897800
2.897840
2.897880
2.897920
2.897960
2.898000
2.898040
2.898080
2.898120
2.898160
2.898200
2.898200
2.898200
2.898240
2.898240
2.898280
2.898320
2.898360
2.898400
2.898440
2.898480
2.898520
2.898520
2.898560
2.898600
2.898640
2.898680
2.898720
2.898720
2.898720
2.898760
2.898800
2.898840
2.898880
2.898880
2.898920
2.898960
2.899000
2.899040
2.899080
2.899120
2.899160
2.899160
2.899200
2.899240
2.899280
2.899320
2.899360
2.899400
2.899440
2.899480
2.899520
2.899560
2.899560
2.899600
2.899600
2.899640
2.899640
2.899680
2.899720
2.899760
2.899800
2.899800
2.899840
2.899880
2.899920
2.899960
2.899960
2.900000
2.900000
2.900040
2.900040
2.900040
2.900040
2.900040
2.900080
2.900120
2.900160
2.900200
2.900240
2.900280
2.900320
2.900360
2.900360
2.900400
2.900440
2.900440
2.900480
2.900520
2.900560
2.900560
2.900600
2.900640
2.900640
2.900680
2.900720
2.900760
2.900800
2.900840
2.900880
2.900880
2.900920
2.900960
2.900960
2.900960
2.900960
2.901000
2.901040
2.901080
2.901120
2.901160
2.901160
2.901200
2.901240
2.901240
2.901280
2.901280
2.901320
2.901360
2.901400
2.901440
2.901440
2.901480
2.901520
2.901560
2.901600
2.901640
2.901680
2.901720
2.901760
2.901800
2.901840
2.901880
2.901920
2.901920
2.901960
2.902000
2.902040
2.902080
2.902120
2.902160
2.902200
2.902240
2.902240
2.902280
2.902320
2.902360
2.902360
2.902400
2.902440
2.902480
2.902480
2.902480
2.902520
2.902560
2.902600
2.902640
2.902640
2.902680
2.902720
2.902760
2.902800
2.902840
2.902880
2.902920
2.902960
2.903000
2.903040
2.903080
2.903120
2.903160
2.903200
2.903240
2.903280
2.903320
2.903360
2.903400
2.903400
2.903440
2.903480
2.903520
2.903560
2.903600
2.903600
2.903600
2.903640
2.903680
2.903720
2.903720
2.903760
2.903800
2.903840
2.903880
2.903880
2.903880
2.903920
2.903960
2.904000
2.904000
2.904040
2.904040
2.904040
2.904080
2.904120
2.904120
2.904160
2.904200
2.904200
2.904240
2.904240
2.904280
2.904320
2.904360
2.904400
2.904440
2.904480
2.904520
2.904560
2.904600
2.904640
2.904680
2.904720
2.904760
2.904800
2.904840
2.904880
2.904920
2.904960
2.905000
2.905040
2.905040
2.905080
2.905120
2.905160
2.905200
2.905240
2.905280
2.905320
2.905360
2.905400
2.905440
2.905440
2.905480
2.905480
2.905520
2.905560
2.905600
2.905640
2.905680
2.905720
2.905760
2.905800
2.905840
2.905880
2.905880
2.905920
2.905960
2.906000
2.906040
2.906080
2.906080
2.906120
2.906160
2.906200
2.906240
2.906280
2.906320
2.906320
2.906360
2.906400
2.906440
2.906480
2.906520
2.906560
2.906560
2.906600
2.906600
2.906600
2.906640
2.906640
2.906680
2.906680
2.906720
2.906760
2.906760
2.906760
2.906800
2.906840
2.906880
2.906920
2.906960
2.907000
2.907000
2.907040
2.907080
2.907120
2.907160
2.907160
2.907160
2.907200
2.907200
2.907200
2.907200
2.907240
2.907280
2.907320
2.907360
2.907400
2.907440
2.907480
2.907520
2.907560
2.907600
2.907640
2.907680
2.907720
2.907760
2.907800
2.907800
2.907840
2.907880
2.907920
2.907920
2.907960
2.908000
2.908040
2.908080
2.908120
2.908160
2.908200
2.908240
2.908280
2.908280
2.908320
2.908320
2.908360
2.908400
2.908400
2.908440
2.908480
2.908520
2.908560
2.908600
2.908640
2.908680
2.908680
2.908720
2.908760
2.908800
2.908840
2.908880
2.908920
2.908920
2.908960
2.909000
2.909040
2.909080
2.909120
2.909160
2.909200
2.909200
2.909240
2.909280
2.909280
2.909280
2.909320
2.909320
2.909360
2.909400
2.909440
2.909480
2.909520
2.909560
2.909600
2.909640
2.909680
2.909720
2.909720
2.909760
2.909800
2.909840
2.909880
2.909880
2.909920
2.909960
2.909960
2.909960
2.910000
2.910040
2.910080
2.910120
2.910160
2.910160
2.910200
2.910240
2.910280
2.910320
2.910360
2.910400
2.910400
2.910440
2.910480
2.910480
2.910480
2.910520
2.910560
2.910600
2.910640
2.910680
2.910720
2.910760
2.910760
2.910800
2.910840
2.910880
2.910920
2.910960
2.911000
2.911000
2.911040
2.911040
2.911080
2.911120
2.911160
2.911160
2.911200
2.911240
2.911280
2.911280
2.911320
2.911360
2.911400
2.911440
2.911480
2.911520
2.911520
2.911560
2.911600
2.911640
2.911680
2.911720
2.911760
2.911800
2.911840
2.911880
2.911920
2.911960
2.911960
2.912000
2.912040
2.912080
2.912120
2.912120
2.912160
2.912200
2.912200
2.912240
2.912280
2.912320
2.912320
2.912320
2.912360
2.912400
2.912440
2.912480
2.912480
2.912520
2.912560
2.912600
2.912640
2.912680
2.912720
2.912760
2.912760
2.912800
2.912840
2.912880
2.912920
2.912960
2.913000
2.913040
2.913080
2.913080
2.913120
2.913160
2.913200
2.913240
2.913280
2.913320
2.913360
2.913400
2.913400
2.913440
2.913480
2.913520
2.913560
2.913560
2.913600
2.913640
2.913680
2.913720
2.913760
2.913800
2.913840
2.913880
2.913920
2.913920
2.913920
2.913960
2.913960
2.914000
2.914040
2.914080
2.914120
2.914160
2.914200
2.914240
2.914280
2.914320
2.914360
2.914400
2.914440
2.914480
2.914520
2.914520
2.914560
2.914600
2.914640
2.914680
2.914720
2.914760
2.914800
2.914840
2.914880
2.914880
2.914880
2.914920
2.914960
2.915000
2.915040
2.915040
2.915080
2.915080
2.915120
2.915160
2.915200
2.915240
2.915280
2.915320
2.915320
2.915360
2.915400
2.915440
2.915480
2.915520
2.915560
2.915560
2.915600
2.915640
2.915680
2.915720
2.915720
2.915760
2.915800
2.915800
2.915800
2.915840
2.915880
2.915920
2.915960
2.916000
2.916040
2.916080
2.916080
2.916120
2.916120
2.916120
2.916160
2.916160
2.916200
2.916240
2.916280
2.916280
2.916320
2.916360
2.916400
2.916440
2.916480
2.916480
2.916480
2.916520
2.916520
2.916560
2.916600
2.916640
2.916680
2.916680
2.916720
2.916760
2.916800
2.916840
2.916840
2.916880
2.916880
2.916920
2.916960
2.917000
2.917040
2.917080
2.917080
2.917120
2.917160
2.917200
2.917200
2.917240
2.917280
2.917320
2.917360
2.917400
2.917440
2.917480
2.917520
2.917560
2.917600
2.917640
2.917680
2.917720
2.917760
2.917800
2.917840
2.917880
2.917920
2.917960
2.918000
2.918040
2.918080
2.918120
2.918160
2.918160
2.918200
2.918240
2.918280
2.918320
2.918360
2.918400
2.918440
2.918480
2.918520
2.918560
2.918600
2.918640
2.918680
2.918720
2.918760
2.918800
2.918800
2.918800
2.918840
2.918880
2.918920
2.918960
2.919000
2.919040
2.919080
2.919120
2.919120
2.919120
2.919120
2.919160
2.919200
2.919240
2.919240
2.919240
2.919280
2.919320
2.919360
2.919400
2.919440
2.919480
2.919480
2.919520
2.919560
2.919600
2.919600
2.919640
2.919680
2.919720
2.919760
2.919800
2.919840
2.919880
2.919920
2.919960
2.919960
2.920000
2.920040
2.920080
2.920080
2.920120
2.920160
2.920200
2.920240
2.920280
2.920320
2.920360
2.920360
2.920400
2.920440
2.920440
2.920440
2.920480
2.920480
2.920480
2.920520
2.920560
2.920600
2.920600
2.920640
2.920640
2.920680
2.920720
2.920720
2.920760
2.920800
2.920840
2.920880
2.920920
2.920960
2.920960
2.921000
2.921040
2.921040
2.921040
2.921040
2.921040
2.921080
2.921120
2.921120
2.921160
2.921200
2.921240
2.921280
2.921320
2.921320
2.921360
2.921400
2.921440
2.921480
2.921480
2.921520
2.921520
2.921520
2.921560
2.921600
2.921640
2.921640
2.921680
2.921680
2.921680
2.921720
2.921720
2.921760
2.921800
2.921840
2.921880
2.921920
2.921960
2.921960
2.922000
2.922040
2.922080
2.922120
2.922160
2.922200
2.922240
2.922240
2.922280
2.922320
2.922360
2.922400
2.922440
2.922480
2.922520
2.922560
2.922600
2.922640
2.922680
2.922720
2.922760
2.922800
2.922840
2.922880
2.922920
2.922960
2.922960
2.923000
2.923040
2.923080
2.923120
2.923160
2.923200
2.923240
2.923280
2.923320
2.923320
2.923320
2.923320
2.923360
2.923400
2.923440
2.923480
2.923480
2.923480
2.923520
2.923560
2.923600
2.923640
2.923640
2.923680
2.923720
2.923760
2.923800
2.923840
2.923880
2.923880
2.923920
2.923960
2.924000
2.924040
2.924040
2.924080
2.924120
2.924160
2.924200
2.924240
2.924280
2.924320
2.924320
2.924360
2.924400
2.924440
2.924480
2.924520
2.924560
2.924600
2.924640
2.924680
2.924720
2.924760
2.924800
2.924840
2.924880
2.924880
2.924920
2.924960
2.925000
2.925040
2.925080
2.925120
2.925160
2.925200
2.925240
2.925280
2.925320
2.925360
2.925400
2.925440
2.925480
2.925520
2.925560
2.925600
2.925640
2.925680
2.925680
2.925720
2.925760
2.925800
2.925840
2.925880
2.925920
2.925960
2.926000
2.926000
2.926040
2.926080
2.926080
2.926120
2.926160
2.926200
2.926200
2.926240
2.926280
2.926320
2.926320
2.926360
2.926360
2.926400
2.926440
2.926480
2.926520
2.926520
2.926560
2.926600
2.926640
2.926680
2.926720
2.926760
2.926760
2.926800
2.926840
2.926880
2.926880
2.926920
2.926960
2.927000
2.927040
2.927080
2.927120
2.927120
2.927120
2.927160
2.927200
2.927240
2.927280
2.927320
2.927360
2.927400
2.927400
2.927440
2.927480
2.927520
2.927560
2.927560
2.927600
2.927640
2.927680
2.927720
2.927720
2.927720
2.927720
2.927760
2.927800
2.927840
2.927880
2.927920
2.927960
2.928000
2.928040
2.928080
2.928080
2.928120
2.928160
2.928200
2.928200
2.928240
2.928240
2.928280
2.928320
2.928360
2.928400
2.928400
2.928440
2.928480
2.928520
2.928560
2.928560
2.928600
2.928600
2.928640
2.928680
2.928720
2.928760
2.928800
2.928840
2.928880
2.928880
2.928920
2.928960
2.929000
2.929040
2.929080
2.929120
2.929160
2.929200
2.929240
2.929240
2.929240
2.929280
2.929280
2.929320
2.929360
2.929360
2.929400
2.929440
2.929480
2.929520
2.929520
2.929560
2.929600
2.929640
2.929680
2.929720
2.929760
2.929800
2.929840
2.929880
2.929880
2.929920
2.929960
2.930000
2.930000
2.930040
2.930080
2.930120
2.930160
2.930200
2.930240
2.930240
2.930280
2.930320
2.930360
2.930400
2.930440
2.930480
2.930520
2.930560
2.930560
2.930600
2.930600
2.930600
2.930600
2.930600
2.930640
2.930680
2.930720
2.930760
2.930760
2.930800
2.930840
2.930880
2.930880
2.930880
2.930920
2.930960
2.930960
2.930960
2.930960
2.931000
2.931040
2.931080
2.931120
2.931120
2.931160
2.931200
2.931240
2.931280
2.931320
2.931360
2.931400
2.931440
2.931480
2.931520
2.931560
2.931560
2.931600
2.931640
2.931680
2.931680
2.931720
2.931720
2.931760
2.931800
2.931800
2.931840
2.931880
2.931920
2.931960
2.932000
2.932040
2.932080
2.932120
2.932160
2.932160
2.932200
2.932240
2.932240
2.932280
2.932320
2.932360
2.932400
2.932440
2.932440
2.932480
2.932520
2.932560
2.932600
2.932640
2.932680
2.932720
2.932760
2.932760
2.932800
2.932840
2.932880
2.932920
2.932920
2.932920
2.932960
2.933000
2.933040
2.933080
2.933120
2.933160
2.933200
2.933240
2.933240
2.933280
2.933320
2.933320
2.933360
2.933400
2.933400
2.933440
2.933480
2.933520
2.933560
2.933600
2.933640
2.933640
2.933680
2.933720
2.933720
2.933760
2.933800
2.933840
2.933880
2.933920
2.933960
2.934000
2.934040
2.934080
2.934120
2.934120
2.934160
2.934200
2.934200
2.934240
2.934280
2.934320
2.934320
2.934360
2.934400
2.934440
2.934480
2.934520
2.934560
2.934600
2.934640
2.934680
2.934720
2.934720
2.934760
2.934760
2.934800
2.934840
2.934880
2.934920
2.934960
2.935000
2.935040
2.935080
2.935120
2.935160
2.935200
2.935240
2.935240
2.935280
2.935280
2.935320
2.935360
2.935360
2.935400
2.935400
2.935440
2.935480
2.935480
2.935520
2.935560
2.935600
2.935640
2.935680
2.935720
2.935760
2.935800
2.935840
2.935880
2.935920
2.935960
2.935960
2.936000
2.936040
2.936040
2.936080
2.936120
2.936160
2.936200
2.936240
2.936280
2.936320
2.936320
2.936320
2.936360
2.936360
2.936400
2.936400
2.936440
2.936440
2.936480
2.936520
2.936520
2.936560
2.936600
2.936640
2.936680
2.936720
2.936760
2.936800
2.936840
2.936880
2.936880
2.936880
2.936920
2.936920
2.936960
2.937000
2.937040
2.937080
2.937080
2.937120
2.937160
2.937160
2.937200
2.937200
2.937200
2.937240
2.937240
2.937280
2.937320
2.937360
2.937400
2.937440
2.937480
2.937520
2.937560
2.937600
2.937640
2.937640
2.937640
2.937680
2.937680
2.937720
2.937760
2.937760
2.937800
2.937800
2.937800
2.937840
2.937880
2.937920
2.937920
2.937920
2.937920
2.937960
2.938000
2.938040
2.938080
2.938080
2.938120
2.938160
2.938200
2.938240
2.938240
2.938280
2.938320
2.938360
2.938400
2.938440
2.938480
2.938480
2.938520
2.938560
2.938600
2.938640
2.938680
2.938720
2.938760
2.938800
2.938840
2.938880
2.938920
2.938960
2.938960
2.938960
2.938960
2.939000
2.939040
2.939080
2.939120
2.939160
2.939200
2.939240
2.939240
2.939240
2.939240
2.939280
2.939320
2.939320
2.939360
2.939400
2.939440
2.939480
2.939520
2.939520
2.939560
2.939600
2.939640
2.939680
2.939680
2.939680
2.939680
2.939720
2.939720
2.939720
2.939760
2.939760
2.939760
2.939800
2.939840
2.939880
2.939920
2.939960
2.940000
2.940000
2.940040
2.940080
2.940080
2.940120
2.940160
2.940160
2.940160
2.940200
2.940240
2.940240
2.940280
2.940320
2.940360
2.940360
2.940400
2.940440
2.940480
2.940480
2.940520
2.940560
2.940600
2.940640
2.940680
2.940680
2.940720
2.940760
2.940800
2.940840
2.940880
2.940920
2.940960
2.941000
2.941000
2.941040
2.941080
2.941080
2.941120
2.941120
2.941160
2.941200
2.941200
2.941240
2.941280
2.941320
2.941360
2.941400
2.941440
2.941480
2.941480
2.941520
2.941560
2.941600
2.941640
2.941680
2.941720
2.941720
2.941760
2.941800
2.941800
2.941840
2.941840
2.941880
2.941920
2.941960
2.942000
2.942040
2.942080
2.942080
2.942120
2.942160
2.942200
2.942240
2.942280
2.942280
2.942320
2.942360
2.942400
2.942440
2.942440
2.942480
2.942520
2.942560
2.942600
2.942640
2.942640
2.942680
2.942720
2.942760
2.942760
2.942800
2.942840
2.942880
2.942920
2.942960
2.943000
2.943040
2.943080
2.943120
2.943160
2.943200
2.943240
2.943280
2.943280
2.943280
2.943320
2.943360
2.943360
2.943400
2.943440
2.943480
2.943520
2.943560
2.943600
2.943600
2.943640
2.943680
2.943720
2.943760
2.943800
2.943840
2.943880
2.943920
2.943920
2.943960
2.944000
2.944040
2.944040
2.944080
2.944080
2.944120
2.944160
2.944200
2.944240
2.944280
2.944320
2.944320
2.944320
2.944320
2.944360
2.944400
2.944400
2.944440
2.944480
2.944520
2.944560
2.944600
2.944640
2.944680
2.944720
2.944720
2.944720
2.944760
2.944800
2.944840
2.944880
2.944920
2.944960
2.945000
2.945040
2.945040
2.945080
2.945120
2.945160
2.945200
2.945240
2.945280
2.945320
2.945320
2.945360
2.945360
2.945400
2.945440
2.945480
2.945520
2.945560
2.945560
2.945600
2.945640
2.945640
2.945680
2.945720
2.945720
2.945760
2.945800
2.945840
2.945840
2.945880
2.945880
2.945920
2.945920
2.945960
2.946000
2.946040
2.946080
2.946120
2.946160
2.946200
2.946240
2.946280
2.946320
2.946360
2.946400
2.946440
2.946480
2.946520
2.946520
2.946560
2.946600
2.946640
2.946640
2.946680
2.946720
2.946760
2.946800
2.946800
2.946840
2.946880
2.946920
2.946960
2.947000
2.947040
2.947040
2.947080
2.947120
2.947120
2.947160
2.947200
2.947240
2.947280
2.947320
2.947360
2.947400
2.947440
2.947480
2.947520
2.947560
2.947600
2.947640
2.947680
2.947720
2.947760
2.947800
2.947840
2.947840
2.947880
2.947920
2.947960
2.948000
2.948000
2.948000
2.948040
2.948040
2.948080
2.948080
2.948080
2.948120
2.948160
2.948200
2.948200
2.948240
2.948280
2.948280
2.948320
2.948360
2.948360
2.948400
2.948440
2.948440
2.948440
2.948480
2.948520
2.948560
2.948560
2.948600
2.948640
2.948640
2.948680
2.948680
2.948720
2.948760
2.948800
2.948840
2.948880
2.948920
2.948960
2.949000
2.949040
2.949080
2.949080
2.949120
2.949160
2.949200
2.949240
2.949280
2.949320
2.949360
2.949360
2.949360
2.949360
2.949360
2.949360
2.949400
2.949440
2.949480
2.949520
2.949560
2.949600
2.949600
2.949640
2.949680
2.949720
2.949720
2.949720
2.949760
2.949800
2.949840
2.949840
2.949880
2.949880
2.949880
2.949920
2.949960
2.950000
2.950040
2.950080
2.950120
2.950120
2.950120
2.950160
2.950200
2.950240
2.950280
2.950320
2.950360
2.950400
2.950440
2.950480
2.950520
2.950560
2.950600
2.950600
2.950640
2.950680
2.950720
2.950760
2.950760
2.950800
2.950840
2.950880
2.950920
2.950960
2.951000
2.951040
2.951040
2.951080
2.951120
2.951160
2.951200
2.951240
2.951280
2.951320
2.951360
2.951400
2.951400
2.951440
2.951480
2.951520
2.951560
2.951600
2.951640
2.951640
2.951680
2.951720
2.951760
2.951800
2.951800
2.951840
2.951880
2.951880
2.951920
2.951960
2.951960
2.952000
2.952000
2.952040
2.952080
2.952120
2.952120
2.952120
2.952120
2.952120
2.952160
2.952200
2.952240
2.952280
2.952280
2.952320
2.952360
2.952400
2.952440
2.952480
2.952520
2.952560
2.952560
2.952560
2.952600
2.952640
2.952680
2.952680
2.952720
2.952760
2.952800
2.952840
2.952880
2.952880
2.952920
2.952920
2.952960
2.953000
2.953040
2.953080
2.953080
2.953120
2.953160
2.953200
2.953240
2.953240
2.953280
2.953320
2.953360
2.953400
2.953440
2.953480
2.953480
2.953480
2.953520
2.953560
2.953600
2.953640
2.953680
2.953720
2.953760
2.953800
2.953840
2.953880
2.953920
2.953960
2.953960
2.953960
2.954000
2.954040
2.954040
2.954040
2.954040
2.954080
2.954120
2.954160
2.954200
2.954200
2.954240
2.954280
2.954320
2.954360
2.954400
2.954440
2.954440
2.954480
2.954520
2.954560
2.954600
2.954600
2.954640
2.954640
2.954640
2.954640
2.954680
2.954720
2.954720
2.954760
2.954800
2.954840
2.954880
2.954880
2.954920
2.954920
2.954960
2.955000
2.955040
2.955080
2.955120
2.955160
2.955200
2.955240
2.955280
2.955320
2.955320
2.955320
2.955360
2.955400
2.955440
2.955480
2.955480
2.955480
2.955480
2.955520
2.955560
2.955600
2.955640
2.955680
2.955720
2.955760
2.955760
2.955800
2.955840
2.955880
2.955880
2.955920
2.955920
2.955960
2.956000
2.956040
2.956040
2.956080
2.956120
2.956160
2.956200
2.956240
2.956240
2.956280
2.956320
2.956360
2.956400
2.956440
2.956480
2.956520
2.956560
2.956600
2.956640
2.956680
2.956720
2.956760
2.956800
2.956840
2.956840
2.956880
2.956920
2.956960
2.957000
2.957040
2.957080
2.957080
2.957120
2.957160
2.957200
2.957240
2.957240
2.957280
2.957320
2.957360
2.957400
2.957440
2.957480
2.957520
2.957520
2.957560
2.957600
2.957640
2.957680
2.957720
2.957760
2.957760
2.957800
2.957840
2.957880
2.957880
2.957880
2.957920
2.957960
2.957960
2.958000
2.958040
2.958080
2.958120
2.958160
2.958160
2.958160
2.958200
2.958240
2.958280
2.958320
2.958360
2.958360
2.958360
2.958400
2.958440
2.958480
2.958520
2.958560
2.958600
2.958600
2.958640
2.958640
2.958640
2.958680
2.958720
2.958760
2.958800
2.958840
2.958840
2.958880
2.958920
2.958960
2.959000
2.959040
2.959080
2.959120
2.959160
2.959200
2.959200
2.959240
2.959280
2.959320
2.959320
2.959360
2.959360
2.959400
2.959440
2.959480
2.959480
2.959520
2.959560
2.959600
2.959640
2.959640
2.959680
2.959720
2.959760
2.959800
2.959840
2.959880
2.959920
2.959960
2.960000
2.960040
2.960080
2.960080
2.960120
2.960160
2.960160
2.960200
2.960240
2.960280
2.960320
2.960320
2.960360
2.960400
2.960400
2.960440
2.960480
2.960520
2.960560
2.960600
2.960640
2.960680
2.960720
2.960760
2.960800
2.960840
2.960840
2.960880
2.960920
2.960960
2.960960
2.961000
2.961040
2.961040
2.961080
2.961120
2.961160
2.961200
2.961240
2.961240
2.961280
2.961280
2.961280
2.961320
2.961360
2.961400
2.961440
2.961480
2.961480
2.961520
2.961560
2.961600
2.961640
2.961680
2.961720
2.961760
2.961800
2.961840
2.961880
2.961920
2.961960
2.962000
2.962000
2.962000
2.962040
2.962040
2.962080
2.962080
2.962120
2.962160
2.962160
2.962200
2.962200
2.962240
2.962280
2.962280
2.962280
2.962320
2.962360
2.962360
2.962400
2.962440
2.962480
2.962520
2.962560
2.962600
2.962640
2.962640
2.962680
2.962720
2.962760
2.962800
2.962840
2.962880
2.962880
2.962920
2.962920
2.962960
2.962960
2.963000
2.963040
2.963080
2.963120
2.963160
2.963200
2.963240
2.963280
2.963320
2.963360
2.963400
2.963400
2.963440
2.963440
2.963480
2.963520
2.963520
2.963560
2.963600
2.963640
2.963680
2.963720
2.963760
2.963800
2.963840
2.963880
2.963920
2.963920
2.963960
2.964000
2.964040
2.964080
2.964120
2.964160
2.964200
2.964240
2.964280
2.964320
2.964360
2.964360
2.964400
2.964440
2.964480
2.964520
2.964560
2.964600
2.964600
2.964640
2.964680
2.964720
2.964720
2.964760
2.964800
2.964840
2.964880
2.964880
2.964920
2.964960
2.965000
2.965040
2.965080
2.965120
2.965160
2.965200
2.965240
2.965280
2.965320
2.965360
2.965360
2.965400
2.965440
2.965480
2.965480
2.965520
2.965560
2.965600
2.965640
2.965680
2.965720
2.965760
2.965800
2.965840
2.965880
2.965920
2.965920
2.965960
2.965960
2.966000
2.966000
2.966040
2.966040
2.966080
2.966120
2.966160
2.966160
2.966160
2.966160
2.966200
2.966200
2.966200
2.966240
2.966280
2.966320
2.966320
2.966320
2.966360
2.966400
2.966400
2.966440
2.966440
2.966440
2.966480
2.966520
2.966560
2.966600
2.966640
2.966680
2.966720
2.966760
2.966760
2.966760
2.966800
2.966800
2.966840
2.966880
2.966880
2.966880
2.966920
2.966960
2.967000
2.967040
2.967040
2.967080
2.967080
2.967120
2.967160
2.967200
2.967240
2.967280
2.967320
2.967360
2.967400
2.967400
2.967440
2.967440
2.967480
2.967520
2.967560
2.967600
2.967600
2.967600
2.967640
2.967640
2.967680
2.967720
2.967760
2.967760
2.967800
2.967840
2.967880
2.967920
2.967920
2.967960
2.968000
2.968040
2.968080
2.968120
2.968160
2.968200
2.968240
2.968280
2.968320
2.968360
2.968400
2.968440
2.968480
2.968520
2.968560
2.968600
2.968640
2.968680
2.968720
2.968760
2.968800
2.968840
2.968880
2.968920
2.968960
2.969000
2.969040
2.969080
2.969080
2.969120
2.969160
2.969200
2.969240
2.969280
2.969320
2.969360
2.969360
2.969400
2.969440
2.969480
2.969520
2.969560
2.969600
2.969640
2.969680
2.969680
2.969680
2.969680
2.969680
2.969720
2.969760
2.969800
2.969840
2.969880
2.969920
2.969960
2.970000
2.970040
2.970080
2.970120
2.970120
2.970160
2.970200
2.970240
2.970240
2.970240
2.970280
2.970320
2.970360
2.970360
2.970400
2.970440
2.970440
2.970480
2.970520
2.970560
2.970600
2.970600
2.970640
2.970640
2.970680
2.970680
2.970680
2.970680
2.970720
2.970760
2.970800
2.970840
2.970880
2.970920
2.970960
2.971000
2.971040
2.971080
2.971120
2.971120
2.971160
2.971200
2.971240
2.971280
2.971320
2.971360
2.971400
2.971440
2.971440
2.971440
2.971440
2.971480
2.971520
2.971560
2.971600
2.971640
2.971680
2.971720
2.971760
2.971760
2.971760
2.971800
2.971840
2.971880
2.971880
2.971920
2.971960
2.972000
2.972040
2.972080
2.972120
2.972160
2.972200
2.972240
2.972280
2.972280
2.972320
2.972360
2.972400
2.972440
2.972480
2.972520
2.972560
2.972560
2.972600
2.972640
2.972680
2.972720
2.972760
2.972800
2.972840
2.972840
2.972880
2.972920
2.972920
2.972960
2.973000
2.973000
2.973040
2.973080
2.973120
2.973160
2.973200
2.973240
2.973280
2.973280
2.973320
2.973360
2.973400
2.973400
2.973440
2.973440
2.973440
2.973480
2.973480
2.973520
2.973560
2.973600
2.973640
2.973680
2.973680
2.973680
2.973720
2.973760
2.973800
2.973840
2.973880
2.973920
2.973960
2.974000
2.974040
2.974080
2.974120
2.974120
2.974160
2.974200
2.974200
2.974240
2.974280
2.974280
2.974320
2.974360
2.974360
2.974400
2.974440
2.974480
2.974520
2.974560
2.974600
2.974640
2.974680
2.974720
2.974760
2.974800
2.974840
2.974880
2.974920
2.974960
2.975000
2.975040
2.975080
2.975080
2.975080
2.975120
2.975160
2.975200
2.975240
2.975280
2.975320
2.975320
2.975360
2.975360
2.975400
2.975440
2.975440
2.975480
2.975480
2.975520
2.975560
2.975600
2.975640
2.975680
2.975680
2.975720
2.975760
2.975800
2.975800
2.975840
2.975880
2.975920
2.975960
2.976000
2.976040
2.976040
2.976080
2.976080
2.976120
2.976160
2.976200
2.976240
2.976280
2.976280
2.976280
2.976280
2.976320
2.976360
2.976400
2.976400
2.976440
2.976440
2.976480
2.976520
2.976560
2.976600
2.976640
2.976640
2.976680
2.976680
2.976720
2.976760
2.976760
2.976800
2.976840
2.976880
2.976920
2.976960
2.977000
2.977040
2.977080
2.977120
2.977120
2.977160
2.977160
2.977200
2.977240
2.977280
2.977320
2.977320
2.977360
2.977400
2.977440
2.977480
2.977520
2.977560
2.977600
2.977640
2.977680
2.977720
2.977760
2.977800
2.977840
2.977880
2.977920
2.977960
2.978000
2.978040
2.978040
2.978080
2.978120
2.978160
2.978200
2.978240
2.978280
2.978280
2.978320
2.978360
2.978400
2.978440
2.978480
2.978520
2.978560
2.978600
2.978640
2.978680
2.978680
2.978720
2.978720
2.978760
2.978760
2.978800
2.978840
2.978880
2.978920
2.978960
2.978960
2.979000
2.979040
2.979080
2.979120
2.979160
2.979200
2.979240
2.979280
2.979320
2.979360
2.979400
2.979440
2.979440
2.979440
2.979480
2.979480
2.979480
2.979520
2.979560
2.979600
2.979640
2.979640
2.979680
2.979720
2.979760
2.979760
2.979800
2.979840
2.979840
2.979880
2.979920
2.979920
2.979960
2.980000
2.980040
2.980040
2.980080
2.980120
2.980160
2.980200
2.980240
2.980240
2.980280
2.980320
2.980360
2.980400
2.980440
2.980480
2.980480
2.980480
2.980520
2.980560
2.980600
2.980640
2.980680
2.980720
2.980760
2.980760
2.980800
2.980800
2.980840
2.980880
2.980880
2.980920
2.980960
2.981000
2.981040
2.981080
2.981120
2.981160
2.981200
2.981240
2.981280
2.981320
2.981360
2.981400
2.981440
2.981480
2.981480
2.981520
2.981560
2.981600
2.981640
2.981680
2.981720
2.981760
2.981800
2.981800
2.981840
2.981880
2.981920
2.981960
2.982000
2.982040
2.982080
2.982120
2.982160
2.982200
2.982240
2.982280
2.982280
2.982280
2.982320
2.982320
2.982320
2.982320
2.982320
2.982360
2.982400
2.982440
2.982480
2.982520
2.982560
2.982600
2.982640
2.982680
2.982720
2.982760
2.982760
2.982800
2.982800
2.982840
2.982880
2.982920
2.982960
2.983000
2.983040
2.983080
2.983120
2.983160
2.983160
2.983200
2.983200
2.983240
2.983280
2.983320
2.983360
2.983400
2.983440
2.983480
2.983520
2.983520
2.983560
2.983600
2.983640
2.983680
2.983720
2.983720
2.983760
2.983800
2.983840
2.983840
2.983840
2.983880
2.983920
2.983920
2.983920
2.983960
2.983960
2.984000
2.984040
2.984080
2.984120
2.984160
2.984200
2.984200
2.984240
2.984280
2.984320
2.984360
2.984360
2.984400
2.984440
2.984480
2.984480
2.984480
2.984480
2.984520
2.984520
2.984560
2.984600
2.984600
2.984640
2.984680
2.984720
2.984760
2.984800
2.984840
2.984880
2.984920
2.984960
2.985000
2.985040
2.985040
2.985080
2.985120
2.985160
2.985200
2.985240
2.985280
2.985320
2.985320
2.985360
2.985400
2.985440
2.985480
2.985520
2.985560
2.985600
2.985640
2.985640
2.985680
2.985720
2.985760
2.985800
2.985840
2.985880
2.985920
2.985960
2.986000
2.986040
2.986080
2.986080
2.986080
2.986120
2.986160
2.986200
2.986240
2.986280
2.986320
2.986360
2.986400
2.986400
2.986440
2.986480
2.986480
2.986480
2.986480
2.986480
2.986520
2.986560
2.986600
2.986600
2.986640
2.986680
2.986720
2.986760
2.986800
2.986840
2.986840
2.986880
2.986920
2.986960
2.987000
2.987040
2.987080
2.987120
2.987160
2.987200
2.987200
2.987240
2.987240
2.987280
2.987320
2.987360
2.987400
2.987440
2.987480
2.987520
2.987560
2.987560
2.987600
2.987600
2.987640
2.987680
2.987720
2.987760
2.987800
2.987840
2.987840
2.987880
2.987920
2.987960
2.988000
2.988040
2.988080
2.988120
2.988160
2.988200
2.988240
2.988280
2.988280
2.988320
2.988360
2.988400
2.988440
2.988440
2.988480
2.988520
2.988560
2.988600
2.988640
2.988680
2.988720
2.988760
2.988760
2.988800
2.988840
2.988880
2.988920
2.988960
2.988960
2.989000
2.989000
2.989040
2.989040
2.989040
2.989040
2.989080
2.989120
2.989160
2.989200
2.989200
2.989240
2.989280
2.989320
2.989360
2.989400
2.989400
2.989440
2.989480
2.989520
2.989560
2.989600
2.989640
2.989680
2.989720
2.989760
2.989760
2.989800
2.989840
2.989840
2.989880
2.989920
2.989960
2.990000
2.990040
2.990080
2.990120
2.990160
2.990160
2.990200
2.990240
2.990280
2.990320
2.990360
2.990400
2.990440
2.990440
2.990480
2.990520
2.990560
2.990560
2.990600
2.990640
2.990680
2.990720
2.990760
2.990760
2.990760
2.990800
2.990840
2.990880
2.990880
2.990920
2.990960
2.990960
2.990960
2.991000
2.991040
2.991080
2.991080
2.991120
2.991160
2.991200
2.991240
2.991280
2.991320
2.991360
2.991400
2.991440
2.991480
2.991520
2.991560
2.991560
2.991600
2.991640
2.991680
2.991720
2.991760
2.991800
2.991800
2.991840
2.991880
2.991920
2.991960
2.992000
2.992040
2.992080
2.992120
2.992160
2.992200
2.992240
2.992280
2.992280
2.992320
2.992360
2.992400
2.992440
2.992440
2.992480
2.992520
2.992560
2.992600
2.992640
2.992680
2.992720
2.992760
2.992760
2.992760
2.992800
2.992840
2.992840
2.992840
2.992880
2.992880
2.992920
2.992920
2.992920
2.992960
2.993000
2.993040
2.993080
2.993080
2.993080
2.993120
2.993160
2.993160
2.993200
2.993240
2.993280
2.993320
2.993360
2.993400
2.993400
2.993440
2.993440
2.993480
2.993520
2.993520
2.993560
2.993600
2.993640
2.993680
2.993680
2.993720
2.993760
2.993760
2.993800
2.993840
2.993880
2.993920
2.993960
2.994000
2.994000
2.994040
2.994080
2.994080
2.994080
2.994120
2.994160
2.994200
2.994240
2.994280
2.994280
2.994320
2.994360
2.994400
2.994400
2.994440
2.994480
2.994520
2.994560
2.994560
2.994600
2.994600
2.994600
2.994640
2.994640
2.994640
2.994680
2.994720
2.994760
2.994800
2.994800
2.994840
2.994880
2.994920
2.994920
2.994960
2.995000
2.995040
2.995080
2.995120
2.995160
2.995160
2.995200
2.995240
2.995280
2.995280
2.995320
2.995360
2.995400
2.995440
2.995480
2.995520
2.995560
2.995600
2.995640
2.995680
2.995720
2.995760
2.995800
2.995840
2.995880
2.995920
2.995960
2.996000
2.996040
2.996080
2.996120
2.996160
2.996200
2.996240
2.996240
2.996280
2.996320
2.996360
2.996400
2.996440
2.996480
2.996520
2.996560
2.996600
2.996640
2.996680
2.996680
2.996680
2.996720
2.996760
2.996800
2.996840
2.996880
2.996920
2.996960
2.997000
2.997040
2.997080
2.997120
2.997160
2.997200
2.997240
2.997280
2.997320
2.997320
2.997320
2.997360
2.997400
2.997440
2.997480
2.997520
2.997560
2.997600
2.997640
2.997680
2.997680
2.997720
2.997760
2.997800
2.997840
2.997840
2.997880
2.997920
2.997920
2.997960
2.997960
2.998000
2.998040
2.998080
2.998080
2.998080
2.998080
2.998120
2.998160
2.998200
2.998240
2.998280
2.998280
2.998280
2.998320
2.998320
2.998360
2.998400
2.998400
2.998400
2.998400
2.998440
2.998480
2.998480
2.998520
2.998560
2.998600
2.998640
2.998680
2.998720
2.998760
2.998800
2.998840
2.998840
2.998880
2.998920
2.998960
2.999000
2.999040
2.999040
2.999080
2.999120
2.999120
2.999160
2.999200
2.999240
2.999240
2.999280
2.999280
2.999320
2.999360
2.999400
2.999440
2.999480
2.999520
2.999560
2.999600
2.999640
2.999680
2.999720
2.999760
2.999760
2.999800
2.999840
2.999880
2.999880
2.999920
2.999960
3.000000
3.000040
3.000080
3.000120
3.000120
3.000160
3.000200
3.000240
3.000280
3.000320
3.000360
3.000400
3.000440
3.000480
3.000520
3.000520
3.000520
3.000560
3.000600
3.000640
3.000640
3.000680
3.000720
3.000760
3.000800
3.000800
3.000840
3.000880
3.000920
3.000960
3.001000
3.001040
3.001080
3.001120
3.001160
3.001200
3.001240
3.001240
3.001280
3.001320
3.001320
3.001320
3.001360
3.001400
3.001440
3.001480
3.001520
3.001560
3.001600
3.001640
3.001680
3.001720
3.001760
3.001760
3.001800
3.001840
3.001840
3.001880
3.001880
3.001920
3.001960
3.001960
3.002000
3.002040
3.002080
3.002120
3.002160
3.002200
3.002240
3.002280
3.002320
3.002360
3.002360
3.002400
3.002440
3.002440
3.002480
3.002480
3.002520
3.002560
3.002600
3.002640
3.002680
3.002680
3.002720
3.002760
3.002760
3.002800
3.002840
3.002880
3.002880
3.002920
3.002960
3.003000
3.003040
3.003080
3.003120
3.003160
3.003200
3.003240
3.003280
3.003320
3.003360
3.003400
3.003440
3.003480
3.003520
3.003560
3.003560
3.003600
3.003640
3.003680
3.003720
3.003720
3.003760
3.003800
3.003840
3.003840
3.003880
3.003920
3.003960
3.004000
3.004040
3.004080
3.004120
3.004160
3.004160
3.004200
3.004240
3.004240
3.004240
3.004280
3.004320
3.004320
3.004360
3.004400
3.004440
3.004480
3.004520
3.004560
3.004600
3.004600
3.004640
3.004680
3.004680
3.004720
3.004760
3.004800
3.004840
3.004880
3.004920
3.004920
3.004960
3.004960
3.005000
3.005040
3.005080
3.005080
3.005120
3.005120
3.005160
3.005200
3.005200
3.005200
3.005240
3.005280
3.005320
3.005360
3.005400
3.005440
3.005480
3.005520
3.005560
3.005600
3.005640
3.005640
3.005680
3.005720
3.005760
3.005800
3.005840
3.005840
3.005840
3.005880
3.005920
3.005920
3.005960
3.006000
3.006040
3.006080
3.006120
3.006160
3.006200
3.006240
3.006280
3.006320
3.006360
3.006400
3.006440
3.006480
3.006520
3.006560
3.006600
3.006600
3.006640
3.006680
3.006720
3.006760
3.006760
3.006800
3.006840
3.006840
3.006840
3.006880
3.006920
3.006920
3.006920
3.006960
3.007000
3.007040
3.007040
3.007080
3.007080
3.007120
3.007120
3.007160
3.007200
3.007240
3.007240
3.007280
3.007320
3.007360
3.007400
3.007400
3.007440
3.007480
3.007480
3.007520
3.007560
3.007560
3.007600
3.007600
3.007640
3.007680
3.007720
3.007720
3.007760
3.007800
3.007840
3.007840
3.007840
3.007880
3.007920
3.007960
3.008000
3.008000
3.008040
3.008080
3.008080
3.008080
3.008080
3.008120
3.008160
3.008160
3.008200
3.008240
3.008280
3.008320
3.008360
3.008400
3.008440
3.008480
3.008520
3.008560
3.008600
3.008640
3.008640
3.008640
3.008640
3.008680
3.008680
3.008720
3.008760
3.008800
3.008840
3.008840
3.008840
3.008880
3.008920
3.008960
3.009000
3.009040
3.009080
3.009120
3.009160
3.009200
3.009240
3.009280
3.009280
3.009320
3.009360
3.009360
3.009400
3.009440
3.009440
3.009480
3.009520
3.009520
3.009560
3.009600
3.009600
3.009600
3.009640
3.009680
3.009720
3.009760
3.009800
3.009840
3.009880
3.009920
3.009960
3.010000
3.010040
3.010080
3.010080
3.010080
3.010120
3.010160
3.010200
3.010240
3.010280
3.010280
3.010320
3.010360
3.010360
3.010400
3.010400
3.010440
3.010480
3.010520
3.010560
3.010600
3.010600
3.010600
3.010640
3.010680
3.010720
3.010760
3.010800
3.010800
3.010840
3.010880
3.010880
3.010920
3.010960
3.010960
3.011000
3.011000
3.011040
3.011040
3.011080
3.011120
3.011120
3.011160
3.011200
3.011240
3.011280
3.011320
3.011360
3.011400
3.011440
3.011440
3.011440
3.011480
3.011480
3.011480
3.011520
3.011560
3.011560
3.011600
3.011600
3.011640
3.011680
3.011720
3.011760
3.011760
3.011760
3.011800
3.011840
3.011880
3.011920
3.011960
3.011960
3.012000
3.012040
3.012040
3.012040
3.012080
3.012080
3.012120
3.012160
3.012200
3.012200
3.012240
3.012280
3.012320
3.012360
3.012400
3.012440
3.012480
3.012520
3.012560
3.012600
3.012640
3.012680
3.012720
3.012720
3.012760
3.012800
3.012840
3.012880
3.012920
3.012920
3.012960
3.013000
3.013040
3.013080
3.013120
3.013160
3.013200
3.013200
3.013240
3.013280
3.013280
3.013280
3.013320
3.013360
3.013400
3.013400
3.013440
3.013480
3.013520
3.013560
3.013600
3.013640
3.013680
3.013720
3.013760
3.013800
3.013840
3.013880
3.013920
3.013960
3.014000
3.014000
3.014040
3.014040
3.014080
3.014120
3.014160
3.014200
3.014240
3.014280
3.014320
3.014360
3.014400
3.014440
3.014480
3.014520
3.014560
3.014560
3.014600
3.014640
3.014680
3.014720
3.014720
3.014760
3.014800
3.014800
3.014840
3.014880
3.014920
3.014920
3.014960
3.015000
3.015040
3.015080
3.015120
3.015160
3.015200
3.015240
3.015280
3.015320
3.015320
3.015360
3.015400
3.015400
3.015440
3.015440
3.015440
3.015480
3.015520
3.015560
3.015600
3.015640
3.015680
3.015680
3.015680
3.015720
3.015760
3.015800
3.015840
3.015880
3.015920
3.015960
3.015960
3.016000
3.016000
3.016040
3.016080
3.016120
3.016120
3.016160
3.016200
3.016240
3.016280
3.016320
3.016320
3.016360
3.016400
3.016440
3.016440
3.016480
3.016520
3.016520
3.016560
3.016600
3.016640
3.016680
3.016680
3.016680
3.016720
3.016760
3.016800
3.016840
3.016840
3.016880
3.016920
3.016960
3.017000
3.017040
3.017080
3.017120
3.017160
3.017200
3.017200
3.017240
3.017280
3.017320
3.017360
3.017400
3.017400
3.017440
3.017480
3.017480
3.017520
3.017560
3.017600
3.017600
3.017640
3.017640
3.017680
3.017720
3.017760
3.017800
3.017800
3.017840
3.017880
3.017920
3.017960
3.018000
3.018000
3.018040
3.018080
3.018120
3.018160
3.018200
3.018240
3.018280
3.018280
3.018320
3.018360
3.018400
3.018440
3.018480
3.018520
3.018560
3.018600
3.018600
3.018640
3.018680
3.018680
3.018720
3.018760
3.018800
3.018840
3.018840
3.018880
3.018920
3.018960
3.019000
3.019040
3.019080
3.019120
3.019120
3.019160
3.019200
3.019240
3.019280
3.019320
3.019360
3.019400
3.019440
3.019480
3.019520
3.019560
3.019600
3.019640
3.019640
3.019680
3.019720
3.019760
3.019800
3.019800
3.019840
3.019880
3.019920
3.019920
3.019960
3.020000
3.020040
3.020080
3.020120
3.020120
3.020120
3.020160
3.020160
3.020200
3.020240
3.020240
3.020280
3.020280
3.020320
3.020360
3.020400
3.020400
3.020440
3.020480
3.020520
3.020560
3.020560
3.020600
3.020600
3.020600
3.020600
3.020640
3.020680
3.020720
3.020720
3.020760
3.020800
3.020800
3.020840
3.020880
3.020920
3.020920
3.020960
3.021000
3.021000
3.021000
3.021040
3.021080
3.021120
3.021160
3.021200
3.021200
3.021240
3.021280
3.021320
3.021360
3.021360
3.021400
3.021440
3.021440
3.021480
3.021520
3.021560
3.021600
3.021640
3.021640
3.021640
3.021680
3.021720
3.021760
3.021800
3.021840
3.021880
3.021920
3.021920
3.021960
3.022000
3.022040
3.022080
3.022080
3.022120
3.022160
3.022200
3.022240
3.022280
3.022320
3.022360
3.022400
3.022440
3.022480
3.022520
3.022560
3.022560
3.022560
3.022560
3.022600
3.022640
3.022680
3.022720
3.022760
3.022800
3.022840
3.022880
3.022920
3.022960
3.023000
3.023000
3.023040
3.023080
3.023120
3.023120
3.023160
3.023160
3.023200
3.023200
3.023240
3.023280
3.023320
3.023360
3.023400
3.023440
3.023480
3.023520
3.023520
3.023560
3.023560
3.023600
3.023640
3.023640
3.023680
3.023720
3.023720
3.023760
3.023760
3.023800
3.023840
3.023880
3.023920
3.023960
3.024000
3.024000
3.024000
3.024040
3.024080
3.024120
3.024160
3.024200
3.024240
3.024280
3.024280
3.024320
3.024360
3.024400
3.024440
3.024480
3.024520
3.024560
3.024600
3.024640
3.024680
3.024720
3.024760
3.024800
3.024840
3.024880
3.024880
3.024920
3.024960
3.025000
3.025040
3.025040
3.025080
3.025120
3.025160
3.025200
3.025240
3.025280
3.025320
3.025360
3.025360
3.025400
3.025440
3.025480
3.025520
3.025560
3.025600
3.025640
3.025680
3.025720
3.025760
3.025800
3.025800
3.025840
3.025880
3.025920
3.025960
3.025960
3.026000
3.026000
3.026000
3.026040
3.026080
3.026120
3.026120
3.026160
3.026200
3.026240
3.026280
3.026280
3.026320
3.026360
3.026400
3.026440
3.026480
3.026520
3.026560
3.026560
3.026600
3.026640
3.026640
3.026680
3.026680
3.026680
3.026680
3.026720
3.026760
3.026760
3.026800
3.026800
3.026840
3.026840
3.026880
3.026920
3.026960
3.027000
3.027000
3.027040
3.027080
3.027080
3.027120
3.027160
3.027200
3.027240
3.027280
3.027320
3.027360
3.027400
3.027440
3.027480
3.027520
3.027560
3.027600
3.027640
3.027680
3.027720
3.027720
3.027760
3.027800
3.027800
3.027800
3.027840
3.027880
3.027920
3.027960
3.028000
3.028040
3.028080
3.028120
3.028120
3.028120
3.028160
3.028160
3.028200
3.028240
3.028280
3.028320
3.028360
3.028400
3.028440
3.028480
3.028520
3.028560
3.028600
3.028640
3.028640
3.028640
3.028640
3.028640
3.028680
3.028720
3.028760
3.028800
3.028840
3.028880
3.028920
3.028960
3.028960
3.029000
3.029040
3.029040
3.029080
3.029120
3.029120
3.029160
3.029200
3.029200
3.029240
3.029280
3.029280
3.029320
3.029360
3.029400
3.029440
3.029480
3.029520
3.029520
3.029560
3.029600
3.029640
3.029640
3.029680
3.029680
3.029720
3.029760
3.029800
3.029840
3.029840
3.029880
3.029920
3.029960
3.030000
3.030040
3.030080
3.030120
3.030120
3.030160
3.030200
3.030240
3.030280
3.030320
3.030360
3.030360
3.030400
3.030440
3.030480
3.030480
3.030520
3.030560
3.030600
3.030600
3.030640
3.030680
3.030680
3.030720
3.030760
3.030760
3.030800
3.030840
3.030880
3.030920
3.030960
3.031000
3.031040
3.031080
3.031120
3.031160
3.031200
3.031240
3.031280
3.031320
3.031320
3.031360
3.031400
3.031440
3.031440
3.031480
3.031520
3.031560
3.031560
3.031560
3.031600
3.031640
3.031680
3.031720
3.031760
3.031760
3.031800
3.031800
3.031840
3.031880
3.031920
3.031960
3.031960
3.032000
3.032040
3.032080
3.032080
3.032120
3.032160
3.032200
3.032200
3.032240
3.032280
3.032320
3.032360
3.032400
3.032440
3.032480
3.032480
3.032520
3.032520
3.032560
3.032600
3.032640
3.032680
3.032720
3.032760
3.032800
3.032840
3.032880
3.032920
3.032960
3.032960
3.033000
3.033000
3.033040
3.033080
3.033120
3.033160
3.033200
3.033240
3.033280
3.033320
3.033360
3.033360
3.033400
3.033440
3.033480
3.033520
3.033560
3.033600
3.033640
3.033680
3.033720
3.033760
3.033760
3.033800
3.033800
3.033840
3.033880
3.033920
3.033960
3.034000
3.034040
3.034040
3.034080
3.034120
3.034160
3.034200
3.034200
3.034240
3.034280
3.034320
3.034360
3.034400
3.034400
3.034400
3.034440
3.034480
3.034520
3.034520
3.034560
3.034600
3.034640
3.034680
3.034720
3.034760
3.034760
3.034760
3.034800
3.034840
3.034880
3.034920
3.034920
3.034960
3.035000
3.035040
3.035080
3.035120
3.035160
3.035200
3.035240
3.035280
3.035320
3.035360
3.035400
3.035400
3.035400
3.035440
3.035480
3.035520
3.035520
3.035520
3.035560
3.035600
3.035640
3.035680
3.035680
3.035720
3.035720
3.035760
3.035800
3.035840
3.035880
3.035920
3.035960
3.036000
3.036040
3.036040
3.036080
3.036080
3.036120
3.036160
3.036200
3.036240
3.036280
3.036320
3.036320
3.036360
3.036400
3.036440
3.036480
3.036480
3.036480
3.036520
3.036560
3.036600
3.036640
3.036680
3.036680
3.036720
3.036760
3.036800
3.036840
3.036880
3.036920
3.036960
3.037000
3.037040
3.037080
3.037120
3.037160
3.037200
3.037240
3.037240
3.037280
3.037320
3.037360
3.037360
3.037400
3.037440
3.037440
3.037480
3.037480
3.037520
3.037520
3.037560
3.037600
3.037640
3.037640
3.037680
3.037720
3.037720
3.037760
3.037800
3.037840
3.037840
3.037880
3.037920
3.037960
3.037960
3.038000
3.038040
3.038080
3.038120
3.038120
3.038160
3.038200
3.038240
3.038240
3.038280
3.038320
3.038360
3.038360
3.038400
3.038440
3.038480
3.038520
3.038520
3.038560
3.038600
3.038600
3.038640
3.038680
3.038720
3.038760
3.038800
3.038800
3.038840
3.038880
3.038920
3.038920
3.038960
3.039000
3.039040
3.039040
3.039080
3.039120
3.039160
3.039200
3.039240
3.039280
3.039320
3.039360
3.039360
3.039400
3.039440
3.039480
3.039520
3.039520
3.039560
3.039560
3.039600
3.039640
3.039680
3.039680
3.039720
3.039720
3.039760
3.039800
3.039840
3.039880
3.039920
3.039960
3.040000
3.040040
3.040080
3.040120
3.040120
3.040160
3.040200
3.040240
3.040280
3.040320
3.040320
3.040360
3.040400
3.040440
3.040480
3.040520
3.040560
3.040560
3.040600
3.040640
3.040680
3.040720
3.040760
3.040800
3.040800
3.040840
3.040880
3.040920
3.040920
3.040960
3.041000
3.041000
3.041040
3.041080
3.041120
3.041160
3.041200
3.041240
3.041280
3.041280
3.041280
3.041320
3.041360
3.041400
3.041400
3.041440
3.041480
3.041520
3.041560
3.041600
3.041640
3.041680
3.041720
3.041760
3.041800
3.041840
3.041880
3.041920
3.041960
3.042000
3.042040
3.042080
3.042120
3.042160
3.042160
3.042160
3.042160
3.042200
3.042240
3.042280
3.042280
3.042280
3.042320
3.042360
3.042400
3.042440
3.042440
3.042480
3.042520
3.042560
3.042600
3.042640
3.042680
3.042680
3.042720
3.042760
3.042800
3.042840
3.042880
3.042880
3.042920
3.042960
3.043000
3.043040
3.043040
3.043040
3.043040
3.043080
3.043120
3.043160
3.043200
3.043240
3.043280
3.043320
3.043360
3.043400
3.043440
3.043440
3.043440
3.043480
3.043520
3.043560
3.043600
3.043640
3.043640
3.043680
3.043720
3.043760
3.043800
3.043840
3.043880
3.043920
3.043960
3.044000
3.044040
3.044080
3.044120
3.044160
3.044200
3.044240
3.044240
3.044240
3.044280
3.044320
3.044320
3.044320
3.044360
3.044400
3.044440
3.044480
3.044520
3.044560
3.044600
3.044600
3.044640
3.044680
3.044680
3.044720
3.044760
3.044800
3.044840
3.044880
3.044920
3.044960
3.045000
3.045040
3.045080
3.045120
3.045160
3.045200
3.045240
3.045280
3.045320
3.045360
3.045400
3.045440
3.045480
3.045520
3.045560
3.045560
3.045600
3.045640
3.045680
3.045720
3.045760
3.045800
3.045800
3.045840
3.045880
3.045920
3.045960
3.046000
3.046040
3.046040
3.046080
3.046120
3.046160
3.046200
3.046240
3.046280
3.046320
3.046360
3.046400
3.046400
3.046400
3.046400
3.046440
3.046440
3.046480
3.046480
3.046520
3.046560
3.046600
3.046640
3.046640
3.046680
3.046720
3.046760
3.046800
3.046800
3.046800
3.046840
3.046880
3.046920
3.046960
3.046960
3.047000
3.047040
3.047080
3.047120
3.047160
3.047200
3.047200
3.047200
3.047200
3.047200
3.047200
3.047240
3.047280
3.047320
3.047360
3.047400
3.047400
3.047440
3.047480
3.047520
3.047520
3.047560
3.047600
3.047640
3.047680
3.047720
3.047760
3.047800
3.047840
3.047880
3.047920
3.047960
3.047960
3.048000
3.048040
3.048080
3.048080
3.048120
3.048160
3.048160
3.048200
3.048200
3.048240
3.048280
3.048320
3.048360
3.048400
3.048440
3.048440
3.048480
3.048520
3.048560
3.048600
3.048600
3.048640
3.048640
3.048680
3.048720
3.048760
3.048800
3.048840
3.048880
3.048920
3.048960
3.049000
3.049040
3.049080
3.049120
3.049160
3.049200
3.049240
3.049240
3.049280
3.049320
3.049360
3.049400
3.049400
3.049440
3.049480
3.049520
3.049560
3.049600
3.049640
3.049680
3.049720
3.049720
3.049720
3.049760
3.049800
3.049840
3.049880
3.049920
3.049920
3.049960
3.050000
3.050040
3.050080
3.050120
3.050160
3.050200
3.050240
3.050280
3.050320
3.050360
3.050400
3.050440
3.050480
3.050520
3.050520
3.050560
3.050600
3.050640
3.050680
3.050720
3.050760
3.050800
3.050840
3.050880
3.050920
3.050960
3.050960
3.051000
3.051040
3.051080
3.051120
3.051160
3.051200
3.051240
3.051280
3.051320
3.051360
3.051400
3.051440
3.051440
3.051480
3.051520
3.051560
3.051600
3.051600
3.051640
3.051680
3.051680
3.051720
3.051760
3.051760
3.051800
3.051840
3.051880
3.051920
3.051960
3.052000
3.052040
3.052080
3.052120
3.052160
3.052200
3.052240
3.052280
3.052280
3.052280
3.052320
3.052360
3.052400
3.052440
3.052480
3.052520
3.052560
3.052600
3.052640
3.052680
3.052680
3.052720
3.052760
3.052760
3.052800
3.052840
3.052880
3.052920
3.052960
3.053000
3.053040
3.053080
3.053120
3.053160
3.053200
3.053240
3.053280
3.053320
3.053360
3.053360
3.053400
3.053440
3.053480
3.053520
3.053520
3.053560
3.053600
3.053640
3.053680
3.053720
3.053760
3.053800
3.053800
3.053840
3.053880
3.053920
3.053960
3.054000
3.054040
3.054080
3.054120
3.054120
3.054160
3.054200
3.054240
3.054280
3.054280
3.054280
3.054320
3.054360
3.054400
3.054440
3.054440
3.054440
3.054480
3.054520
3.054560
3.054560
3.054600
3.054640
3.054680
3.054720
3.054760
3.054800
3.054800
3.054840
3.054880
3.054920
3.054960
3.054960
3.055000
3.055040
3.055040
3.055080
3.055120
3.055160
3.055200
3.055240
3.055280
3.055320
3.055320
3.055360
3.055360
3.055400
3.055440
3.055440
3.055480
3.055520
3.055560
3.055600
3.055600
3.055640
3.055680
3.055720
3.055760
3.055800
3.055840
3.055880
3.055920
3.055960
3.055960
3.055960
3.056000
3.056040
3.056080
3.056120
3.056160
3.056200
3.056240
3.056280
3.056320
3.056320
3.056360
3.056360
3.056400
3.056440
3.056480
3.056520
3.056520
3.056560
3.056600
3.056640
3.056680
3.056680
3.056720
3.056760
3.056760
3.056800
3.056800
3.056840
3.056880
3.056880
3.056920
3.056960
3.057000
3.057040
3.057080
3.057120
3.057160
3.057200
3.057240
3.057280
3.057280
3.057320
3.057360
3.057400
3.057440
3.057480
3.057520
3.057520
3.057560
3.057600
3.057640
3.057640
3.057680
3.057680
3.057720
3.057760
3.057800
3.057840
3.057880
3.057920
3.057960
3.058000
3.058040
3.058080
3.058120
3.058120
3.058120
3.058160
3.058200
3.058240
3.058240
3.058280
3.058320
3.058360
3.058360
3.058400
3.058400
3.058400
3.058440
3.058480
3.058480
3.058520
3.058560
3.058600
3.058640
3.058680
3.058720
3.058760
3.058800
3.058800
3.058800
3.058840
3.058880
3.058920
3.058920
3.058960
3.059000
3.059040
3.059080
3.059120
3.059120
3.059160
3.059160
3.059200
3.059240
3.059240
3.059280
3.059320
3.059360
3.059360
3.059400
3.059440
3.059480
3.059480
3.059520
3.059560
3.059600
3.059640
3.059680
3.059720
3.059720
3.059760
3.059800
3.059840
3.059880
3.059920
3.059960
3.060000
3.060000
3.060040
3.060080
3.060120
3.060120
3.060160
3.060200
3.060240
3.060280
3.060320
3.060320
3.060360
3.060360
3.060400
3.060440
3.060480
3.060480
3.060520
3.060560
3.060560
3.060600
3.060640
3.060680
3.060720
3.060720
3.060760
3.060800
3.060840
3.060880
3.060920
3.060960
3.061000
3.061040
3.061080
3.061120
3.061120
3.061160
3.061200
3.061240
3.061240
3.061280
3.061320
3.061360
3.061400
3.061400
3.061400
3.061440
3.061480
3.061520
3.061560
3.061600
3.061640
3.061640
3.061640
3.061680
3.061720
3.061760
3.061800
3.061840
3.061880
3.061920
3.061960
3.062000
3.062040
3.062080
3.062080
3.062120
3.062160
3.062200
3.062240
3.062280
3.062280
3.062320
3.062360
3.062400
3.062400
3.062440
3.062480
3.062520
3.062560
3.062600
3.062640
3.062680
3.062720
3.062760
3.062800
3.062840
3.062880
3.062920
3.062960
3.062960
3.063000
3.063040
3.063080
3.063120
3.063160
3.063200
3.063200
3.063240
3.063280
3.063320
3.063360
3.063400
3.063400
3.063440
3.063440
3.063440
3.063480
3.063520
3.063560
3.063600
3.063600
3.063640
3.063680
3.063720
3.063760
3.063800
3.063840
3.063880
3.063920
3.063960
3.064000
3.064040
3.064080
3.064120
3.064160
3.064200
3.064240
3.064240
3.064280
3.064320
3.064360
3.064400
3.064440
3.064440
3.064480
3.064520
3.064560
3.064560
3.064600
3.064640
3.064680
3.064720
3.064760
3.064800
3.064840
3.064880
3.064920
3.064920
3.064960
3.064960
3.065000
3.065040
3.065080
3.065080
3.065080
3.065120
3.065160
3.065160
3.065200
3.065240
3.065240
3.065280
3.065320
3.065360
3.065400
3.065400
3.065440
3.065440
3.065480
3.065520
3.065560
3.065600
3.065600
3.065600
3.065600
3.065600
3.065640
3.065680
3.065720
3.065760
3.065760
3.065800
3.065840
3.065880
3.065920
3.065960
3.066000
3.066040
3.066080
3.066120
3.066160
3.066200
3.066200
3.066200
3.066240
3.066280
3.066320
3.066320
3.066320
3.066360
3.066400
3.066440
3.066480
3.066520
3.066560
3.066600
3.066640
3.066640
3.066680
3.066680
3.066720
3.066760
3.066800
3.066840
3.066880
3.066920
3.066920
3.066920
3.066960
3.067000
3.067040
3.067080
3.067080
3.067120
3.067160
3.067200
3.067240
3.067280
3.067320
3.067360
3.067400
3.067440
3.067480
3.067520
3.067560
3.067560
3.067600
3.067640
3.067680
3.067720
3.067760
3.067800
3.067840
3.067880
3.067920
3.067960
3.068000
3.068040
3.068080
3.068120
3.068160
3.068200
3.068240
3.068280
3.068280
3.068280
3.068320
3.068360
3.068400
3.068440
3.068480
3.068520
3.068560
3.068600
3.068640
3.068680
3.068720
3.068720
3.068760
3.068800
3.068840
3.068880
3.068920
3.068960
3.069000
3.069000
3.069040
3.069080
3.069120
3.069120
3.069160
3.069160
3.069200
3.069240
3.069280
3.069320
3.069360
3.069400
3.069440
3.069480
3.069520
3.069560
3.069600
3.069600
3.069640
3.069680
3.069720
3.069720
3.069760
3.069800
3.069840
3.069880
3.069920
3.069960
3.070000
3.070000
3.070040
3.070080
3.070120
3.070120
3.070160
3.070200
3.070240
3.070280
3.070280
3.070320
3.070360
3.070400
3.070400
3.070440
3.070480
3.070520
3.070520
3.070520
3.070560
3.070600
3.070640
3.070680
3.070720
3.070760
3.070800
3.070840
3.070880
3.070920
3.070960
3.071000
3.071040
3.071080
3.071120
3.071120
3.071160
3.071200
3.071240
3.071280
3.071280
3.071320
3.071360
3.071360
3.071400
3.071440
3.071480
3.071480
3.071520
3.071560
3.071600
3.071640
3.071680
3.071720
3.071760
3.071800
3.071840
3.071840
3.071840
3.071880
3.071920
3.071960
3.072000
3.072040
3.072080
3.072120
3.072160
3.072200
3.072240
3.072280
3.072320
3.072360
3.072400
3.072400
3.072400
3.072440
3.072440
3.072480
3.072480
3.072520
3.072560
3.072560
3.072600
3.072640
3.072680
3.072720
3.072760
3.072760
3.072760
3.072800
3.072800
3.072840
3.072880
3.072920
3.072960
3.073000
3.073000
3.073040
3.073080
3.073120
3.073160
3.073200
3.073200
3.073240
3.073280
3.073320
3.073360
3.073400
3.073440
3.073440
3.073440
3.073480
3.073520
3.073560
3.073600
3.073600
3.073640
3.073680
3.073720
3.073760
3.073760
3.073760
3.073800
3.073840
3.073880
3.073920
3.073960
3.074000
3.074040
3.074080
3.074120
3.074120
3.074160
3.074200
3.074240
3.074280
3.074320
3.074360
3.074400
3.074440
3.074480
3.074520
3.074560
3.074600
3.074640
3.074680
3.074720
3.074720
3.074760
3.074760
3.074760
3.074800
3.074840
3.074880
3.074920
3.074960
3.074960
3.074960
3.075000
3.075000
3.075000
3.075040
3.075040
3.075040
3.075080
3.075120
3.075160
3.075200
3.075240
3.075280
3.075320
3.075360
3.075400
3.075440
3.075440
3.075440
3.075440
3.075480
3.075520
3.075520
3.075560
3.075560
3.075600
3.075640
3.075640
3.075680
3.075680
3.075720
3.075760
3.075800
3.075840
3.075880
3.075880
3.075920
3.075920
3.075960
3.076000
3.076000
3.076000
3.076040
3.076080
3.076120
3.076120
3.076160
3.076200
3.076240
3.076280
3.076320
3.076360
3.076400
3.076440
3.076480
3.076520
3.076560
3.076600
3.076640
3.076640
3.076640
3.076680
3.076720
3.076760
3.076760
3.076800
3.076840
3.076840
3.076880
3.076920
3.076960
3.077000
3.077040
3.077080
3.077120
3.077120
3.077120
3.077160
3.077160
3.077200
3.077240
3.077280
3.077320
3.077320
3.077360
3.077400
3.077440
3.077480
3.077520
3.077560
3.077600
3.077640
3.077680
3.077720
3.077720
3.077760
3.077760
3.077800
3.077800
3.077840
3.077880
3.077880
3.077920
3.077960
3.078000
3.078000
3.078000
3.078040
3.078080
3.078120
3.078160
3.078200
3.078240
3.078240
3.078280
3.078320
3.078360
3.078400
3.078440
3.078480
3.078520
3.078520
3.078560
3.078600
3.078640
3.078680
3.078720
3.078720
3.078720
3.078760
3.078760
3.078800
3.078840
3.078880
3.078920
3.078920
3.078920
3.078960
3.079000
3.079040
3.079080
3.079120
3.079160
3.079200
3.079240
3.079280
3.079320
3.079360
3.079400
3.079440
3.079480
3.079520
3.079560
3.079560
3.079600
3.079600
3.079640
3.079680
3.079720
3.079760
3.079800
3.079840
3.079880
3.079880
3.079920
3.079960
3.080000
3.080040
3.080080
3.080120
3.080160
3.080200
3.080240
3.080240
3.080280
3.080320
3.080360
3.080400
3.080440
3.080440
3.080480
3.080520
3.080560
3.080600
3.080640
3.080680
3.080680
3.080680
3.080680
3.080720
3.080760
3.080760
3.080800
3.080800
3.080800
3.080840
3.080840
3.080840
3.080840
3.080840
3.080880
3.080920
3.080960
3.081000
3.081040
3.081080
3.081120
3.081160
3.081200
3.081240
3.081280
3.081320
3.081360
3.081400
3.081440
3.081480
3.081520
3.081560
3.081560
3.081600
3.081640
3.081680
3.081680
3.081720
3.081760
3.081760
3.081800
3.081840
3.081880
3.081920
3.081960
3.082000
3.082040
3.082040
3.082080
3.082120
3.082160
3.082200
3.082200
3.082240
3.082280
3.082280
3.082320
3.082360
3.082400
3.082440
3.082480
3.082520
3.082520
3.082520
3.082560
3.082600
3.082640
3.082640
3.082680
3.082720
3.082760
3.082800
3.082840
3.082880
3.082920
3.082960
3.083000
3.083040
3.083080
3.083080
3.083120
3.083160
3.083160
3.083200
3.083240
3.083280
3.083320
3.083360
3.083360
3.083400
3.083440
3.083440
3.083480
3.083480
3.083520
3.083560
3.083600
3.083600
3.083600
3.083600
3.083640
3.083680
3.083720
3.083760
3.083800
3.083800
3.083840
3.083880
3.083920
3.083960
3.084000
3.084040
3.084080
3.084120
3.084160
3.084200
3.084240
3.084280
3.084320
3.084360
3.084400
3.084440
3.084480
3.084520
3.084520
3.084520
3.084560
3.084600
3.084640
3.084640
3.084680
3.084680
3.084720
3.084760
3.084800
3.084800
3.084840
3.084880
3.084880
3.084920
3.084920
3.084960
3.085000
3.085040
3.085080
3.085120
3.085160
3.085200
3.085200
3.085240
3.085280
3.085320
3.085360
3.085400
3.085440
3.085480
3.085520
3.085560
3.085600
3.085640
3.085680
3.085720
3.085760
3.085760
3.085760
3.085800
3.085800
3.085840
3.085880
3.085920
3.085960
3.085960
3.086000
3.086040
3.086080
3.086080
3.086120
3.086160
3.086200
3.086240
3.086240
3.086280
3.086280
3.086280
3.086320
3.086360
3.086360
3.086400
3.086440
3.086480
3.086480
3.086520
3.086560
3.086600
3.086640
3.086680
3.086720
3.086760
3.086800
3.086840
3.086880
3.086920
3.086960
3.087000
3.087040
3.087080
3.087120
3.087120
3.087160
3.087200
3.087240
3.087280
3.087320
3.087360
3.087360
3.087400
3.087440
3.087440
3.087480
3.087520
3.087520
3.087560
3.087600
3.087640
3.087680
3.087720
3.087760
3.087800
3.087840
3.087880
3.087920
3.087920
3.087960
3.088000
3.088000
3.088040
3.088080
3.088120
3.088160
3.088200
3.088240
3.088280
3.088320
3.088360
3.088400
3.088400
3.088400
3.088400
3.088440
3.088440
3.088480
3.088520
3.088560
3.088600
3.088640
3.088680
3.088720
3.088760
3.088800
3.088840
3.088880
3.088920
3.088960
3.088960
3.089000
3.089040
3.089040
3.089080
3.089080
3.089120
3.089160
3.089200
3.089200
3.089240
3.089280
3.089320
3.089360
3.089400
3.089400
3.089440
3.089480
3.089520
3.089560
3.089600
3.089640
3.089680
3.089720
3.089760
3.089800
3.089840
3.089880
3.089920
3.089960
3.089960
3.090000
3.090040
3.090080
3.090120
3.090120
3.090120
3.090120
3.090160
3.090160
3.090200
3.090240
3.090280
3.090320
3.090360
3.090400
3.090400
3.090400
3.090440
3.090480
3.090520
3.090520
3.090560
3.090600
3.090640
3.090680
3.090720
3.090760
3.090800
3.090800
3.090840
3.090880
3.090920
3.090960
3.090960
3.091000
3.091040
3.091040
3.091080
3.091120
3.091160
3.091200
3.091240
3.091240
3.091280
3.091320
3.091360
3.091360
3.091400
3.091400
3.091440
3.091480
3.091520
3.091560
3.091600
3.091640
3.091680
3.091720
3.091760
3.091800
3.091800
3.091840
3.091880
3.091920
3.091960
3.091960
3.092000
3.092040
3.092080
3.092120
3.092120
3.092160
3.092160
3.092200
3.092240
3.092280
3.092320
3.092360
3.092400
3.092440
3.092480
3.092520
3.092520
3.092560
3.092560
3.092600
3.092640
3.092640
3.092640
3.092680
3.092720
3.092760
3.092800
3.092840
3.092880
3.092920
3.092960
3.092960
3.093000
3.093040
3.093040
3.093080
3.093120
3.093160
3.093200
3.093200
3.093200
3.093240
3.093280
3.093280
3.093320
3.093360
3.093400
3.093440
3.093480
3.093480
3.093520
3.093560
3.093600
3.093640
3.093640
3.093680
3.093720
3.093760
3.093760
3.093800
3.093840
3.093880
3.093880
3.093920
3.093960
3.094000
3.094000
3.094040
3.094080
3.094120
3.094160
3.094200
3.094240
3.094280
3.094320
3.094360
3.094360
3.094400
3.094440
3.094480
3.094520
3.094560
3.094560
3.094600
3.094640
3.094680
3.094680
3.094680
3.094720
3.094760
3.094760
3.094800
3.094800
3.094840
3.094880
3.094880
3.094920
3.094960
3.095000
3.095040
3.095040
3.095080
3.095120
3.095160
3.095200
3.095240
3.095280
3.095280
3.095320
3.095360
3.095400
3.095440
3.095480
3.095520
3.095520
3.095560
3.095600
3.095640
3.095680
3.095720
3.095760
3.095760
3.095800
3.095840
3.095880
3.095920
3.095960
3.095960
3.095960
3.096000
3.096000
3.096040
3.096080
3.096120
3.096160
3.096200
3.096240
3.096280
3.096320
3.096320
3.096360
3.096400
3.096440
3.096480
3.096520
3.096520
3.096560
3.096600
3.096640
3.096680
3.096720
3.096760
3.096800
3.096800
3.096840
3.096880
3.096880
3.096920
3.096920
3.096960
3.097000
3.097000
3.097000
3.097040
3.097080
3.097120
3.097160
3.097160
3.097200
3.097240
3.097280
3.097320
3.097320
3.097360
3.097400
3.097440
3.097480
3.097520
3.097520
3.097560
3.097600
3.097640
3.097680
3.097680
3.097720
3.097760
3.097800
3.097840
3.097840
3.097880
3.097880
3.097920
3.097960
3.098000
3.098000
3.098040
3.098040
3.098080
3.098120
3.098160
3.098200
3.098240
3.098280
3.098320
3.098360
3.098400
3.098440
3.098480
3.098480
3.098520
3.098560
3.098600
3.098640
3.098640
3.098640
3.098680
3.098720
3.098760
3.098800
3.098840
3.098880
3.098920
3.098960
3.099000
3.099000
3.099040
3.099080
3.099120
3.099160
3.099200
3.099240
3.099280
3.099320
3.099360
3.099360
3.099400
3.099440
3.099480
3.099520
3.099560
3.099600
3.099600
3.099640
3.099680
3.099720
3.099760
3.099800
3.099840
3.099840
3.099840
3.099880
3.099920
3.099960
3.100000
3.100040
3.100040
3.100080
3.100120
3.100160
3.100160
3.100160
3.100160
3.100200
3.100240
3.100280
3.100320
3.100360
3.100400
3.100440
3.100480
3.100520
3.100520
3.100560
3.100600
3.100640
3.100680
3.100720
3.100760
3.100760
3.100760
3.100800
3.100840
3.100880
3.100920
3.100920
3.100960
3.101000
3.101040
3.101040
3.101040
3.101080
3.101080
3.101080
3.101120
3.101120
3.101160
3.101160
3.101160
3.101200
3.101240
3.101240
3.101280
3.101320
3.101360
3.101400
3.101440
3.101480
3.101480
3.101520
3.101560
3.101560
3.101600
3.101640
3.101680
3.101720
3.101760
3.101800
3.101840
3.101880
3.101920
3.101920
3.101960
3.102000
3.102040
3.102040
3.102080
3.102080
3.102120
3.102160
3.102200
3.102240
3.102280
3.102320
3.102360
3.102400
3.102440
3.102480
3.102520
3.102520
3.102560
3.102600
3.102640
3.102680
3.102720
3.102760
3.102800
3.102800
3.102840
3.102880
3.102920
3.102960
3.102960
3.103000
3.103040
3.103040
3.103080
3.103120
3.103120
3.103160
3.103200
3.103200
3.103240
3.103280
3.103320
3.103360
3.103400
3.103440
3.103480
3.103480
3.103520
3.103560
3.103560
3.103600
3.103640
3.103680
3.103720
3.103760
3.103760
3.103800
3.103840
3.103880
3.103920
3.103960
3.103960
3.104000
3.104040
3.104080
3.104120
3.104120
3.104160
3.104200
3.104200
3.104240
3.104280
3.104320
3.104360
3.104400
3.104440
3.104480
3.104480
3.104520
3.104520
3.104560
3.104600
3.104640
3.104640
3.104680
3.104720
3.104760
3.104800
3.104840
3.104840
3.104880
3.104920
3.104960
3.105000
3.105000
3.105040
3.105080
3.105120
3.105160
3.105160
3.105200
3.105240
3.105280
3.105320
3.105360
3.105400
3.105400
3.105440
3.105480
3.105520
3.105560
3.105600
3.105640
3.105680
3.105680
3.105680
3.105720
3.105760
3.105800
3.105840
3.105880
3.105920
3.105920
3.105960
3.106000
3.106040
3.106080
3.106080
3.106120
3.106120
3.106160
3.106200
3.106240
3.106280
3.106320
3.106320
3.106320
3.106360
3.106360
3.106400
3.106440
3.106440
3.106440
3.106480
3.106520
3.106560
3.106600
3.106640
3.106680
3.106680
3.106720
3.106760
3.106800
3.106840
3.106840
3.106880
3.106920
3.106960
3.107000
3.107040
3.107080
3.107120
3.107160
3.107160
3.107200
3.107240
3.107280
3.107320
3.107360
3.107400
3.107400
3.107440
3.107480
3.107520
3.107560
3.107600
3.107600
3.107640
3.107680
3.107720
3.107760
3.107800
3.107840
3.107880
3.107920
3.107960
3.108000
3.108040
3.108040
3.108080
3.108120
3.108160
3.108200
3.108240
3.108280
3.108320
3.108360
3.108400
3.108440
3.108480
3.108480
3.108520
3.108560
3.108600
3.108600
3.108640
3.108680
3.108720
3.108760
3.108800
3.108840
3.108880
3.108920
3.108960
3.109000
3.109000
3.109040
3.109080
3.109120
3.109160
3.109200
3.109240
3.109280
3.109320
3.109360
3.109400
3.109440
3.109480
3.109520
3.109560
3.109560
3.109560
3.109560
3.109600
3.109640
3.109680
3.109720
3.109720
3.109760
3.109800
3.109840
3.109880
3.109920
3.109960
3.109960
3.110000
3.110040
3.110080
3.110080
3.110120
3.110120
3.110160
3.110160
3.110200
3.110240
3.110280
3.110320
3.110360
3.110360
3.110400
3.110440
3.110480
3.110520
3.110560
3.110600
3.110640
3.110680
3.110720
3.110760
3.110800
3.110840
3.110880
3.110880
3.110920
3.110920
3.110960
3.110960
3.110960
3.111000
3.111040
3.111040
3.111080
3.111120
3.111160
3.111200
3.111240
3.111280
3.111320
3.111320
3.111360
3.111400
3.111440
3.111480
3.111520
3.111520
3.111560
3.111600
3.111600
3.111640
3.111680
3.111680
3.111720
3.111760
3.111800
3.111840
3.111880
3.111920
3.111960
3.111960
3.112000
3.112040
3.112040
3.112080
3.112120
3.112160
3.112200
3.112240
3.112240
3.112280
3.112320
3.112360
3.112400
3.112440
3.112440
3.112480
3.112520
3.112520
3.112560
3.112600
3.112640
3.112680
3.112720
3.112760
3.112800
3.112840
3.112880
3.112920
3.112960
3.112960
3.113000
3.113040
3.113080
3.113120
3.113120
3.113120
3.113120
3.113160
3.113160
3.113200
3.113200
3.113240
3.113280
3.113320
3.113360
3.113400
3.113440
3.113480
3.113520
3.113560
3.113600
3.113600
3.113600
3.113640
3.113640
3.113680
3.113720
3.113720
3.113760
3.113760
3.113800
3.113840
3.113880
3.113920
3.113960
3.114000
3.114000
3.114040
3.114080
3.114120
3.114160
3.114200
3.114200
3.114240
3.114280
3.114320
3.114320
3.114320
3.114360
3.114400
3.114440
3.114480
3.114520
3.114560
3.114600
3.114640
3.114680
3.114720
3.114760
3.114800
3.114840
3.114880
3.114920
3.114960
3.115000
3.115000
3.115040
3.115080
3.115120
3.115160
3.115200
3.115240
3.115280
3.115320
3.115360
3.115360
3.115400
3.115440
3.115480
3.115480
3.115480
3.115520
3.115520
3.115520
3.115560
3.115600
3.115600
3.115640
3.115680
3.115720
3.115760
3.115800
3.115840
3.115840
3.115880
3.115920
3.115960
3.116000
3.116040
3.116040
3.116080
3.116120
3.116160
3.116200
3.116240
3.116280
3.116320
3.116360
3.116400
3.116440
3.116480
3.116520
3.116520
3.116560
3.116600
3.116640
3.116680
3.116720
3.116760
3.116800
3.116840
3.116880
3.116920
3.116920
3.116960
3.117000
3.117000
3.117000
3.117000
3.117040
3.117040
3.117040
3.117080
3.117080
3.117120
3.117160
3.117160
3.117200
3.117240
3.117280
3.117320
3.117360
3.117360
3.117400
3.117400
3.117440
3.117480
3.117520
3.117560
3.117600
3.117600
3.117640
3.117680
3.117720
3.117760
3.117800
3.117840
3.117880
3.117920
3.117920
3.117960
3.118000
3.118000
3.118040
3.118080
3.118120
3.118160
3.118160
3.118200
3.118200
3.118240
3.118280
3.118320
3.118360
3.118400
3.118440
3.118480
3.118520
3.118560
3.118600
3.118640
3.118680
3.118680
3.118680
3.118720
3.118760
3.118800
3.118840
3.118880
3.118920
3.118960
3.119000
3.119040
3.119080
3.119120
3.119160
3.119200
3.119240
3.119280
3.119320
3.119320
3.119360
3.119400
3.119440
3.119440
3.119480
3.119520
3.119560
3.119560
3.119600
3.119640
3.119680
3.119720
3.119760
3.119800
3.119800
3.119840
3.119840
3.119880
3.119920
3.119960
3.120000
3.120040
3.120080
3.120080
3.120080
3.120120
3.120160
3.120200
3.120240
3.120280
3.120320
3.120360
3.120400
3.120440
3.120440
3.120480
3.120520
3.120560
3.120600
3.120600
3.120640
3.120680
3.120720
3.120760
3.120800
3.120800
3.120840
3.120880
3.120920
3.120960
3.120960
3.120960
3.120960
3.120960
3.121000
3.121040
3.121080
3.121120
3.121120
3.121160
3.121200
3.121240
3.121280
3.121320
3.121360
3.121400
3.121440
3.121480
3.121520
3.121560
3.121600
3.121640
3.121680
3.121720
3.121720
3.121760
3.121800
3.121840
3.121840
3.121880
3.121920
3.121960
3.122000
3.122040
3.122080
3.122120
3.122160
3.122200
3.122240
3.122280
3.122320
3.122360
3.122360
3.122360
3.122400
3.122440
3.122440
3.122480
3.122480
3.122520
3.122520
3.122560
3.122600
3.122640
3.122680
3.122720
3.122760
3.122800
3.122800
3.122840
3.122880
3.122920
3.122960
3.123000
3.123040
3.123040
3.123080
3.123080
3.123080
3.123120
3.123160
3.123160
3.123160
3.123200
3.123240
3.123280
3.123320
3.123360
3.123360
3.123400
3.123440
3.123440
3.123480
3.123480
3.123520
3.123560
3.123600
3.123640
3.123680
3.123720
3.123760
3.123800
3.123840
3.123840
3.123880
3.123920
3.123920
3.123960
3.123960
3.124000
3.124000
3.124040
3.124040
3.124080
3.124120
3.124160
3.124200
3.124240
3.124280
3.124320
3.124360
3.124400
3.124440
3.124440
3.124480
3.124520
3.124560
3.124600
3.124640
3.124680
3.124680
3.124680
3.124720
3.124760
3.124800
3.124840
3.124840
3.124880
3.124920
3.124920
3.124960
3.125000
3.125040
3.125080
3.125080
3.125120
3.125160
3.125200
3.125200
3.125200
3.125240
3.125280
3.125320
3.125320
3.125360
3.125400
3.125400
3.125440
3.125480
3.125520
3.125560
3.125560
3.125600
3.125640
3.125680
3.125720
3.125760
3.125760
3.125800
3.125840
3.125880
3.125880
3.125920
3.125920
3.125960
3.125960
3.126000
3.126040
3.126080
3.126120
3.126160
3.126160
3.126200
3.126240
3.126280
3.126320
3.126360
3.126400
3.126440
3.126480
3.126520
3.126560
3.126560
3.126560
3.126560
3.126600
3.126640
3.126680
3.126680
3.126720
3.126760
3.126800
3.126840
3.126880
3.126920
3.126960
3.127000
3.127040
3.127040
3.127080
3.127080
3.127120
3.127160
3.127200
3.127240
3.127280
3.127280
3.127280
3.127320
3.127360
3.127400
3.127440
3.127480
3.127520
3.127560
3.127600
3.127640
3.127680
3.127680
3.127720
3.127760
3.127800
3.127800
3.127840
3.127880
3.127920
3.127960
3.128000
3.128040
3.128080
3.128120
3.128160
3.128200
3.128240
3.128240
3.128240
3.128280
3.128320
3.128360
3.128400
3.128440
3.128480
3.128520
3.128520
3.128560
3.128600
3.128600
3.128640
3.128680
3.128720
3.128760
3.128800
3.128840
3.128880
3.128920
3.128960
3.129000
3.129040
3.129080
3.129120
3.129160
3.129200
3.129240
3.129280
3.129320
3.129360
3.129400
3.129440
3.129480
3.129520
3.129560
3.129600
3.129640
3.129680
3.129720
3.129760
3.129800
3.129840
3.129880
3.129880
3.129920
3.129960
3.129960
3.129960
3.130000
3.130040
3.130080
3.130080
3.130120
3.130120
3.130160
3.130200
3.130240
3.130280
3.130320
3.130360
3.130400
3.130440
3.130480
3.130520
3.130520
3.130560
3.130600
3.130640
3.130680
3.130720
3.130760
3.130800
3.130840
3.130880
3.130880
3.130920
3.130960
3.131000
3.131000
3.131040
3.131080
3.131120
3.131160
3.131200
3.131200
3.131240
3.131240
3.131280
3.131320
3.131360
3.131360
3.131400
3.131440
3.131480
3.131520
3.131560
3.131600
3.131640
3.131680
3.131720
3.131760
3.131800
3.131840
3.131840
3.131880
3.131920
3.131960
3.131960
3.132000
3.132040
3.132080
3.132120
3.132120
3.132160
3.132200
3.132240
3.132240
3.132280
3.132320
3.132360
3.132400
3.132440
3.132480
3.132480
3.132520
3.132560
3.132600
3.132640
3.132680
3.132680
3.132720
3.132760
3.132800
3.132840
3.132880
3.132920
3.132960
3.133000
3.133040
3.133080
3.133120
3.133160
3.133200
3.133240
3.133280
3.133280
3.133320
3.133320
3.133360
3.133400
3.133440
3.133440
3.133480
3.133480
3.133520
3.133560
3.133600
3.133640
3.133680
3.133720
3.133760
3.133800
3.133840
3.133840
3.133840
3.133880
3.133920
3.133920
3.133960
3.134000
3.134040
3.134080
3.134120
3.134160
3.134200
3.134240
3.134280
3.134320
3.134360
3.134400
3.134400
3.134440
3.134440
3.134480
3.134520
3.134520
3.134560
3.134600
3.134640
3.134680
3.134720
3.134760
3.134760
3.134800
3.134840
3.134880
3.134920
3.134960
3.135000
3.135000
3.135040
3.135040
3.135080
3.135120
3.135120
3.135120
3.135160
3.135200
3.135240
3.135240
3.135280
3.135320
3.135360
3.135400
3.135440
3.135480
3.135520
3.135560
3.135560
3.135600
3.135600
3.135640
3.135680
3.135720
3.135760
3.135800
3.135840
3.135840
3.135880
3.135920
3.135960
3.136000
3.136040
3.136080
3.136120
3.136160
3.136200
3.136200
3.136240
3.136280
3.136320
3.136320
3.136360
3.136400
3.136440
3.136480
3.136480
3.136520
3.136560
3.136600
3.136640
3.136680
3.136680
3.136720
3.136760
3.136800
3.136800
3.136840
3.136880
3.136920
3.136920
3.136960
3.137000
3.137040
3.137080
3.137120
3.137160
3.137200
3.137240
3.137280
3.137320
3.137320
3.137360
3.137400
3.137400
3.137440
3.137480
3.137520
3.137560
3.137600
3.137640
3.137680
3.137720
3.137720
3.137760
3.137800
3.137840
3.137880
3.137880
3.137920
3.137960
3.138000
3.138000
3.138040
3.138080
3.138120
3.138160
3.138200
3.138240
3.138280
3.138280
3.138320
3.138360
3.138360
3.138360
3.138360
3.138360
3.138400
3.138440
3.138440
3.138480
3.138480
3.138520
3.138560
3.138600
3.138640
3.138680
3.138720
3.138760
3.138800
3.138840
3.138880
3.138920
3.138960
3.139000
3.139040
3.139080
3.139120
3.139160
3.139200
3.139240
3.139280
3.139320
3.139360
3.139400
3.139440
3.139480
3.139520
3.139560
3.139600
3.139600
3.139640
3.139680
3.139680
3.139720
3.139760
3.139800
3.139840
3.139840
3.139880
3.139920
3.139960
3.139960
3.140000
3.140040
3.140080
3.140120
3.140160
3.140200
3.140240
3.140280
3.140320
3.140360
